notebook,cell_id,cell_type,src_lang,src_hash,text_fr,text_en,text_es,text_ar,text_fa,text_zh,text_ru,text_pt,hash_fr,hash_en,hash_es,hash_ar,hash_fa,hash_zh,hash_ru,hash_pt,translate_policy
MyIA.AI.Notebooks/Complexity/Complexity-01-StepCounting.ipynb,d8ec7793,markdown,fr,0be600718fa81947,"# Complexity-01 — Compter des pas

**Navigation** : [Index de la série](README.md) | [Complexity-02 — Vérifier ou trouver >>](Complexity-02-P-NP-Reduction.ipynb)

> **Public : Découverte.** Premier notebook de la série `Complexity/`. Il ne suppose aucune
> notion de théorie de la complexité : tout ce qu'il utilise est construit ici, cellule par cellule.

## Ce que ce notebook suppose

- lire un programme Python simple : boucles `for` et `while`, fonctions, listes, dictionnaires ;
- savoir ce que font un tri et une recherche dans une liste.

Rien d'autre : ni notation $O$, ni machine de Turing, ni classe de complexité.

## Ce que vous saurez faire à la fin

1. expliquer pourquoi on mesure le coût d'un algorithme en **nombre de pas** plutôt qu'en secondes ;
2. définir la **taille d'une entrée** et la **fonction de coût** d'un algorithme ;
3. faire tourner une petite machine de Turing et compter ses pas ;
4. reconnaître à la mesure trois croissances, $n \log n$, $n^2$ et $2^n$, grâce au **test du doublement** ;
5. dire, pour chacune, quelle taille d'entrée reste traitable en une seconde, une minute, un jour.

**Durée estimée** : 45 minutes.",,,,,,,,0be600718fa81947,,,,,,,,
MyIA.AI.Notebooks/Complexity/Complexity-01-StepCounting.ipynb,9f41869b,code,fr,a6bb9323697af0da,"import math
import time

import numpy as np
import matplotlib.pyplot as plt",,,,,,,,a6bb9323697af0da,,,,,,,,
MyIA.AI.Notebooks/Complexity/Complexity-01-StepCounting.ipynb,2225ba45,markdown,fr,ae1b99b7fc4c7620,"## 1. Le chronomètre ment un peu

Le réflexe naturel pour savoir si un programme est rapide, c'est de le chronométrer. Faisons-le :
la même fonction, sur la même liste, exécutée sept fois de suite.

La fonction `somme` additionne un million d'entiers. Elle tient aussi un compteur `pas`,
augmenté de 1 à chaque addition : c'est la mesure que ce notebook va opposer au chronomètre.
Si le temps mesuré était une propriété du programme, les sept essais devraient afficher le
même nombre de millisecondes. Regardez ce qui varie d'un essai à l'autre, et ce qui ne varie pas.",,,,,,,,ae1b99b7fc4c7620,,,,,,,,
MyIA.AI.Notebooks/Complexity/Complexity-01-StepCounting.ipynb,77ba91f0,code,fr,f8663e8d679262f8,"def somme(liste):
    total = 0
    pas = 0
    for x in liste:
        total += x
        pas += 1          # un pas = une addition
    return total, pas


donnees = list(range(1_000_000))
chronos = []
for essai in range(7):
    t0 = time.perf_counter()
    total, pas = somme(donnees)
    chronos.append(time.perf_counter() - t0)

for essai, t in enumerate(chronos, start=1):
    print(f""essai {essai} : {t * 1000:7.2f} ms   |   {pas:,} pas"".replace("","", "" ""))
print()
print(f""ecart chrono le plus lent / le plus rapide : x{max(chronos) / min(chronos):.2f}"")
print(f""nombre de pas : identique aux 7 essais ({pas:,})"".replace("","", "" ""))",,,,,,,,f8663e8d679262f8,,,,,,,,
MyIA.AI.Notebooks/Complexity/Complexity-01-StepCounting.ipynb,ace54f6a,markdown,fr,585f32fab5bcd341,"**Lecture.** Les sept chronos ne coïncident pas : l'écart affiché dépend de ce que fait la
machine au même moment (autres programmes, fréquence du processeur, mémoire cache). Sur un autre
ordinateur, ou dans un autre langage, ils seraient tous différents. Le **nombre de pas**, lui, est
le même aux sept essais — et il serait le même sur n'importe quelle machine : c'est une
propriété de l'**algorithme**, pas de l'ordinateur.

C'est tout le point de départ de la théorie de la complexité : on ne demande pas « combien de
secondes ? » mais « **combien de pas** ? ». Le chronomètre reste utile pour confirmer une mesure ;
il ne sert pas à la définir.",,,,,,,,585f32fab5bcd341,,,,,,,,
MyIA.AI.Notebooks/Complexity/Complexity-01-StepCounting.ipynb,f22ec4eb,markdown,fr,27535a4ab6a3d057,"## 2. Taille d'entrée et fonction de coût

Un algorithme ne coûte pas « 1000 pas » dans l'absolu : son coût dépend de l'entrée qu'on lui
donne. On résume une entrée par sa **taille** $n$ — le nombre d'éléments d'une liste, le nombre de
caractères d'un mot — et on étudie comment le nombre de pas évolue quand $n$ grandit.

Premier exemple : chercher une valeur dans une liste non triée en la parcourant du début à la fin.
Un pas = une comparaison.",,,,,,,,27535a4ab6a3d057,,,,,,,,
MyIA.AI.Notebooks/Complexity/Complexity-01-StepCounting.ipynb,c42b1359,code,fr,f494d703b66274df,"def recherche_lineaire(liste, x):
    comparaisons = 0
    for i, v in enumerate(liste):
        comparaisons += 1
        if v == x:
            return i, comparaisons
    return -1, comparaisons


print(f""{'n':>7} | {'meilleur cas':>12} | {'pire cas':>9} | pire cas / n"")
print(""-"" * 48)
for n in (10, 100, 1_000, 10_000, 100_000):
    liste = list(range(n))
    _, meilleur = recherche_lineaire(liste, 0)        # la valeur est en tete
    _, pire = recherche_lineaire(liste, -1)           # la valeur est absente
    print(f""{n:>7} | {meilleur:>12} | {pire:>9} | {pire / n:>11.2f}"")",,,,,,,,f494d703b66274df,,,,,,,,
MyIA.AI.Notebooks/Complexity/Complexity-01-StepCounting.ipynb,c3a73186,markdown,fr,e6e6dc7dd9409791,"**Lecture.** Pour une même taille $n$, le coût varie selon l'entrée : **1** comparaison si la
valeur est en tête, **$n$** si elle est absente. On retient en général le **pire cas** : la
**fonction de coût** $T(n)$ est le plus grand nombre de pas que l'algorithme peut faire sur une
entrée de taille $n$. Ici la dernière colonne vaut exactement 1 : $T(n) = n$. La recherche
linéaire a un coût **linéaire** — doubler la liste double le travail dans le pire cas.

Ce vocabulaire suffit pour la suite : **taille** $n$, **pas**, **pire cas**, **fonction de coût** $T(n)$.",,,,,,,,e6e6dc7dd9409791,,,,,,,,
MyIA.AI.Notebooks/Complexity/Complexity-01-StepCounting.ipynb,517e9b0c,markdown,fr,fc46f7b216ef5b6c,"## 3. Une machine qui compte ses pas : la machine de Turing

« Un pas » d'un programme Python reste un peu flou : une addition, un appel de fonction, une
lecture de liste coûtent-ils la même chose ? Pour rendre la notion **exacte**, les informaticiens
utilisent un modèle de machine où le pas est défini sans ambiguïté : la **machine de Turing**
(Alan Turing, 1936).

- un **ruban** infini découpé en cases, chaque case porte un symbole (`_` = case vide) ;
- une **tête** de lecture posée sur une case ;
- un **état** courant, pris dans une liste finie ;
- une **table de transitions** : pour chaque couple (état, symbole lu), elle dit quel symbole
  écrire, dans quel sens déplacer la tête (`L` gauche, `R` droite, `S` rester) et dans quel état passer.

**Un pas = une transition.** La machine s'arrête quand elle atteint un état acceptant, ou quand
aucune transition ne s'applique (elle rejette). Le simulateur ci-dessous accepte plusieurs rubans
(on n'en utilisera qu'un ici) et compte ses pas.

Première machine : ajouter 1 à un nombre écrit en binaire. Elle va au bout du mot, puis revient
vers la gauche en propageant la retenue.",,,,,,,,fc46f7b216ef5b6c,,,,,,,,
MyIA.AI.Notebooks/Complexity/Complexity-01-StepCounting.ipynb,148714a4,code,fr,80a0b6989cdf0ab9,"class Ruban:
    # Ruban infini aux deux extremites, symbole blanc '_'.
    def __init__(self, mot=""""):
        self.cellules = {i: c for i, c in enumerate(mot)}
        self.tete = 0

    def lire(self):
        return self.cellules.get(self.tete, ""_"")

    def ecrire(self, c):
        self.cellules[self.tete] = c

    def deplacer(self, d):
        self.tete += 1 if d == ""R"" else (-1 if d == ""L"" else 0)


class MachineTuring:
    # Machine a k rubans avec compteur de pas.
    # run() retourne l'etat d'arret : un etat acceptant, ou None (blocage = rejet, ou budget epuise).
    def __init__(self, k_rubans, transitions, etat_initial, etats_acceptants):
        self.k = k_rubans
        self.delta = transitions  # (etat, symboles lus) -> (nouvel etat, [(ecriture, deplacement)] * k)
        self.q0 = etat_initial
        self.F = set(etats_acceptants)
        self.pas = 0

    def run(self, mot, max_pas=100_000):
        rubans = [Ruban(mot) if i == 0 else Ruban() for i in range(self.k)]
        etat = self.q0
        self.pas = 0
        while etat not in self.F:
            if self.pas >= max_pas:
                return None, rubans  # budget epuise
            lus = tuple(r.lire() for r in rubans)
            if (etat, lus) not in self.delta:
                return None, rubans  # blocage : rejet
            etat, ecritures = self.delta[(etat, lus)]
            for r, (c, d) in zip(rubans, ecritures):
                r.ecrire(c)
                r.deplacer(d)
            self.pas += 1
        return etat, rubans


def lire_ruban(r):
    # Contenu du ruban, de la case la plus a gauche a la plus a droite, sans les blancs du bord.
    if not r.cellules:
        return """"
    debut, fin = min(r.cellules), max(r.cellules)
    return """".join(r.cellules.get(i, ""_"") for i in range(debut, fin + 1)).strip(""_"")


# --- Machine A : increment binaire, 1 ruban ---
inc = MachineTuring(
    1,
    {
        (""q0"", (""0"",)): (""q0"", ((""0"", ""R""),)),   # aller au bout du mot
        (""q0"", (""1"",)): (""q0"", ((""1"", ""R""),)),
        (""q0"", (""_"",)): (""q1"", ((""_"", ""L""),)),   # fin du mot : revenir d'une case
        (""q1"", (""1"",)): (""q1"", ((""0"", ""L""),)),   # 1 + retenue = 0, la retenue continue
        (""q1"", (""0"",)): (""qF"", ((""1"", ""S""),)),   # 0 + retenue = 1, termine
        (""q1"", (""_"",)): (""qF"", ((""1"", ""S""),)),   # debordement : nouveau chiffre en tete
    },
    ""q0"", [""qF""],
)

for mot, attendu in [(""1011"", ""1100""), (""0"", ""1""), (""111"", ""1000"")]:
    etat, rubans = inc.run(mot)
    resultat = lire_ruban(rubans[0])
    assert resultat == attendu, (mot, resultat)
    print(f""increment({mot!r:>7}) -> {resultat!r:>7} en {inc.pas} pas"")",,,,,,,,80a0b6989cdf0ab9,,,,,,,,
MyIA.AI.Notebooks/Complexity/Complexity-01-StepCounting.ipynb,7e03f4de,markdown,fr,901345c003c883a2,"**Lecture.** La machine donne le bon résultat sur les trois mots (l'`assert` le vérifie) et le
nombre de pas est **exact** : pour `'1011'`, 5 pas pour aller au bout du mot (4 chiffres, puis la
case vide) et 3 pas pour revenir en propageant la retenue. Aucun chronomètre n'intervient.

Deuxième machine, plus coûteuse : reconnaître un **palindrome** (un mot qui se lit pareil dans les
deux sens, comme `0110`). Avec une seule tête, la machine fait des allers-retours : elle raye le
premier symbole, court jusqu'au dernier, vérifie qu'il est identique, le raye, revient au début,
et recommence.",,,,,,,,901345c003c883a2,,,,,,,,
MyIA.AI.Notebooks/Complexity/Complexity-01-StepCounting.ipynb,07d3db50,code,fr,10b4f32fc5c3eb8d,"# --- Machine B : palindrome sur {0,1}, 1 ruban, allers-retours ---
# Comparer premier et dernier caractere, les rayer ('x'), recommencer.
# Rejet = etat puits 'rejeter' sans transition sortante -> blocage.
D = {}
D[(""scan"", (""0"",))] = (""marque0"", ((""x"", ""R""),))
D[(""scan"", (""1"",))] = (""marque1"", ((""x"", ""R""),))
D[(""scan"", (""x"",))] = (""scan"", ((""x"", ""R""),))
D[(""scan"", (""_"",))] = (""fin"", ((""_"", ""S""),))          # ruban epuise -> accepter
D[(""marque0"", (""0"",))] = (""marque0"", ((""0"", ""R""),))
D[(""marque0"", (""1"",))] = (""marque0"", ((""1"", ""R""),))
D[(""marque0"", (""x"",))] = (""verif0"", ((""x"", ""L""),))
D[(""marque0"", (""_"",))] = (""verif0"", ((""_"", ""L""),))
D[(""marque1"", (""0"",))] = (""marque1"", ((""0"", ""R""),))
D[(""marque1"", (""1"",))] = (""marque1"", ((""1"", ""R""),))
D[(""marque1"", (""x"",))] = (""verif1"", ((""x"", ""L""),))
D[(""marque1"", (""_"",))] = (""verif1"", ((""_"", ""L""),))
D[(""verif0"", (""0"",))] = (""retour"", ((""x"", ""L""),))      # dernier = 0 : rayer
D[(""verif1"", (""1"",))] = (""retour"", ((""x"", ""L""),))      # dernier = 1 : rayer
D[(""verif0"", (""1"",))] = (""rejeter"", ((""1"", ""S""),))     # different -> puits
D[(""verif1"", (""0"",))] = (""rejeter"", ((""0"", ""S""),))
D[(""verif0"", (""x"",))] = (""fin"", ((""x"", ""S""),))         # un seul caractere restant
D[(""verif1"", (""x"",))] = (""fin"", ((""x"", ""S""),))
for s in (""0"", ""1"", ""x""):
    D[(""retour"", (s,))] = (""retour"", ((s, ""L""),))
D[(""retour"", (""_"",))] = (""scan"", ((""_"", ""R""),))        # revenir au debut
pal = MachineTuring(1, D, ""scan"", [""fin""])

# Verification de correction avant toute mesure
for mot, attendu in [(""0110"", ""fin""), (""0100"", None), (""0"", ""fin""), (""0110110"", ""fin"")]:
    etat, _ = pal.run(mot)
    assert etat == attendu, f""pal({mot}) -> {etat}, attendu {attendu}""
print(""verifications : pal accepte 0110, 0110110, 0 ; rejette 0100 (blocage). OK"")

print()
print(f""{'n':>4} | {'pas inc':>8} | {'pas pal':>8} | {'pal / inc':>9} | {'pal / n^2':>9}"")
print(""-"" * 52)
for demi in (4, 8, 16, 32, 64):
    moitie = """".join(""01""[(i * 7) % 2] for i in range(demi))
    mot = moitie + moitie[::-1]        # palindrome de longueur n = 2 * demi
    n = len(mot)
    inc.run(mot)
    pal.run(mot, max_pas=500_000)
    print(f""{n:>4} | {inc.pas:>8} | {pal.pas:>8} | {pal.pas / inc.pas:>8.2f}x | {pal.pas / n ** 2:>9.3f}"")",,,,,,,,10b4f32fc5c3eb8d,,,,,,,,
MyIA.AI.Notebooks/Complexity/Complexity-01-StepCounting.ipynb,27e009d3,markdown,fr,1dd3e2d6f27ad455,"**Lecture.** Sur les mêmes mots, les deux machines ne vivent pas dans le même monde :

- la machine d'incrément fait $n + 2$ pas (colonne `pas inc`) : un aller, une retenue courte. Son
  coût est **linéaire** ;
- la machine palindrome fait de l'ordre de $n^2$ pas : la dernière colonne, `pal / n^2`, décroît
  de moins en moins vite (l'écart d'une ligne à la suivante est à peu près divisé par deux) et
  converge vers une constante. Son coût est **quadratique** : chaque symbole rayé coûte un
  aller-retour sur tout le mot.

Conséquence mesurée dans la colonne `pal / inc` : l'écart entre les deux machines **double** à
chaque doublement de $n$. Ce n'est pas une question de constante ou de machine plus rapide : c'est
la **forme** de la croissance qui diffère. C'est cette forme que la théorie de la complexité étudie.",,,,,,,,1dd3e2d6f27ad455,,,,,,,,
MyIA.AI.Notebooks/Complexity/Complexity-01-StepCounting.ipynb,314affd6,markdown,fr,3b9fae006e972037,"## 4. Trois croissances, un test : doubler $n$

Revenons à Python, en comptant les pas nous-mêmes, sur trois algorithmes aux comportements très
différents :

| Algorithme | Ce qu'il fait | Un pas = |
|---|---|---|
| **tri fusion** | coupe la liste en deux, trie chaque moitié, fusionne | une comparaison |
| **paire la plus proche** | compare toutes les paires de nombres | une comparaison |
| **tous les sous-ensembles** | examine chaque sous-ensemble d'une liste de poids et calcule sa somme | un sous-ensemble examiné |

Le **test du doublement** consiste à mesurer $T(2n) / T(n)$ : combien de fois plus de travail
quand l'entrée double ?",,,,,,,,3b9fae006e972037,,,,,,,,
MyIA.AI.Notebooks/Complexity/Complexity-01-StepCounting.ipynb,aa3dc3ef,code,fr,085ff19017b118ea,"def tri_fusion(liste, compteur):
    if len(liste) <= 1:
        return liste
    m = len(liste) // 2
    g = tri_fusion(liste[:m], compteur)
    d = tri_fusion(liste[m:], compteur)
    fusion, i, j = [], 0, 0
    while i < len(g) and j < len(d):
        compteur[0] += 1
        if g[i] <= d[j]:
            fusion.append(g[i])
            i += 1
        else:
            fusion.append(d[j])
            j += 1
    fusion.extend(g[i:])
    fusion.extend(d[j:])
    return fusion


def paire_la_plus_proche(liste, compteur):
    meilleur = math.inf
    for i in range(len(liste)):
        for j in range(i + 1, len(liste)):
            compteur[0] += 1
            meilleur = min(meilleur, abs(liste[i] - liste[j]))
    return meilleur


def sommes_de_tous_les_sous_ensembles(poids, compteur):
    # sommes[masque] = somme des poids choisis par les bits de masque ;
    # chaque somme se deduit d'une somme deja calculee en retirant le bit le plus bas.
    sommes = [0] * (2 ** len(poids))
    for masque in range(1, 2 ** len(poids)):
        bas = masque & -masque
        sommes[masque] = sommes[masque ^ bas] + poids[bas.bit_length() - 1]
        compteur[0] += 1
    compteur[0] += 1  # le sous-ensemble vide
    return sommes


def compter(algo, n, graine=0):
    rng = np.random.default_rng(graine)
    donnees = rng.integers(0, 10 ** 6, size=n).tolist()
    compteur = [0]
    resultat = algo(donnees, compteur)
    if algo is tri_fusion:
        assert resultat == sorted(donnees)       # le tri est correct
    return compteur[0]


def test_doublement(algo, tailles):
    pas = [compter(algo, n) for n in tailles]
    for k, (n, p) in enumerate(zip(tailles, pas)):
        rapport = """" if k == 0 else f""x{p / pas[k - 1]:.2f}""
        print(f""   n = {n:>6} : {p:>12,} pas   {rapport}"".replace("","", "" ""))
    return pas


print(""tri fusion (n double a chaque ligne)"")
pas_tri = test_doublement(tri_fusion, [1_000, 2_000, 4_000, 8_000, 16_000])
print(""paire la plus proche (n double a chaque ligne)"")
pas_paires = test_doublement(paire_la_plus_proche, [250, 500, 1_000, 2_000])
print(""tous les sous-ensembles (n double a chaque ligne)"")
pas_sous = test_doublement(sommes_de_tous_les_sous_ensembles, [5, 10, 20])
print(""tous les sous-ensembles (n augmente de 1 a chaque ligne)"")
pas_sous_1 = test_doublement(sommes_de_tous_les_sous_ensembles, [16, 17, 18, 19, 20])",,,,,,,,085ff19017b118ea,,,,,,,,
MyIA.AI.Notebooks/Complexity/Complexity-01-StepCounting.ipynb,0b703436,markdown,fr,4b3959fe14cc640b,"**Lecture.** Le test du doublement sépare nettement les trois algorithmes :

- **tri fusion** : quand $n$ double, le travail fait un peu plus que doubler (rapports affichés
  légèrement au-dessus de 2). C'est la signature de $n \log n$ : $2n \log(2n) / (n \log n) = 2 \cdot (1 + 1/\log_2 n)$ ;
- **paire la plus proche** : le travail est multiplié par **4** exactement à chaque doublement,
  car il y a $n(n-1)/2$ paires. C'est la signature de $n^2$ ;
- **tous les sous-ensembles** : le test du doublement n'a plus de sens, le rapport explose
  (×32 puis ×1024). La bonne question devient « que se passe-t-il quand $n$ augmente de **un** ? »
  — et la dernière table répond : le travail **double** à chaque élément ajouté. C'est la
  signature de $2^n$.

Un graphique en échelles logarithmiques rend la différence visible d'un coup d'œil : un coût
polynomial $n^k$ y devient une **droite de pente $k$**, alors qu'une exponentielle n'est une
droite d'aucune pente.",,,,,,,,4b3959fe14cc640b,,,,,,,,
MyIA.AI.Notebooks/Complexity/Complexity-01-StepCounting.ipynb,a3a913bc,code,fr,06c0c61286cb5d20,"tailles_tri = [2 ** k for k in range(4, 15)]
tailles_paires = [2 ** k for k in range(3, 12)]
tailles_sous = list(range(2, 21))

courbe_tri = [compter(tri_fusion, n) for n in tailles_tri]
courbe_paires = [compter(paire_la_plus_proche, n) for n in tailles_paires]
courbe_sous = [compter(sommes_de_tous_les_sous_ensembles, n) for n in tailles_sous]

fig, ax = plt.subplots(figsize=(7.5, 4.8))
ax.loglog(tailles_tri, courbe_tri, ""o-"", label=r""tri fusion : $n \log n$"")
ax.loglog(tailles_paires, courbe_paires, ""s-"", label=r""paire la plus proche : $n^2$"")
ax.loglog(tailles_sous, courbe_sous, ""^-"", label=r""tous les sous-ensembles : $2^n$"")
ax.set_xlabel(""taille de l'entrée $n$ (échelle log)"")
ax.set_ylabel(""nombre de pas (échelle log)"")
ax.set_title(""Trois croissances comptées pas à pas"")
ax.legend()
ax.grid(True, which=""both"", alpha=0.3)
plt.tight_layout()
plt.show()

pente_tri = np.polyfit(np.log(tailles_tri), np.log(courbe_tri), 1)[0]
pente_paires = np.polyfit(np.log(tailles_paires), np.log(courbe_paires), 1)[0]
print(f""pente log-log du tri fusion          : {pente_tri:.2f}  (un peu plus que 1 : le facteur log n)"")
print(f""pente log-log de la paire la + proche : {pente_paires:.2f}  (2 : quadratique)"")
print(""pentes locales des sous-ensembles (entre deux tailles successives) :"")
pentes_locales = [
    math.log(courbe_sous[k + 1] / courbe_sous[k]) / math.log(tailles_sous[k + 1] / tailles_sous[k])
    for k in range(0, len(tailles_sous) - 1, 3)
]
print(""   "" + ""  "".join(f""{p:.1f}"" for p in pentes_locales) + ""   -> la pente ne cesse de croitre"")",,,,,,,,06c0c61286cb5d20,,,,,,,,
MyIA.AI.Notebooks/Complexity/Complexity-01-StepCounting.ipynb,993c3761,markdown,fr,cd2d654b6ac0d134,"**Lecture.** Sur le graphique, le tri fusion et la paire la plus proche sont des droites, avec les
pentes affichées : un peu plus de 1 pour $n \log n$, 2 pour $n^2$. La courbe des sous-ensembles se
redresse sans cesse — ses pentes locales augmentent d'un point de mesure à l'autre. Aucun polynôme,
même de degré 10 ou 100, ne finit par la suivre : **une exponentielle dépasse tout polynôme**.

On dit qu'un algorithme a un coût **polynomial** si son nombre de pas est au plus de l'ordre de
$n^k$ pour un $k$ fixe ($n$, $n \log n$, $n^2$, $n^3$…), et **exponentiel** s'il est de l'ordre de
$2^n$ ou plus. Cette frontière est la plus importante de toute la série.",,,,,,,,cd2d654b6ac0d134,,,,,,,,
MyIA.AI.Notebooks/Complexity/Complexity-01-StepCounting.ipynb,dc8d4fd1,markdown,fr,5c6900ae1949ad2e,"## 5. Ce que « croître comme » veut dire en pratique

Les constantes comptent peu face à la forme de la croissance. Pour le voir, supposons une machine
qui exécute $10^8$ pas par seconde (l'ordre de grandeur d'un processeur actuel sur des opérations
simples) et demandons : **quelle est la plus grande entrée traitable** en une seconde, une minute,
un jour ?

La cellule ne cherche pas cette taille en essayant les valeurs de $n$ une à une : elle double
$n$ tant que le coût tient dans le budget, puis resserre l'intervalle par **dichotomie**, la
même idée que la recherche de l'exercice 2. C'est déjà une petite leçon de complexité : pour
des tailles de l'ordre de cent milliards, moins d'une quarantaine de doublements puis autant
d'étapes de dichotomie suffisent, là où l'énumération demanderait cent milliards d'essais.",,,,,,,,5c6900ae1949ad2e,,,,,,,,
MyIA.AI.Notebooks/Complexity/Complexity-01-StepCounting.ipynb,3a6c8040,code,fr,12fb07e49e45fcae,"VITESSE = 10 ** 8   # pas par seconde (ordre de grandeur)
budgets = {""1 seconde"": 1, ""1 minute"": 60, ""1 jour"": 86_400}
couts = {
    ""n log2 n"": lambda n: n * math.log2(n) if n > 1 else 1,
    ""n^2"": lambda n: n ** 2,
    ""2^n"": lambda n: 2 ** n,
}


def plus_grande_taille(cout, budget_pas):
    # Recherche du plus grand n tel que cout(n) <= budget_pas (doublement puis dichotomie).
    haut = 1
    while cout(haut * 2) <= budget_pas:
        haut *= 2
    bas, haut = haut, haut * 2
    while haut - bas > 1:
        milieu = (bas + haut) // 2
        if cout(milieu) <= budget_pas:
            bas = milieu
        else:
            haut = milieu
    return bas


print(f""{'cout':>9} | "" + "" | "".join(f""{b:>15}"" for b in budgets))
print(""-"" * 62)
tailles_max = {}
for nom, cout in couts.items():
    ligne = [plus_grande_taille(cout, VITESSE * s) for s in budgets.values()]
    tailles_max[nom] = ligne
    print(f""{nom:>9} | "" + "" | "".join(f""{n:>15,}"".replace("","", "" "") for n in ligne))

print()
print(""Passer d'une seconde a un jour multiplie le budget par 86 400 :"")
for nom, ligne in tailles_max.items():
    print(f""   {nom:>9} : la taille traitable passe de {ligne[0]:,} a {ligne[2]:,}"".replace("","", "" ""))",,,,,,,,12fb07e49e45fcae,,,,,,,,
MyIA.AI.Notebooks/Complexity/Complexity-01-StepCounting.ipynb,d1e28745,markdown,fr,fa240df9a9da30cf,"**Lecture.** Le tableau résume la leçon du notebook :

- avec un coût $n \log n$ ou $n^2$, multiplier le temps disponible par 86 400 multiplie la taille
  traitable par un grand facteur : environ 50 000 pour le tri (de 4,5 millions à 229 milliards
  d'éléments), environ 294 pour les paires (de 10 000 à près de 3 millions, car
  $\sqrt{86\,400} \approx 294$) ;
- avec un coût $2^n$, le même effort ne fait gagner que **16 éléments** : 86 400 est compris
  entre $2^{16}$ et $2^{17}$, et chaque élément ajouté double le travail. Attendre plus longtemps,
  ou acheter une machine mille fois plus rapide (+10 éléments seulement, car $2^{10} = 1024$), ne
  change presque rien.

C'est pourquoi on appelle l'exponentielle le **mur de l'ingénieur** : on ne le franchit pas avec
du matériel, seulement avec un meilleur **algorithme** — quand il en existe un. Toute la suite de
la série tourne autour de cette question.",,,,,,,,fa240df9a9da30cf,,,,,,,,
MyIA.AI.Notebooks/Complexity/Complexity-01-StepCounting.ipynb,4e51779a,markdown,fr,197d571046a001e2,"## Exercices

Les trois exercices suivent l'ordre du notebook. Chaque cellule s'exécute sans erreur telle
qu'elle est livrée : remplacez les lignes `# TODO etudiant` par votre solution.

### Exercice 1 — Prédire le point de bascule

Un algorithme A coûte $100 \cdot n^2$ pas ; un algorithme B coûte $2^n$ pas. Pour de petites
entrées, B est **moins** cher que A (vérifiez-le pour $n = 5$). À partir de quelle taille $n$ B
devient-il plus cher que A, et le reste-t-il ensuite ?

- **Etape 1 :** prédire la réponse à la main, en calculant quelques valeurs de $100 n^2$ et de $2^n$.
- **Etape 2 :** écrire `point_de_bascule(cout_a, cout_b)` qui renvoie le plus petit $n \ge 1$ tel que
  `cout_b(n) > cout_a(n)` **et** `cout_b(m) > cout_a(m)` pour tous les $m$ de $n$ à $n + 20$.
- **Indice :** une simple boucle `while` sur $n$ suffit.",,,,,,,,197d571046a001e2,,,,,,,,
MyIA.AI.Notebooks/Complexity/Complexity-01-StepCounting.ipynb,92780ae9,code,fr,b46eeafff4a24fd5,"# Exercice 1 : a completer
def point_de_bascule(cout_a, cout_b):
    # TODO etudiant : renvoyer le plus petit n >= 1 a partir duquel cout_b depasse cout_a durablement
    return None


reponse = point_de_bascule(lambda n: 100 * n ** 2, lambda n: 2 ** n)
if reponse is None:
    print(""Exercice a completer : point_de_bascule renvoie encore None"")
else:
    print(f""B devient plus cher que A a partir de n = {reponse}"")",,,,,,,,b46eeafff4a24fd5,,,,,,,,
MyIA.AI.Notebooks/Complexity/Complexity-01-StepCounting.ipynb,be3a92a3,markdown,fr,fd40faf5d4d22760,"### Exercice 2 — Compter les comparaisons de la recherche dichotomique

Dans une liste **triée**, on peut chercher une valeur bien plus vite qu'en section 2 : on compare
avec l'élément du milieu, puis on ne garde que la moitié où la valeur peut se trouver.

- **Etape 1 :** écrire `recherche_dichotomique(liste_triee, x)` qui renvoie le couple
  `(indice ou -1, nombre de comparaisons)` — une comparaison = un test de `x` contre un élément.
- **Etape 2 :** mesurer le pire cas (valeur absente) pour $n = 2^k$, $k = 4, 8, 12, 16, 20$, et
  comparer au nombre de pas de la recherche linéaire.
- **Etape 3 :** appliquer le test du doublement. Quelle croissance reconnaissez-vous ?",,,,,,,,fd40faf5d4d22760,,,,,,,,
MyIA.AI.Notebooks/Complexity/Complexity-01-StepCounting.ipynb,353340ca,code,fr,062481cd92ce8980,"# Exercice 2 : a completer
def recherche_dichotomique(liste_triee, x):
    comparaisons = 0
    # TODO etudiant : implementer la recherche dichotomique en comptant les comparaisons
    return None


resultat = recherche_dichotomique(list(range(16)), 11)
if resultat is None:
    print(""Exercice a completer : recherche_dichotomique renvoie encore None"")
else:
    for k in (4, 8, 12, 16, 20):
        n = 2 ** k
        _, comparaisons = recherche_dichotomique(list(range(n)), -1)
        print(f""n = 2^{k:<2} : {comparaisons} comparaisons (recherche lineaire : {n})"")",,,,,,,,062481cd92ce8980,,,,,,,,
MyIA.AI.Notebooks/Complexity/Complexity-01-StepCounting.ipynb,126e7c9d,markdown,fr,7bdd07584dca269a,"### Exercice 3 — Écrire une machine de Turing et prédire ses pas

Construisez une machine à un ruban qui **accepte** les mots sur $\{0, 1\}$ contenant un nombre
**pair** de `1` (par exemple `0110`, `1001`, `000`, le mot vide) et **rejette** les autres
(`1`, `0111`).

- **Indice :** deux états suffisent pour lire le mot, `pair` et `impair`, plus un état acceptant
  atteint quand la tête lit la case vide `_` dans l'état `pair`. Ne mettez **aucune** transition
  sur `_` depuis l'état `impair` : l'absence de transition vaut rejet.
- **Etape 1 :** remplir le dictionnaire `transitions_parite` au format de la section 3.
- **Etape 2 :** avant d'exécuter, **prédire** le nombre de pas sur un mot accepté de longueur $n$.
- **Etape 3 :** vérifier la prédiction pour $n = 10, 100, 1000$.",,,,,,,,7bdd07584dca269a,,,,,,,,
MyIA.AI.Notebooks/Complexity/Complexity-01-StepCounting.ipynb,5f48775a,code,fr,69f566a9d36ccd31,"# Exercice 3 : a completer
transitions_parite = {}  # TODO etudiant : (etat, (symbole,)) -> (nouvel etat, ((ecriture, deplacement),))

if not transitions_parite:
    print(""Exercice a completer : la table de transitions est vide"")
else:
    parite = MachineTuring(1, transitions_parite, ""pair"", [""accepte""])
    for mot in [""0110"", ""1001"", ""000"", """", ""1"", ""0111""]:
        etat, _ = parite.run(mot)
        verdict = ""accepte"" if etat == ""accepte"" else ""rejete""
        print(f""{mot!r:>8} : {verdict:<8} en {parite.pas} pas"")",,,,,,,,69f566a9d36ccd31,,,,,,,,
MyIA.AI.Notebooks/Complexity/Complexity-01-StepCounting.ipynb,56789a27,markdown,fr,05d676ed3733fa6c,"## Conclusion

| Idée | Ce que le notebook a mesuré |
|---|---|
| Le coût se compte en **pas**, pas en secondes | chronos variables, nombre de pas identique aux sept essais |
| On étudie le coût en fonction de la **taille** $n$, dans le **pire cas** | recherche linéaire : $T(n) = n$ exactement |
| Une machine de Turing rend le pas **exact** | incrément en $n + 2$ pas, palindrome en un nombre de pas de l'ordre de $n^2$ |
| Le **test du doublement** reconnaît la croissance | ×2 et un peu plus ($n \log n$), ×4 ($n^2$), ×2 par élément ajouté ($2^n$) |
| L'exponentielle est un **mur** | un jour au lieu d'une seconde : +16 éléments seulement pour $2^n$ |

On sait désormais **compter** le coût d'un algorithme donné. Mais un même problème admet souvent
plusieurs algorithmes : trier se fait en $n^2$ ou en $n \log n$. Le notebook suivant pose la
question qui structure toute la discipline : pour certains problèmes, **trouver** une solution
semble exiger un coût exponentiel, alors que **vérifier** une solution proposée ne coûte presque
rien. Cet écart est-il inévitable ?

**Suite** : [Complexity-02 — Vérifier ou trouver >>](Complexity-02-P-NP-Reduction.ipynb)",,,,,,,,05d676ed3733fa6c,,,,,,,,
MyIA.AI.Notebooks/Complexity/Complexity-02-P-NP-Reduction.ipynb,f42e96f1,markdown,fr,895b85035bb8fbd8,"# Complexity-02 — Vérifier ou trouver : P, NP et la réduction

**Navigation** : [<< Complexity-01 — Compter des pas](Complexity-01-StepCounting.ipynb) | [Index de la série](README.md) | [Complexity-03 — Plus de temps, plus de problèmes >>](Complexity-03-TimeHierarchy.ipynb)

> **Public : Découverte.** Deuxième notebook de la série `Complexity/`. Il prolonge directement
> le premier et ne suppose rien d'autre.

## Ce que ce notebook suppose

- [Complexity-01 — Compter des pas](Complexity-01-StepCounting.ipynb) : compter les **pas** d'un
  algorithme, la **taille** $n$ d'une entrée, le **pire cas**, le **test du doublement**, et la
  frontière entre coût **polynomial** ($n$, $n^2$, $n^3$…) et coût **exponentiel** ($2^n$) ;
- lire un programme Python simple (boucles, fonctions récursives, listes, dictionnaires).

## Ce que vous saurez faire à la fin

1. distinguer **trouver** une solution et **vérifier** une solution proposée — le **certificat** ;
2. définir les classes **P** et **NP**, et dire ce que NP ne veut **pas** dire ;
3. reconnaître le piège du coût **pseudo-polynomial** ;
4. exécuter une **réduction** de bout en bout : transformer une instance, la résoudre, retraduire
   la solution, la vérifier ;
5. expliquer pourquoi l'exponentielle reste un mur même pour une machine mille fois plus rapide.

**Durée estimée** : 60 minutes.",,,,,,,,895b85035bb8fbd8,,,,,,,,
MyIA.AI.Notebooks/Complexity/Complexity-02-P-NP-Reduction.ipynb,97b0df2d,code,fr,3df27304aa5df72c,"import time

import numpy as np",,,,,,,,3df27304aa5df72c,,,,,,,,
MyIA.AI.Notebooks/Complexity/Complexity-02-P-NP-Reduction.ipynb,c0c10866,markdown,fr,5ad62b175c923705,"## 1. Le Sudoku : trouver coûte, vérifier ne coûte presque rien

Un Sudoku illustre l'écart mieux qu'un long discours. **Trouver** la grille complète demande de la
recherche : le solveur le plus simple, le **backtracking** (retour arrière), remplit la première
case vide avec le premier chiffre compatible, continue, et revient en arrière dès qu'il est bloqué.
**Vérifier** une grille proposée demande seulement de relire ses 27 unités (9 lignes, 9 colonnes,
9 blocs) et ses indices de départ.

Le solveur ci-dessous est la version minimale de celui de
[Sudoku-01 — Backtracking](../Sudoku/Sudoku-01-Backtracking-Python.ipynb) ; il compte ses
**appels récursifs**, le vérificateur compte ses **lectures de cases**. Les quatre grilles viennent
des fichiers de puzzles de la série Sudoku (`Sudoku_Easy51.txt` et `Sudoku_hardest.txt`).",,,,,,,,5ad62b175c923705,,,,,,,,
MyIA.AI.Notebooks/Complexity/Complexity-02-P-NP-Reduction.ipynb,7dfc35c0,code,fr,28a5f94a6d5a432c,"GRILLES = {
    ""facile A"": ""902005403100063025508407060026309001057010290090670530240530600705200304080041950"",
    ""facile B"": ""000000907000420180000705026100904000050000040000507009920108000034059000507000000"",
    ""difficile A"": ""85...24..72......9..4.........1.7..23.5...9...4...........8..7..17..........36.4."",
    ""difficile B"": ""12..4......5.69.1...9...5.........7.7...52.9..3......2.9.6...5.4..9..8.1..3...9.4"",
}


def lire_grille(texte):
    return [0 if ch in "".0"" else int(ch) for ch in texte]


def compatible(g, k, v):
    r, c = divmod(k, 9)
    for j in range(9):
        if g[r * 9 + j] == v or g[j * 9 + c] == v:
            return False
    br, bc = 3 * (r // 3), 3 * (c // 3)
    for i in range(3):
        for j in range(3):
            if g[(br + i) * 9 + bc + j] == v:
                return False
    return True


def trouver_backtracking(grille):
    # Remplit la grille en place ; retourne (reussite, nombre d'appels recursifs).
    appels = [0]

    def essayer():
        appels[0] += 1
        if 0 not in grille:
            return True
        k = grille.index(0)
        for v in range(1, 10):
            if compatible(grille, k, v):
                grille[k] = v
                if essayer():
                    return True
                grille[k] = 0
        return False

    return essayer(), appels[0]


def unites():
    lignes = [[r * 9 + c for c in range(9)] for r in range(9)]
    colonnes = [[r * 9 + c for r in range(9)] for c in range(9)]
    blocs = [[(3 * br + i) * 9 + 3 * bc + j for i in range(3) for j in range(3)]
             for br in range(3) for bc in range(3)]
    return lignes + colonnes + blocs


def verifier_grille(depart, proposee):
    # Certificat accepte ssi il respecte les indices de depart et chaque unite contient 1..9.
    lectures = 0
    for k in range(81):
        lectures += 1
        if depart[k] and proposee[k] != depart[k]:
            return False, lectures
    for unite in unites():
        vus = set()
        for k in unite:
            lectures += 1
            vus.add(proposee[k])
        if vus != set(range(1, 10)):
            return False, lectures
    return True, lectures


print(f""{'grille':>12} | {'appels (trouver)':>16} | {'lectures (verifier)':>19} | trouver / verifier"")
print(""-"" * 74)
solutions = {}
for nom, texte in GRILLES.items():
    depart = lire_grille(texte)
    grille = list(depart)
    ok, appels = trouver_backtracking(grille)
    valide, lectures = verifier_grille(depart, grille)
    assert ok and valide, nom
    solutions[nom] = grille
    rapport = appels / lectures
    rapport_txt = f""{rapport:.2f}"" if rapport < 10 else f""{rapport:,.0f}""
    print(f""{nom:>12} | {appels:>16,} | {lectures:>19} | {rapport_txt:>14}x"".replace("","", "" ""))

# Un certificat faux doit etre refuse : echanger deux cases d'une solution
fausse = list(solutions[""facile A""])
k1, k2 = next((a, b) for a in range(81) for b in range(a + 1, 81)
              if a // 9 == b // 9 and GRILLES[""facile A""][a] == ""0"" and GRILLES[""facile A""][b] == ""0"")
fausse[k1], fausse[k2] = fausse[k2], fausse[k1]
valide, lectures = verifier_grille(lire_grille(GRILLES[""facile A""]), fausse)
print()
print(f""certificat falsifie (deux cases echangees) : accepte = {valide}, refuse apres {lectures} lectures"")",,,,,,,,28a5f94a6d5a432c,,,,,,,,
MyIA.AI.Notebooks/Complexity/Complexity-02-P-NP-Reduction.ipynb,3f39bb8d,markdown,fr,79eeef18823fed06,"**Lecture.** Le vérificateur fait au plus **324 lectures** (81 pour les indices, 243 pour les 27
unités), quelle que soit la grille, et il refuse la grille falsifiée. Le solveur, lui, fait de
quelques dizaines à plusieurs centaines de milliers d'appels selon la grille : le rapport
*trouver / vérifier* de la dernière colonne se compte en centaines, voire en milliers, sur les
grilles difficiles.

Sur la grille la plus facile, trouver coûte même **moins** que vérifier : l'avantage de la
vérification n'est pas d'être toujours plus rapide, c'est d'avoir un coût **borné**, le même pour
toutes les grilles, alors que le coût de la recherche dépend de la grille et peut exploser.

Généralisons à une grille $m^2 \times m^2$ (le Sudoku classique a $m = 3$) :

- **vérifier** coûte $4 m^4$ lectures au plus, soit 4 lectures par case : un coût **polynomial**,
  et même **linéaire** en nombre de cases ;
- **trouver** : le backtracking peut, dans le pire cas, essayer jusqu'à $m^2$ chiffres par case
  vide, soit un nombre de branches **exponentiel** en nombre de cases vides. Personne ne connaît
  d'algorithme polynomial pour le Sudoku généralisé — et l'on sait pourquoi il serait
  extraordinaire d'en trouver un (c'est l'objet des sections 3 et 4).

**Niveau** : le coût de vérification est **mesuré** ci-dessus ; le fait que le Sudoku généralisé
soit NP-complet est **cité** (Yato & Seta, 2003).",,,,,,,,79eeef18823fed06,,,,,,,,
MyIA.AI.Notebooks/Complexity/Complexity-02-P-NP-Reduction.ipynb,4f894dd6,markdown,fr,3ba1f09d1b9721f6,"## 2. Subset-sum : le certificat, et le piège du pseudo-polynomial

Le problème **subset-sum** (somme de sous-ensemble) est le plus simple des problèmes difficiles :

> **Instance** : une liste de poids entiers positifs et une cible $t$.
> **Question** : existe-t-il un sous-ensemble des poids dont la somme vaut exactement $t$ ?

C'est un **problème de décision** : la réponse est *oui* ou *non*. Quand elle est *oui*, un
**certificat** la prouve : la liste des indices des poids choisis. Le vérifier coûte une addition
par indice.

Pour **trouver**, deux algorithmes :

- la **force brute** essaie les $2^n$ sous-ensembles ;
- la **programmation dynamique** remplit une table des sommes atteignables $0, 1, \dots, t$.",,,,,,,,3ba1f09d1b9721f6,,,,,,,,
MyIA.AI.Notebooks/Complexity/Complexity-02-P-NP-Reduction.ipynb,738d9843,code,fr,6526d15106a02ae4,"def verifier_subset(poids, cible, indices):
    # Certificat = liste d'indices distincts ; retourne (accepte, operations).
    operations = 0
    if len(set(indices)) != len(indices):
        return False, operations
    somme = 0
    for i in indices:
        operations += 1
        if not 0 <= i < len(poids):
            return False, operations
        somme += poids[i]
    return somme == cible, operations


def subset_brut(poids, cible):
    # Force brute : enumere les 2^n sous-ensembles ; retourne (verdict, operations, certificat).
    n = len(poids)
    ops = 0
    for masque in range(2 ** n):
        s = 0
        for i in range(n):
            ops += 1
            if masque >> i & 1:
                s += poids[i]
        if s == cible:
            return True, ops, [i for i in range(n) if masque >> i & 1]
    return False, ops, None


def subset_dp(poids, cible):
    # Programmation dynamique : table booleenne sur les sommes 0..cible ; retourne (verdict, cases).
    atteignable = [False] * (cible + 1)
    atteignable[0] = True
    cases = 0
    for p in poids:
        for s in range(cible, p - 1, -1):
            cases += 1
            if atteignable[s - p]:
                atteignable[s] = True
    return atteignable[cible], cases


rng = np.random.default_rng(42)
print(f""{'n':>3} | {'ops brut':>10} | {'cases dp':>9} | {'ops verif':>9} | verdict"")
print(""-"" * 52)
for n in (8, 11, 14, 17):
    poids = rng.integers(1, 60, size=n).tolist()
    cible = int(sum(poids) // 2)
    vb, ops_b, certificat = subset_brut(poids, cible)
    vd, cases_d = subset_dp(poids, cible)
    assert vb == vd, ""les deux algorithmes doivent convenir""
    if vb:
        ok, ops_v = verifier_subset(poids, cible, certificat)
        assert ok, ""le certificat trouve doit etre accepte""
    else:
        ops_v = ""-""                 # reponse non : pas de certificat a verifier
    print(f""{n:>3} | {ops_b:>10} | {cases_d:>9} | {ops_v:>9} | {'oui' if vb else 'non'}"")",,,,,,,,6526d15106a02ae4,,,,,,,,
MyIA.AI.Notebooks/Complexity/Complexity-02-P-NP-Reduction.ipynb,c02246d6,markdown,fr,2859c064f373971b,"**Lecture.** Sur ces quatre instances, les deux algorithmes rendent le même verdict (l'`assert` le
prouve). Quand la réponse est *oui*, le certificat trouvé est accepté par le vérificateur en une
poignée d'opérations — une par poids choisi. Quand elle est *non* (première ligne), il n'y a pas
de certificat, et la force brute a dû tout essayer : $2048 = 8 \times 2^8$ opérations. Sur les
instances *oui*, elle s'arrête dès qu'un sous-ensemble convient, ce qui peut arriver tôt. Son
**pire cas** est donc une instance sans solution.",,,,,,,,2859c064f373971b,,,,,,,,
MyIA.AI.Notebooks/Complexity/Complexity-02-P-NP-Reduction.ipynb,aaee7d98,code,fr,5a1c75943c685127,"print(f""{'n':>3} | {'ops brut (sans solution)':>24} | {'n * 2^n':>10} | facteur pour 2 poids de plus"")
print(""-"" * 68)
precedent = None
for n in range(10, 19, 2):
    poids = [2] * n              # que des poids pairs...
    cible = 2 * n - 1            # ... et une cible impaire : aucune solution
    verdict, ops_b, _ = subset_brut(poids, cible)
    assert not verdict and ops_b == n * 2 ** n
    facteur = """" if precedent is None else f""x{ops_b / precedent:.2f}""
    print(f""{n:>3} | {ops_b:>24,} | {n * 2 ** n:>10,} | {facteur}"".replace("","", "" ""))
    precedent = ops_b",,,,,,,,5a1c75943c685127,,,,,,,,
MyIA.AI.Notebooks/Complexity/Complexity-02-P-NP-Reduction.ipynb,f5f9b0af,markdown,fr,e89a44b9c7d1883e,"**Lecture.** Sans solution, la force brute fait exactement $n \cdot 2^n$ opérations (l'`assert` le
vérifie) : ajouter deux poids multiplie le travail par un peu plus de 4. C'est la signature
exponentielle du premier notebook.

La programmation dynamique semble alors résoudre le problème en coût polynomial : environ
$n \times t$ cases. **C'est un piège.** La taille d'une entrée n'est pas le nombre de poids, c'est
le nombre de **symboles** qu'il faut pour l'écrire — ici, le nombre total de **chiffres**. Or
multiplier tous les poids et la cible par 10 n'ajoute qu'un chiffre par nombre, mais multiplie $t$
par 10. Mesurons.",,,,,,,,e89a44b9c7d1883e,,,,,,,,
MyIA.AI.Notebooks/Complexity/Complexity-02-P-NP-Reduction.ipynb,16dd3cc4,code,fr,eff85f7d92bb8e41,"rng = np.random.default_rng(7)
base = rng.integers(1, 60, size=14).tolist()
cible_base = int(sum(base) // 2)

print(f""{'facteur':>8} | {'chiffres de l entree':>20} | {'ops brut':>9} | {'cases dp':>12}"")
print(""-"" * 60)
for k in range(5):
    f = 10 ** k
    poids = [p * f for p in base]
    cible = cible_base * f
    chiffres = sum(len(str(p)) for p in poids) + len(str(cible))
    vb, ops_b, _ = subset_brut(poids, cible)
    vd, cases_d = subset_dp(poids, cible)
    assert vb == vd
    print(f""{f:>8} | {chiffres:>20} | {ops_b:>9} | {cases_d:>12,}"".replace("","", "" ""))",,,,,,,,eff85f7d92bb8e41,,,,,,,,
MyIA.AI.Notebooks/Complexity/Complexity-02-P-NP-Reduction.ipynb,b3b04aeb,markdown,fr,5b28ba5c42fe3ff1,"**Lecture.** La même instance, écrite avec des nombres dix fois plus grands à chaque ligne :

- la force brute fait **exactement** le même travail (elle ne regarde que les combinaisons) ;
- la programmation dynamique voit son nombre de cases **multiplié par 10** à chaque ligne, alors que
  l'entrée ne gagne que 15 chiffres (un par nombre).

Autrement dit, la programmation dynamique est polynomiale en la **valeur** des nombres, mais
**exponentielle en leur nombre de chiffres** : on dit qu'elle est **pseudo-polynomiale**. Avec des
poids de 30 chiffres — banal en cryptographie —, sa table aurait de l'ordre de $10^{30}$ cases.
Subset-sum reste donc un problème pour lequel **aucun algorithme polynomial n'est connu**.",,,,,,,,5b28ba5c42fe3ff1,,,,,,,,
MyIA.AI.Notebooks/Complexity/Complexity-02-P-NP-Reduction.ipynb,de8a8366,markdown,fr,887fdbc62ad10a07,"## 3. P et NP

Les deux sections précédentes montrent le même motif : **vérifier** un certificat est facile,
**trouver** une solution semble difficile. La théorie de la complexité donne un nom à chaque côté.

| Classe | Définition | Exemples |
|---|---|---|
| **P** | les problèmes de décision qu'un algorithme **résout** en un nombre de pas polynomial en la taille de l'entrée | trier puis chercher, tester si un nombre est premier, plus court chemin |
| **NP** | les problèmes de décision dont chaque instance *oui* possède un **certificat** de taille polynomiale, **vérifiable** en un nombre de pas polynomial | Sudoku généralisé, subset-sum, coloriage de graphe en 3 couleurs |

Trois remarques essentielles :

1. **NP ne veut pas dire « non polynomial ».** Le N vient de *non déterministe* : une machine qui
   pourrait **deviner** le bon certificat n'aurait plus qu'à le vérifier. NP est la classe du
   « facile à vérifier », pas celle du « difficile ».
2. **P est inclus dans NP** : si l'on sait trouver la réponse en temps polynomial, on sait la
   vérifier — il suffit d'ignorer le certificat et de recalculer.
3. **La question P = NP est ouverte.** Personne ne sait s'il existe un problème de NP qui ne soit
   pas dans P. C'est l'un des sept *problèmes du millénaire* du Clay Mathematics Institute, posé
   formellement par Stephen Cook en 1971.

Pour avancer malgré cette ignorance, on **compare** les problèmes entre eux. C'est l'outil de la
section suivante.",,,,,,,,887fdbc62ad10a07,,,,,,,,
MyIA.AI.Notebooks/Complexity/Complexity-02-P-NP-Reduction.ipynb,91bad7f6,markdown,fr,6d4a201ba8a96dc9,"## 4. Une réduction exécutée de bout en bout : subset-sum vers Partition

Le problème **Partition** :

> **Instance** : une liste d'entiers positifs.
> **Question** : peut-on la couper en deux parts de même somme ?

**Réduire** subset-sum à Partition, c'est écrire une transformation qui change **toute** instance
de subset-sum en une instance de Partition **de même réponse**. Alors un algorithme pour Partition
résout aussi subset-sum : on transforme, on résout, on retraduit la solution.

La transformation classique ajoute deux nombres. Pour des poids de somme $\Sigma$ et une cible
$0 \le t \le \Sigma$ :

$$\text{poids} \;\longmapsto\; \text{poids} + [\,\Sigma + t,\; 2\Sigma - t\,]$$

La nouvelle liste a pour somme $4\Sigma$, donc chaque part doit valoir $2\Sigma$. Les deux nombres
ajoutés font ensemble $3\Sigma > 2\Sigma$ : ils sont forcément dans des parts **différentes**. La
part qui contient $2\Sigma - t$ doit donc compléter avec des poids d'origine de somme exactement
$t$ — c'est un certificat de subset-sum. Et réciproquement, un sous-ensemble de somme $t$ donne
une partition. Si $t > \Sigma$, la réponse est *non* : on renvoie une instance de Partition sans
solution, par exemple `[1]`.

Voici les quatre étapes, exécutées sur un exemple.",,,,,,,,6d4a201ba8a96dc9,,,,,,,,
MyIA.AI.Notebooks/Complexity/Complexity-02-P-NP-Reduction.ipynb,84efc200,code,fr,476e48a9d0369f71,"def reduire_subset_vers_partition(poids, cible):
    # Retourne (instance de Partition, indice de l'element 2*Sigma - t ou None).
    total = sum(poids)
    if not 0 <= cible <= total:
        return [1], None            # somme impaire : aucune partition
    return list(poids) + [total + cible, 2 * total - cible], len(poids) + 1


def resoudre_partition(valeurs):
    # Solveur de Partition (programmation dynamique avec memoire des choix).
    # Retourne les indices d'une part de somme totale / 2, ou None.
    total = sum(valeurs)
    if total % 2:
        return None
    moitie = total // 2
    parent = {0: None}              # somme atteinte -> (indice ajoute, somme precedente)
    for i, v in enumerate(valeurs):
        for s in list(parent):      # instantane : chaque element sert au plus une fois
            if s + v <= moitie and s + v not in parent:
                parent[s + v] = (i, s)
    if moitie not in parent:
        return None
    part, s = [], moitie
    while s:
        i, s = parent[s]
        part.append(i)
    return sorted(part)


def retraduire(part, n_origine, indice_marqueur, taille_instance):
    # Solution de Partition -> certificat de subset-sum.
    if part is None or indice_marqueur is None:
        return None
    if indice_marqueur not in part:
        part = [i for i in range(taille_instance) if i not in part]   # prendre l'autre part
    return [i for i in part if i < n_origine]


poids, cible = [3, 34, 4, 12, 5, 2], 9
print(f""1. instance de subset-sum : poids = {poids}, cible = {cible}"")
instance, marqueur = reduire_subset_vers_partition(poids, cible)
print(f""2. instance de Partition  : {instance}  (somme {sum(instance)}, chaque part doit valoir {sum(instance) // 2})"")
part = resoudre_partition(instance)
print(f""3. solution de Partition  : part = {[instance[i] for i in part]}, ""
      f""autre part = {[instance[i] for i in range(len(instance)) if i not in part]}"")
certificat = retraduire(part, len(poids), marqueur, len(instance))
print(f""4. certificat retraduit   : indices {certificat} -> poids {[poids[i] for i in certificat]}"")
accepte, ops = verifier_subset(poids, cible, certificat)
print(f""   verification           : accepte = {accepte} en {ops} operations"")",,,,,,,,476e48a9d0369f71,,,,,,,,
MyIA.AI.Notebooks/Complexity/Complexity-02-P-NP-Reduction.ipynb,63f929a4,markdown,fr,8f0ceca018d9765b,"**Lecture.** Les quatre étapes s'enchaînent : l'instance de subset-sum devient une instance de
Partition de huit nombres, le solveur de Partition en trouve une coupe équilibrée, la part qui
contient $2\Sigma - t$ donne les poids d'origine qui font exactement la cible, et le vérificateur de
subset-sum accepte ce certificat.

Un exemple ne prouve rien. Faisons tourner la chaîne sur des centaines d'instances aléatoires, en
comparant chaque fois le verdict obtenu **par la réduction** au verdict de la force brute
**directe**.",,,,,,,,8f0ceca018d9765b,,,,,,,,
MyIA.AI.Notebooks/Complexity/Complexity-02-P-NP-Reduction.ipynb,d764adcd,code,fr,95a7f5b0e8ec34c9,"rng = np.random.default_rng(2026)
resultats = {""oui"": 0, ""non"": 0}
for essai in range(400):
    n = int(rng.integers(3, 12))
    poids = rng.integers(1, 30, size=n).tolist()
    cible = int(rng.integers(0, sum(poids) + 10))      # parfois au-dela de la somme : reponse non
    instance, marqueur = reduire_subset_vers_partition(poids, cible)
    assert len(instance) <= n + 2                         # la transformation est de taille lineaire
    certificat = retraduire(resoudre_partition(instance), n, marqueur, len(instance))
    verdict_reduction = certificat is not None
    verdict_direct, _, _ = subset_brut(poids, cible)
    assert verdict_reduction == verdict_direct, (poids, cible)
    if verdict_reduction:
        assert verifier_subset(poids, cible, certificat)[0]
    resultats[""oui"" if verdict_direct else ""non""] += 1

print(f""400 instances : {resultats['oui']} reponses oui, {resultats['non']} reponses non"")
print(""verdict par la reduction == verdict direct sur les 400 instances ;"")
print(""chaque certificat retraduit a ete accepte par le verificateur de subset-sum."")",,,,,,,,95a7f5b0e8ec34c9,,,,,,,,
MyIA.AI.Notebooks/Complexity/Complexity-02-P-NP-Reduction.ipynb,651f2189,markdown,fr,c3bfdd371a412569,"**Lecture.** Sur toutes les instances, *oui* comme *non*, la chaîne transformer → résoudre →
retraduire donne le même verdict que la force brute, et chaque certificat retraduit est valide. La
transformation ajoute deux nombres et la retraduction relit la solution une fois : leur coût est
**linéaire**.

Ce que la réduction établit, c'est une **comparaison de difficulté** : **Partition est au moins aussi
difficile que subset-sum**. Si quelqu'un trouvait un algorithme polynomial pour Partition, subset-sum
serait résolu en temps polynomial aussi (transformation linéaire + solveur polynomial +
retraduction linéaire).

**Attention au sens**, c'est l'erreur la plus fréquente : réduire A **vers** B montre que B est au
moins aussi dur que A. Réduire un problème difficile vers un problème facile ne prouve rien sur le
problème facile ; c'est l'inverse qui transporte la difficulté.

En 1971, Cook a montré qu'**un** problème de NP (la satisfiabilité de formules logiques, SAT) est
au moins aussi difficile que **tous** les problèmes de NP : on dit qu'il est **NP-complet**. En
1972, Karp a enchaîné des réductions comme celle-ci pour montrer que 21 problèmes courants —
subset-sum et Partition parmi eux — sont eux aussi NP-complets. Conséquence : un algorithme
polynomial pour **un seul** d'entre eux donnerait P = NP. *Ce paragraphe est **cité** ; la
réduction ci-dessus est **exécutée**.*",,,,,,,,c3bfdd371a412569,,,,,,,,
MyIA.AI.Notebooks/Complexity/Complexity-02-P-NP-Reduction.ipynb,174bdafb,markdown,fr,ac589992a55b0d08,"## 5. Pourquoi l'exponentielle est le mur de l'ingénieur

Revenons à la force brute sur subset-sum. Mesurons combien d'opérations par seconde cette machine
exécute, puis extrapolons le temps nécessaire, dans le pire cas ($n \cdot 2^n$ opérations), pour
des tailles plus grandes — sur cette machine et sur une machine **mille fois** plus rapide.",,,,,,,,ac589992a55b0d08,,,,,,,,
MyIA.AI.Notebooks/Complexity/Complexity-02-P-NP-Reduction.ipynb,cd84c573,code,fr,0576355f84b93809,"n_mesure = 18
t0 = time.perf_counter()
_, ops_mesure, _ = subset_brut([2] * n_mesure, 2 * n_mesure - 1)
duree = time.perf_counter() - t0
vitesse = ops_mesure / duree
print(f""mesure : {ops_mesure:,} operations en {duree:.2f} s -> {vitesse:,.0f} operations/s"".replace("","", "" ""))
print()


def lisible(secondes):
    for unite, s in ((""annees"", 31_557_600), (""jours"", 86_400), (""heures"", 3_600), (""min"", 60)):
        if secondes >= s:
            return f""{secondes / s:,.1f} {unite}"".replace("","", "" "")
    return f""{secondes:.3f} s""


print(f""{'n':>4} | {'ops pire cas':>12} | {'cette machine':>26} | {'machine x1000':>26} | verifier un certificat"")
print(""-"" * 108)
for n in (20, 30, 40, 50, 60, 80):
    ops = n * 2 ** n
    print(f""{n:>4} | {ops:>12.2e} | {lisible(ops / vitesse):>26} | {lisible(ops / vitesse / 1000):>26} | {n} operations"")


def plus_grand_n(vitesse_ops, budget_s):
    n = 1
    while (n + 1) * 2 ** (n + 1) <= vitesse_ops * budget_s:
        n += 1
    return n


un_jour = 86_400
n1, n1000 = plus_grand_n(vitesse, un_jour), plus_grand_n(1000 * vitesse, un_jour)
print()
print(f""en un jour : n = {n1} sur cette machine, n = {n1000} sur une machine 1000 fois plus rapide ""
      f""(+{n1000 - n1} poids seulement)"")",,,,,,,,0576355f84b93809,,,,,,,,
MyIA.AI.Notebooks/Complexity/Complexity-02-P-NP-Reduction.ipynb,4039a05d,markdown,fr,fc924bda9aba165a,"**Lecture.** Les chiffres exacts dépendent de la machine (la première ligne affiche la vitesse
mesurée), mais leur **forme** n'en dépend pas. Dès quelques dizaines de poids, la force brute sort
de toute durée raisonnable ; une machine mille fois plus rapide ne recule le mur que d'une
dizaine de poids (la dernière ligne en donne le nombre exact), car $2^{10} = 1024$ : dix poids de
plus suffisent à absorber un facteur mille. Pendant ce temps, **vérifier** un certificat coûte
toujours $n$ opérations.

Voilà le « mur de l'ingénieur » : le matériel fait gagner des facteurs constants, l'exponentielle
les absorbe tous. Seul un **meilleur algorithme** le franchit. Pour les problèmes NP-complets,
personne n'en connaît — et la section 4 explique pourquoi en trouver un serait un séisme : il les
résoudrait tous.",,,,,,,,fc924bda9aba165a,,,,,,,,
MyIA.AI.Notebooks/Complexity/Complexity-02-P-NP-Reduction.ipynb,54d9b531,markdown,fr,5698e89e3e59a30a,"## Exercices

Chaque cellule s'exécute sans erreur telle qu'elle est livrée : remplacez les lignes
`# TODO etudiant` par votre solution.

### Exercice 1 — Vérifier un certificat de coloriage

Colorier un graphe avec $k$ couleurs, c'est donner une couleur à chaque sommet de sorte que deux
sommets reliés par une arête n'aient jamais la même couleur. Décider si un graphe est coloriable
avec 3 couleurs est NP-complet (cité) ; **vérifier** un coloriage proposé est facile.

- **Etape 1 :** écrire `verifier_coloriage(aretes, couleurs, k)` qui renvoie le couple
  `(accepte, operations)` : le certificat `couleurs` (une couleur entre 0 et $k-1$ par sommet)
  est accepté si aucune arête ne relie deux sommets de même couleur.
- **Etape 2 :** l'appliquer au graphe de Petersen (10 sommets, 15 arêtes) avec les deux
  certificats fournis — l'un est valide, l'autre non.
- **Etape 3 :** exprimer le nombre d'opérations en fonction du nombre d'arêtes. Est-ce polynomial ?",,,,,,,,5698e89e3e59a30a,,,,,,,,
MyIA.AI.Notebooks/Complexity/Complexity-02-P-NP-Reduction.ipynb,b49c5b36,code,fr,8c90beb0cd77537e,"# Exercice 1 : a completer
PETERSEN = [(0, 1), (1, 2), (2, 3), (3, 4), (4, 0),          # cycle exterieur
            (0, 5), (1, 6), (2, 7), (3, 8), (4, 9),          # rayons
            (5, 7), (7, 9), (9, 6), (6, 8), (8, 5)]          # etoile interieure
CERTIFICAT_A = [0, 1, 0, 1, 2, 1, 0, 2, 2, 1]
CERTIFICAT_B = [0, 1, 0, 1, 2, 1, 0, 2, 2, 0]


def verifier_coloriage(aretes, couleurs, k):
    operations = 0
    # TODO etudiant : parcourir les aretes, compter les operations, refuser au premier conflit
    return None


for nom, certificat in ((""A"", CERTIFICAT_A), (""B"", CERTIFICAT_B)):
    resultat = verifier_coloriage(PETERSEN, certificat, 3)
    if resultat is None:
        print(f""certificat {nom} : exercice a completer (verifier_coloriage renvoie encore None)"")
    else:
        print(f""certificat {nom} : accepte = {resultat[0]} en {resultat[1]} operations"")",,,,,,,,8c90beb0cd77537e,,,,,,,,
MyIA.AI.Notebooks/Complexity/Complexity-02-P-NP-Reduction.ipynb,d634929b,markdown,fr,865927c9048402f9,"### Exercice 2 — La réduction dans l'autre sens

Partition se réduit aussi **vers** subset-sum, et cette réduction-là est plus simple : une liste
se coupe en deux parts égales si et seulement s'il existe un sous-ensemble de somme totale / 2.

- **Etape 1 :** écrire `reduire_partition_vers_subset(valeurs)` qui renvoie un couple
  `(poids, cible)` de même réponse. Attention au cas d'une somme **impaire**.
- **Etape 2 :** vérifier sur les 200 instances aléatoires de la cellule que le verdict de
  `subset_dp` sur l'instance transformée coïncide avec celui de `resoudre_partition`.
- **Etape 3 :** avec la réduction de la section 4, qu'en déduisez-vous sur la difficulté relative
  des deux problèmes ?",,,,,,,,865927c9048402f9,,,,,,,,
MyIA.AI.Notebooks/Complexity/Complexity-02-P-NP-Reduction.ipynb,3d25bedc,code,fr,cb974b3159669f79,"# Exercice 2 : a completer
def reduire_partition_vers_subset(valeurs):
    # TODO etudiant : renvoyer (poids, cible) tel que la reponse soit la meme
    return None


if reduire_partition_vers_subset([1, 5, 6]) is None:
    print(""Exercice a completer : reduire_partition_vers_subset renvoie encore None"")
else:
    rng = np.random.default_rng(11)
    accords = 0
    for _ in range(200):
        valeurs = rng.integers(1, 25, size=int(rng.integers(2, 10))).tolist()
        poids, cible = reduire_partition_vers_subset(valeurs)
        accords += subset_dp(poids, cible)[0] == (resoudre_partition(valeurs) is not None)
    print(f""verdicts identiques sur {accords} / 200 instances"")",,,,,,,,cb974b3159669f79,,,,,,,,
MyIA.AI.Notebooks/Complexity/Complexity-02-P-NP-Reduction.ipynb,600c9a6b,markdown,fr,301e14df53b47697,"### Exercice 3 — Trouver avec un oracle qui ne sait que répondre oui ou non

Supposons qu'on dispose d'une fonction `existe(poids, cible)` qui répond seulement *oui* ou *non*,
sans donner de certificat. Peut-on quand même **trouver** un sous-ensemble ? Oui, avec au plus
$n + 1$ questions : on tente de retirer chaque poids à tour de rôle ; si la réponse reste *oui*
sans lui, on s'en passe définitivement, sinon on le garde et on retire sa valeur de la cible.

- **Etape 1 :** écrire `trouver_avec_oracle(poids, cible, existe)` qui renvoie la liste des indices
  choisis (ou `None` si la réponse est *non*), en comptant les appels à `existe`.
- **Etape 2 :** vérifier le certificat obtenu avec `verifier_subset`.
- **Etape 3 :** expliquer pourquoi ce résultat signifie que, pour subset-sum, **décider** en temps
  polynomial suffirait pour **trouver** en temps polynomial.",,,,,,,,301e14df53b47697,,,,,,,,
MyIA.AI.Notebooks/Complexity/Complexity-02-P-NP-Reduction.ipynb,847b39fd,code,fr,625da2f431101213,"# Exercice 3 : a completer
appels_oracle = [0]


def existe(poids, cible):
    appels_oracle[0] += 1
    return subset_dp(poids, cible)[0]


def trouver_avec_oracle(poids, cible, oracle):
    # TODO etudiant : au plus len(poids) + 1 appels a oracle
    return None


poids, cible = [3, 34, 4, 12, 5, 2], 9
indices = trouver_avec_oracle(poids, cible, existe)
if indices is None:
    print(""Exercice a completer : trouver_avec_oracle renvoie encore None"")
else:
    accepte, _ = verifier_subset(poids, cible, indices)
    print(f""indices {indices} -> poids {[poids[i] for i in indices]}, certificat accepte = {accepte}, ""
          f""{appels_oracle[0]} appels a l'oracle"")",,,,,,,,625da2f431101213,,,,,,,,
MyIA.AI.Notebooks/Complexity/Complexity-02-P-NP-Reduction.ipynb,9d090041,markdown,fr,0bf93941cb956f66,"## Conclusion

| Problème | Vérifier un certificat | Trouver une solution (meilleur algorithme connu) |
|---|---|---|
| Sudoku $m^2 \times m^2$ | au plus 4 lectures par case (**mesuré** : 324 pour $m = 3$) | exponentiel dans le pire cas (backtracking **mesuré** jusqu'à des centaines de milliers d'appels) |
| subset-sum | une addition par poids choisi (**mesuré**) | force brute $n \cdot 2^n$ (**mesuré**) ; programmation dynamique pseudo-polynomiale (**mesuré**) |
| Partition | une addition par élément | aussi dur que subset-sum : réduction **exécutée** sur 400 instances |

Ce que ce notebook a établi :

1. **NP** est la classe des problèmes dont les solutions se **vérifient** vite ; **P** celle des
   problèmes qui se **résolvent** vite. P ⊆ NP, et l'égalité est la grande question ouverte.
2. Une **réduction** compare deux problèmes en transformant les instances de l'un en instances de
   l'autre ; elle se programme, s'exécute et se teste.
3. Le coût se mesure en fonction de la **taille écrite** de l'entrée : la programmation dynamique
   de subset-sum n'est polynomiale qu'en apparence.

Le notebook suivant explique l'idée de hiérarchie temporelle : donner plus de temps peut permettre
de résoudre de nouveaux problèmes, mais il faut le **prouver**, pas seulement comparer deux
programmes. L'approfondissement 03b conserve le théorème de Hartmanis et Stearns (1965).

**Suite** : [Complexity-03 — Plus de temps, plus de problèmes >>](Complexity-03-TimeHierarchy.ipynb)",,,,,,,,0bf93941cb956f66,,,,,,,,
MyIA.AI.Notebooks/Complexity/Complexity-03-TimeHierarchy.ipynb,intro-hierarchy,markdown,fr,eac0279e9c048b04,"# Complexity-03 — Plus de temps, plus de problèmes

**Navigation** : [Index](README.md) | [02 — Vérifier ou trouver](Complexity-02-P-NP-Reduction.ipynb) | [03b — Hartmanis–Stearns](Complexity-03b-HartmanisStearns-TimeHierarchy.ipynb) | [03c — Zoo navigable](Complexity-03c-ComplexityZoo-Navigation-Python.ipynb)

> **Public : Licence.** La démonstration historique et sa simulation multitête sont conservées dans l'approfondissement 03b.

## Ce que ce notebook suppose

- [01 — Compter des pas](Complexity-01-StepCounting.ipynb) : taille et budget de pas ;
- [02 — Vérifier ou trouver](Complexity-02-P-NP-Reduction.ipynb) : problème de décision et algorithme.

**Objectifs** : distinguer inclusion et séparation stricte de classes, comprendre une diagonale finie et expliquer pourquoi une table n'est pas une preuve de hiérarchie. **Durée estimée** : 35 minutes.",,,,,,,,eac0279e9c048b04,,,,,,,,
MyIA.AI.Notebooks/Complexity/Complexity-03-TimeHierarchy.ipynb,budgets-intro,markdown,fr,f45d42651b9dbe73,"## 1. Des budgets imbriqués

Si un programme répond en n pas, il répond aussi dans un budget de n² pas. Cela montre une **inclusion** des budgets, pas une séparation des classes de problèmes : deux programmes différents sur un même problème ne prouvent pas qu'aucun programme rapide ne peut le résoudre. Comparons les budgets sur cinq tailles.",,,,,,,,f45d42651b9dbe73,,,,,,,,
MyIA.AI.Notebooks/Complexity/Complexity-03-TimeHierarchy.ipynb,budgets-code,code,fr,527c8f18e333496a,"tailles = (2, 4, 8, 16, 32)
print(f""{'n':>3} | {'n²':>5} | {'2ⁿ':>12}"")
for n in tailles:
    print(f""{n:>3} | {n * n:>5} | {2 ** n:>12}"")
assert all(n * n <= 2 ** n for n in tailles)
",,,,,,,,527c8f18e333496a,,,,,,,,
MyIA.AI.Notebooks/Complexity/Complexity-03-TimeHierarchy.ipynb,budgets-reading,markdown,fr,9625cb3b5d27f820,"**Lecture du résultat.** Les coûts s'ordonnent pour les tailles affichées. Pour conclure qu'une classe possède un problème absent de l'autre, il faudrait écarter **tous** les algorithmes au petit budget. La table numérique ne le fait pas.

## 2. L'idée de diagonalisation

Énumérons quelques machines candidates. À la ligne i, la construction D choisit l'opposé de la réponse de la machine numéro i sur l'entrée i. D diffère donc de chaque machine listée sur au moins une entrée. La liste ci-dessous n'est qu'une expérience **finie** : elle ne représente pas toutes les machines possibles.",,,,,,,,9625cb3b5d27f820,,,,,,,,
MyIA.AI.Notebooks/Complexity/Complexity-03-TimeHierarchy.ipynb,diagonal-code,code,fr,0ce92530bf6bc66d,"machines = (
    lambda i: i % 2 == 0,
    lambda i: i < 2,
    lambda i: True,
    lambda i: i % 3 == 0,
)
diagonale = {i: not machine(i) for i, machine in enumerate(machines)}
print(f""{'i':>2} | {'M_i(i)':>6} | {'D(i)':>5} | différents"")
for i, machine in enumerate(machines):
    print(f""{i:>2} | {str(machine(i)):>6} | {str(diagonale[i]):>5} | {diagonale[i] != machine(i)}"")
assert all(diagonale[i] != machine(i) for i, machine in enumerate(machines))
",,,,,,,,0ce92530bf6bc66d,,,,,,,,
MyIA.AI.Notebooks/Complexity/Complexity-03-TimeHierarchy.ipynb,diagonal-reading,markdown,fr,8768b5cf623b9d7a,"**Lecture du résultat.** Chaque ligne porte une opposition vérifiée. Il reste une infinité de machines non listées ; ce tableau ne prouve donc aucune séparation de classes.

## 3. Le budget de simulation

Une machine qui ne répond pas avant la limite ne peut pas bloquer indéfiniment le constructeur diagonal. Ici les coûts sont **déclarés** par un modèle fini : ce ne sont pas des pas mesurés par un simulateur universel. Une réponse non observée n'est pas un verdict faux.",,,,,,,,8768b5cf623b9d7a,,,,,,,,
MyIA.AI.Notebooks/Complexity/Complexity-03-TimeHierarchy.ipynb,bounded-code,code,fr,415999deaee15d43,"candidates = ((True, 1), (False, 3), (True, 12), (False, 40))
def budget(i):
    return 2 * i + 4

print(f""{'i':>2} | {'pas':>3} | {'budget':>6} | {'observé':>7} | {'D(i)':>5}"")
for i, (verdict, pas) in enumerate(candidates):
    observe = verdict if pas <= budget(i) else None
    diagonal = not observe if observe is not None else True
    print(f""{i:>2} | {pas:>3} | {budget(i):>6} | {str(observe):>7} | {str(diagonal):>5}"")
",,,,,,,,415999deaee15d43,,,,,,,,
MyIA.AI.Notebooks/Complexity/Complexity-03-TimeHierarchy.ipynb,bounded-reading,markdown,fr,9483330aca0a6dd2,"**Lecture du résultat.** `None` signifie « non observé dans le budget », jamais « faux ». Une machine dépassant ce budget sur une entrée ne satisfait pas la borne uniforme sur **toutes** les entrées, mais le tableau ne caractérise aucune classe entière.

## 4. Le théorème, sans raccourci expérimental

Le théorème de hiérarchie temporelle établit, sous des hypothèses techniques, qu'il existe des problèmes décidables avec un budget suffisamment plus grand mais impossibles avec le plus petit. Il faut énumérer toutes les machines admissibles, construire une horloge et payer le coût de simulation universelle. Les tables finies n'accomplissent aucune de ces preuves. [03b — Hartmanis–Stearns](Complexity-03b-HartmanisStearns-TimeHierarchy.ipynb) détaille le modèle historique. Ce résultat ne résout pas P contre NP.",,,,,,,,9483330aca0a6dd2,,,,,,,,
MyIA.AI.Notebooks/Complexity/Complexity-03-TimeHierarchy.ipynb,exercise-one,markdown,fr,6c224d584a6a5329,"## Exercices

### Exercice 1 — Inclusion ou séparation ?

Comparez n² et n³ pour n = 2, 4, 8, 16. Expliquez pourquoi ces nombres ne prouvent pas qu'un problème devient soluble uniquement avec le second budget.

- **Indice :** une table de nombres n'écarte aucun autre algorithme.
- **Etape 1 :** produire les quatre couples.
- **Etape 2 :** distinguer inclusion et séparation.",,,,,,,,6c224d584a6a5329,,,,,,,,
MyIA.AI.Notebooks/Complexity/Complexity-03-TimeHierarchy.ipynb,exercise-one-code,code,fr,26f12f6120714580,"comparaison_budgets = None  # TODO etudiant : couples (n², n³)
print('Exercice a completer : inclusion et separation')
",,,,,,,,26f12f6120714580,,,,,,,,
MyIA.AI.Notebooks/Complexity/Complexity-03-TimeHierarchy.ipynb,exercise-two,markdown,fr,27c1416e06194bac,"### Exercice 2 — Une autre diagonale

Ajoutez une cinquième fonction à `machines`, puis reconstruisez D et expliquez pourquoi cette table finie n'est toujours pas une preuve générale.

- **Indice :** évaluer la nouvelle fonction sur son propre indice.
- **Etape 1 :** ajouter une machine.
- **Etape 2 :** recalculer les cinq oppositions.",,,,,,,,27c1416e06194bac,,,,,,,,
MyIA.AI.Notebooks/Complexity/Complexity-03-TimeHierarchy.ipynb,exercise-two-code,code,fr,3f4e4bd00d81af3d,"nouvelle_diagonale = None  # TODO etudiant : cinquieme machine et nouvelle diagonale
print('Exercice a completer : nouvelle diagonale')
",,,,,,,,3f4e4bd00d81af3d,,,,,,,,
MyIA.AI.Notebooks/Complexity/Complexity-03-TimeHierarchy.ipynb,exercise-three,markdown,fr,23711b33a07b0521,"### Exercice 3 — Dépassement de budget

Repérez les lignes dont le coût déclaré dépasse `budget(i)`. Proposez un budget qui couvre les quatre coûts et expliquez pourquoi cela ne construit pas une borne pour toutes les machines.

- **Indice :** comparer les deux colonnes numériques.
- **Etape 1 :** produire un nouveau budget.
- **Etape 2 :** énoncer la limite de ce modèle fini.",,,,,,,,23711b33a07b0521,,,,,,,,
MyIA.AI.Notebooks/Complexity/Complexity-03-TimeHierarchy.ipynb,exercise-three-code,code,fr,fd91552f13ecaf89,"budget_etendu = None  # TODO etudiant : couvrir les quatre couts
print('Exercice a completer : budget etendu')
",,,,,,,,fd91552f13ecaf89,,,,,,,,
MyIA.AI.Notebooks/Complexity/Complexity-03-TimeHierarchy.ipynb,conclusion,markdown,fr,201caaa8dc42f33e,"## Conclusion

| Geste | Vérifié ici | Non démontré ici |
|---|---|---|
| Budgets | Inclusion numérique | Séparation stricte de classes |
| Diagonale | Quatre contradictions finies | Toutes les machines admissibles |
| Simulation | Arrêt sur dépassement | Horloge et coût universel bornés |

Le théorème affirme l'existence de problèmes demandant réellement plus de temps, et non seulement de programmes lents. L'approfondissement [03b](Complexity-03b-HartmanisStearns-TimeHierarchy.ipynb) travaille le résultat historique.

**Référence** : Hartmanis, J. et Stearns, R. E. (1965), *On the computational complexity of algorithms*, Transactions of the American Mathematical Society 117, 285–306.",,,,,,,,201caaa8dc42f33e,,,,,,,,
MyIA.AI.Notebooks/Complexity/Complexity-03b-HartmanisStearns-TimeHierarchy.ipynb,c00,markdown,fr,b0866c3fe3da3966,"# Complexity-03b — Le théorème de hiérarchie temporelle de Hartmanis et Stearns (1965)

**Approfondissement de [03 — Plus de temps, plus de problèmes](Complexity-03-TimeHierarchy.ipynb)** | [Index de la série](README.md)

**Ce que ce notebook suppose en plus de sa base** : la diagonalisation sous budget de 03, puis la lecture de machines de Turing multitêtes et d'une borne de simulation. Les sections 1 et 2 reprennent des expériences déjà accessibles dans 01 et 02 ; les sections 3 et 4 étudient le théorème historique. Cette accrétion de niveau Recherche n'est pas nécessaire au parcours des numéros nus.

> **Hommage.** Richard E. Stearns (5 juillet 1936 — 29 août 2026, Ann Arbor) a reçu avec Juris
> Hartmanis le **prix Turing 1993** *« in recognition of their seminal paper which established the
> foundations for the field of computational complexity theory »*. Leur article de 1965 — écrit
> dans un laboratoire industriel de GE à Schenectady, pour un champ qui n'avait pas encore de nom —
> **lui a donné son nom** : *On the computational complexity of algorithms*, Trans. Amer. Math.
> Soc. 117, 285–306. Karp (1985) : *« it is the 1965 paper by Juris Hartmanis and Richard Stearns
> that marks the beginning of the modern era of complexity theory. »* Ce notebook travaille leur
> théorème. Sources biographiques : [CACM In Memoriam](https://cacm.acm.org/news/in-memoriam-richard-e-stearns-1936-2026/)
> (Spafford & Garfinkel, 03/09/2026) et [Computational Complexity blog](https://blog.computationalcomplexity.org/2026/09/richard-stearns-1936-2026.html)
> (Gasarch, 04/09/2026).

> **Écho dans le dépôt.** Ce notebook a été la **pierre inaugurale de la série `Complexity/`** — le
> geste fondateur de Hartmanis et Stearns (compter les pas d'une machine comme on compte des
> mètres) manquait au corpus, alors que les séries voisines l'effleurent :
> [SL-10 — Apprentissage actif d'automates](../SymbolicAI/SymbolicLearning/SL-10-ActiveAutomataLearning.ipynb)
> (automates, sans le théorème qui en fonde la hiérarchie),
> [App-13b — TSP métaheuristiques](../Search/Applications/Hybrid/App-13b-TSP-Metaheuristics-CSharp.ipynb)
> (Stearns a produit la première analyse de pire cas des heuristiques du voyageur de commerce),
> et [SocialChoice-01 — Arrow](../GameTheory/SocialChoice/01-Arrow-Impossibility-Theorem.ipynb)
> (le **tout premier papier** de Stearns, étudiant, portait sur le paradoxe d'Arrow — 1959).
> Précédent d'hommage par l'œuvre : [GameTheory-16f — Munkres](../GameTheory/GameTheory-16f-Munkres-Assignment-Python.ipynb).",,,,,,,,b0866c3fe3da3966,,,,,,,,
MyIA.AI.Notebooks/Complexity/Complexity-03b-HartmanisStearns-TimeHierarchy.ipynb,c01,markdown,fr,64cbe3645f15929c,"## 0. Pourquoi ce notebook

Le geste de 1965 tient en une phrase : **le temps est une ressource mesurable, et le mesurer
crée une hiérarchie stricte de problèmes**. Avant Hartmanis et Stearns, on savait qu'un
problème était « décidable » ou non ; après eux, on sait demander *en combien de pas*. La
rétrospective de Stearns sur Shannon donne la motivation d'origine : *« he thought there must
be a reason why things are hard »* — il doit y avoir une raison pour que certaines choses
soient dures, et cette raison se mesure.

Ce notebook suit le papier en quatre gestes, **tous exécutés** dans des cellules Python. Les
deux premiers recoupent les notebooks d'entrée de la série
([01 — Compter des pas](Complexity-01-StepCounting.ipynb),
[02 — Vérifier ou trouver](Complexity-02-P-NP-Reduction.ipynb)), qui les reprennent pas à
pas ; les deux suivants sont propres à ce notebook.

1. **Compter les pas** — un simulateur de machine de Turing multitête (le modèle exact du
   papier de 1965), avec compteur de pas : la hiérarchie se lit dans des comptes exacts, pas
   dans des chronomètres (section 1) ;
2. **Séparer empiriquement** — là où le chronomètre parle : force brute contre programmation
   dynamique sur subset-sum, le point de bascule mesuré (section 2) ;
3. **Diagonaliser** — l'argument de Cantor–Turing adapté aux budgets de temps, construit et
   vérifié sur une famille finie de machines (section 3) ;
4. **Énoncer le théorème** — la hiérarchie de 1965, ses hypothèses exactes
   (temps-constructibilité), et le prix de la simulation rendu visible (section 4).

La section 5 relie l'homme à l'œuvre inattendue (Arrow, jeux répétés), la section 6 mesure
honnêtement ce qui existe et manque dans Mathlib pour formaliser ce théorème, la section 7
conclut.",,,,,,,,64cbe3645f15929c,,,,,,,,
MyIA.AI.Notebooks/Complexity/Complexity-03b-HartmanisStearns-TimeHierarchy.ipynb,c02,code,fr,542766044cb0f536,"import math
import time
import numpy as np
import matplotlib.pyplot as plt

print(""Complexity-01 — Hartmanis-Stearns (1965)"")
print(f""numpy {np.__version__}, matplotlib {plt.matplotlib.__version__}"")",,,,,,,,542766044cb0f536,,,,,,,,
MyIA.AI.Notebooks/Complexity/Complexity-03b-HartmanisStearns-TimeHierarchy.ipynb,c03,markdown,fr,aa551111161e03e5,"## 1. Le geste fondateur : compter les pas

Le papier de 1965 ne chronomètre pas : il **compte**. Le modèle est la machine de Turing
**multitête** (plusieurs rubans, une tête par ruban), et la ressource est le **nombre de pas**
exact de la machine. Ce compte est déterministe, reproductible, indépendant du matériel — c'est
l'unité de mesure qui fonde la discipline.

Le simulateur ci-dessous implémente ce modèle : des rubans infinis aux deux extrémités, une
tête par ruban, des transitions $(q, a_1, \dots, a_k) \mapsto (q', \text{écritures}, \text{déplacements})$,
et surtout un **compteur de pas** — l'instrument du geste fondateur. Une machine s'arrête soit
dans un **état acceptant**, soit par blocage (aucune transition applicable) : le rejet est le
blocage, comme sur les machines du papier.",,,,,,,,aa551111161e03e5,,,,,,,,
MyIA.AI.Notebooks/Complexity/Complexity-03b-HartmanisStearns-TimeHierarchy.ipynb,c04,code,fr,658758f1e2d47f45,"class Ruban:
    """"""Ruban infini aux deux extremites, symbole blanc '_'.""""""
    def __init__(self, mot=""""):
        self.cellules = {i: c for i, c in enumerate(mot)}
        self.tete = 0

    def lire(self):
        return self.cellules.get(self.tete, ""_"")

    def ecrire(self, c):
        self.cellules[self.tete] = c

    def deplacer(self, d):
        self.tete += 1 if d == ""R"" else (-1 if d == ""L"" else 0)


class MachineTuring:
    """"""Machine multitete au sens de Hartmanis-Stearns 1965, compteur de pas inclus.
    Retourne l'etat d'arret : un etat acceptant, ou None (blocage = rejet / budget epuise).""""""
    def __init__(self, k_rubans, transitions, etat_initial, etats_acceptants):
        self.k = k_rubans
        self.delta = transitions  # (etat, symboles lus) -> (nouvel etat, [(ecriture, deplacement)] * k)
        self.q0 = etat_initial
        self.F = set(etats_acceptants)
        self.pas = 0

    def run(self, mot, max_pas=100_000):
        rubans = [Ruban(mot) if i == 0 else Ruban() for i in range(self.k)]
        etat = self.q0
        self.pas = 0
        while etat not in self.F:
            if self.pas >= max_pas:
                return None, rubans  # budget epuise
            lus = tuple(r.lire() for r in rubans)
            if (etat, lus) not in self.delta:
                return None, rubans  # blocage : rejet
            etat, ecritures = self.delta[(etat, lus)]
            for r, (c, d) in zip(rubans, ecritures):
                r.ecrire(c)
                r.deplacer(d)
            self.pas += 1
        return etat, rubans


def lire_ruban(r):
    if not r.cellules:
        return """"
    fin = max(r.cellules)
    return """".join(r.cellules.get(i, ""_"") for i in range(fin + 1)).rstrip(""_"")


# --- Machine A : increment binaire, 1 ruban ---
inc = MachineTuring(
    1,
    {
        (""q0"", (""0"",)): (""q0"", ((""0"", ""R""),)),
        (""q0"", (""1"",)): (""q0"", ((""1"", ""R""),)),
        (""q0"", (""_"",)): (""q1"", ((""_"", ""L""),)),
        (""q1"", (""1"",)): (""q1"", ((""0"", ""L""),)),
        (""q1"", (""0"",)): (""qF"", ((""1"", ""S""),)),
        (""q1"", (""_"",)): (""qF"", ((""1"", ""S""),)),
    },
    ""q0"", [""qF""],
)

etat, rubans = inc.run(""1011"")
print(f""increment('1011') -> {lire_ruban(rubans[0])} (attendu 1100), etat={etat}, {inc.pas} pas"")",,,,,,,,658758f1e2d47f45,,,,,,,,
MyIA.AI.Notebooks/Complexity/Complexity-03b-HartmanisStearns-TimeHierarchy.ipynb,c05,code,fr,32805dcdd7526721,"# --- Machine B : palindrome sur {0,1}, 1 ruban, zigzag O(n^2) ---
# Comparer premier et dernier caractere, les rayer ('x'), recommencer.
# Rejet = etat puits 'rejeter' sans transition sortante -> blocage.
D = {}
D[(""scan"", (""0"",))] = (""marque0"", ((""x"", ""R""),))
D[(""scan"", (""1"",))] = (""marque1"", ((""x"", ""R""),))
D[(""scan"", (""x"",))] = (""scan"", ((""x"", ""R""),))
D[(""scan"", (""_"",))] = (""fin"", ((""_"", ""S""),))          # ruban epuise -> accepter
D[(""marque0"", (""0"",))] = (""marque0"", ((""0"", ""R""),))
D[(""marque0"", (""1"",))] = (""marque0"", ((""1"", ""R""),))
D[(""marque0"", (""x"",))] = (""verif0"", ((""x"", ""L""),))
D[(""marque0"", (""_"",))] = (""verif0"", ((""_"", ""L""),))
D[(""marque1"", (""0"",))] = (""marque1"", ((""0"", ""R""),))
D[(""marque1"", (""1"",))] = (""marque1"", ((""1"", ""R""),))
D[(""marque1"", (""x"",))] = (""verif1"", ((""x"", ""L""),))
D[(""marque1"", (""_"",))] = (""verif1"", ((""_"", ""L""),))
D[(""verif0"", (""0"",))] = (""retour"", ((""x"", ""L""),))      # dernier = 0 : rayer
D[(""verif1"", (""1"",))] = (""retour"", ((""x"", ""L""),))      # dernier = 1 : rayer
D[(""verif0"", (""1"",))] = (""rejeter"", ((""1"", ""S""),))     # mismatch -> puits
D[(""verif1"", (""0"",))] = (""rejeter"", ((""0"", ""S""),))
D[(""verif0"", (""x"",))] = (""fin"", ((""x"", ""S""),))         # un seul caractere restant
D[(""verif1"", (""x"",))] = (""fin"", ((""x"", ""S""),))
for s in (""0"", ""1"", ""x""):
    D[(""retour"", (s,))] = (""retour"", ((s, ""L""),))
D[(""retour"", (""_"",))] = (""scan"", ((""_"", ""R""),))        # revenir au debut
pal = MachineTuring(1, D, ""scan"", [""fin""])

# Verification de correction avant toute mesure
for mot, attendu in [(""0110"", ""fin""), (""0100"", None), (""0"", ""fin""), (""0110110"", ""fin"")]:
    etat, _ = pal.run(mot)
    assert etat == (attendu if attendu else None), f""pal({mot}) -> {etat}, attendu {attendu}""
print(""verifications : pal accepte 0110, 0110110, 0 ; rejette 0100 (blocage). OK"")

print()
print(f""{'n':>4} | {'pas inc':>8} | {'pas pal':>8} | rapport pal/inc"")
print(""-"" * 40)
for n in (4, 8, 16, 32, 64):
    moitie = """".join(""01""[(i * 7) % 2] for i in range(n))
    mot = moitie + moitie[::-1]        # palindrome de longueur 2n
    inc.run(mot)
    pal.run(mot, max_pas=500_000)
    print(f""{len(mot):>4} | {inc.pas:>8} | {pal.pas:>8} | {pal.pas / inc.pas:>12.2f}x"")

print()
print(""Le compte exact confirme la theorie : increment ~ lineaire, palindrome ~ quadratique."")
print(""C'est LE geste de 1965 : la ressource n'est pas un chrono, c'est un compte de pas."")",,,,,,,,32805dcdd7526721,,,,,,,,
MyIA.AI.Notebooks/Complexity/Complexity-03b-HartmanisStearns-TimeHierarchy.ipynb,c06,markdown,fr,38413bb6a0d4ba77,"**Lecture.** Les deux machines tournent sur la même famille d'entrées (des palindromes de
longueur croissante), et leurs comptes de pas croissent comme $\Theta(n)$ et $\Theta(n^2)$. La
définition fondatrice s'écrit alors naturellement :

$$\mathrm{TIME}(f) = \{ L \mid \text{une machine multitête décide } L \text{ en } O(f(n)) \text{ pas} \}$$

Tout l'édifice de la discipline est dans cette parenthèse : la **classe** n'est pas une
propriété d'un problème isolé mais d'une **famille** d'instances mesurée en nombre de pas.
La question fondatrice de Hartmanis et Stearns devient : *ces ensembles sont-ils emboîtés
strictement ?* Y a-t-il des problèmes qui exigent *réellement* plus de pas — pas par
maladresse de programmeur, mais par nature ?",,,,,,,,38413bb6a0d4ba77,,,,,,,,
MyIA.AI.Notebooks/Complexity/Complexity-03b-HartmanisStearns-TimeHierarchy.ipynb,c07,markdown,fr,b84b68690a87da3a,"## 2. Séparer : ce que « plus de temps achète » se mesure

Avant le théorème, l'intuition expérimentale. Trois familles d'algorithmes, trois croissances
($n \log n$, $n^2$, $2^n$), mesurées au chronomètre — ici le chrono est légitime : il
approxime le compte de pas à un facteur machine près.

**Subset-sum** servira de séparatrice honnête : le même problème, deux algorithmes —
force brute en $\Theta(2^n \cdot n)$ contre programmation dynamique en $\Theta(n \cdot S)$ —
et l'écart mesuré. C'est la version lisible de ce que le théorème de la section 4 démontre
pour des langages *bien choisis* : plus de budget de temps sépare des classes.",,,,,,,,b84b68690a87da3a,,,,,,,,
MyIA.AI.Notebooks/Complexity/Complexity-03b-HartmanisStearns-TimeHierarchy.ipynb,c08,code,fr,8d941179b6b82a04,"def mesurer(f, n, repetitions=3):
    """"""Temps MINIMAL sur repetitions essais : la course la moins contaminee
    par l'ordonnanceur (machine partagee) approxime au mieux le cout propre.""""""
    temps = []
    for _ in range(repetitions):
        t0 = time.perf_counter()
        f(n)
        temps.append(time.perf_counter() - t0)
    return min(temps)


def tri(n):
    rng = np.random.default_rng(n)
    return np.sort(rng.integers(0, 10**6, size=n))


def paires(n):
    rng = np.random.default_rng(n)
    x = rng.random(n)
    return float(np.abs(x[:, None] - x[None, :]).sum())


def boucle_exp(n):
    c = 0
    for _ in range(2 ** n):
        c += 1
    return c


tailles_tri = [1_000, 2_000, 4_000, 8_000, 16_000, 32_000]
tailles_paires = [250, 500, 1_000, 2_000, 4_000]
tailles_exp = [18, 19, 20, 21, 22, 23]

t_tri = [mesurer(tri, n) for n in tailles_tri]
t_paires = [mesurer(paires, n, 3) for n in tailles_paires]
t_exp = [mesurer(boucle_exp, n, 5) for n in tailles_exp]

fig, ax = plt.subplots(figsize=(7, 4.5))
ax.loglog(tailles_tri, t_tri, ""o-"", label=""tri numpy : $O(n \\log n)$"")
ax.loglog(tailles_paires, t_paires, ""s-"", label=""paires : $O(n^2)$"")
ax.loglog(tailles_exp, t_exp, ""^-"", label=""boucle $2^n$"")
ax.set_xlabel(""taille $n$"")
ax.set_ylabel(""temps (s)"")
ax.set_title(""Trois croissances mesurées — l'échelle de la ressource temporelle"")
ax.legend()
ax.grid(True, which=""both"", alpha=0.3)
plt.tight_layout()
plt.show()

print(""quand n passe au quadruple (fin de gamme) :"")
print(f""  tri    : temps x{t_tri[-1] / t_tri[-3]:.1f}"")
print(f""  paires : temps x{t_paires[-1] / t_paires[-3]:.1f}"")
n2 = tailles_exp[-1] - tailles_exp[-3]
print(f""  2^n    : n gagne +{n2} -> operations x{2 ** n2} (exact) ; chrono x{t_exp[-1] / t_exp[-3]:.1f}"")
print(""Le compte d'operations est deterministe ; le chrono le confirme a un facteur machine pres."")",,,,,,,,8d941179b6b82a04,,,,,,,,
MyIA.AI.Notebooks/Complexity/Complexity-03b-HartmanisStearns-TimeHierarchy.ipynb,c09,code,fr,020dc594fd6cdd3f,"def subset_brut(poids, cible):
    """"""Force brute : enumere les 2^n sous-ensembles.
    Retourne (verdict, operations) : compte deterministe.""""""
    n = len(poids)
    ops = 0
    for masque in range(2 ** n):
        s = 0
        for i in range(n):
            ops += 1
            if masque >> i & 1:
                s += poids[i]
        if s == cible:
            return True, ops
    return False, ops


def subset_dp(poids, cible):
    """"""Programmation dynamique : table booleenne sur les sommes 0..cible.
    Retourne (verdict, cases) : chaque case visitee = 1 operation comptee.""""""
    atteignable = [False] * (cible + 1)
    atteignable[0] = True
    cases = 0
    for p in poids:
        for s in range(cible, p - 1, -1):
            cases += 1
            if atteignable[s - p]:
                atteignable[s] = True
    return atteignable[cible], cases


rng = np.random.default_rng(42)
print(f""{'n':>3} | {'ops brut':>10} | {'cases dp':>9} | {'brut (s)':>9} | {'dp (s)':>8}"")
print(""-"" * 56)
for n in (8, 11, 14, 17):
    poids = rng.integers(1, 60, size=n).tolist()
    cible = int(sum(poids) // 2)
    t0 = time.perf_counter()
    tb, ops_b = subset_brut(poids, cible)
    t_brut = time.perf_counter() - t0
    t0 = time.perf_counter()
    td, cases_d = subset_dp(poids, cible)
    t_dp = time.perf_counter() - t0
    assert tb == td, ""les deux algorithmes doivent convenir""
    print(f""{n:>3} | {ops_b:>10} | {cases_d:>9} | {t_brut:>9.4f} | {t_dp:>8.5f}"")

print()
print(""Meme verdict des deux cotes (assertion verifiee a chaque ligne). Les compteurs"")
print(""d'operations - deterministes, comme les pas comptes en section 1 - remplacent le"")
print(""chrono comme preuve : la brute vit sous n * 2^n (arret des qu'un masque convient),"")
print(""la dp visite de l'ordre de n * S cases, S = somme visee."")",,,,,,,,020dc594fd6cdd3f,,,,,,,,
MyIA.AI.Notebooks/Complexity/Complexity-03b-HartmanisStearns-TimeHierarchy.ipynb,c10,markdown,fr,b899211e3c68dee9,"**Lecture.** Les deux algorithmes rendent le même verdict (l'`assert` le prouve à chaque
ligne) mais leurs coûts vivent dans des mondes différents : la force brute double quand $n$
croît de 1, la dynamique reste plate tant que $n \cdot S$ reste modéré. **Aucun des deux n'est
« faux »** — mais l'un vit dans $\mathrm{TIME}(2^{n})$, l'autre dans $\mathrm{TIME}(nS)$.
La question fondatrice se pose alors avec précision : existe-t-il des langages pour lesquels
**aucune machine astucieuse** ne peut descendre sous un certain budget — la dureté est-elle
une propriété du *problème*, pas de l'algorithme qu'on a écrit ? La réponse de 1965 :
**oui, et en quantité dénombrable** — c'est le théorème de hiérarchie, dont l'outil est la
diagonalisation.",,,,,,,,b899211e3c68dee9,,,,,,,,
MyIA.AI.Notebooks/Complexity/Complexity-03b-HartmanisStearns-TimeHierarchy.ipynb,c11,markdown,fr,f7b29f0c4439a55b,"### Exercice 1 — Prédire le point de bascule

La DP gagne dès que $2^n$ dépasse $n \cdot S$… en *opérations*. Mais son coût dépend de la
plage des poids : avec des poids dans $[1, 60]$, $S \le 60n$ ; avec des poids dans
$[1, 10^4]$, $S$ explose et la DP peut perdre.

**Objectif** : mesurer le rapport $t_{brut}/t_{dp}$ pour les deux plages de poids
(`[1, 60]` et `[1, 10_000]`), $n$ de 8 à 17, et expliquer en une phrase pourquoi la plage
haute déplace (ou détruit) la bascule.

- **Indice :** reprendre la boucle ci-dessus avec `rng.integers(1, plage, size=n)`.
- **Etape 1 :** tracer le rapport t_brut/t_dp pour chaque plage.
- **Etape 2 :** comparer les deux courbes et localiser le croisement (s'il existe).
",,,,,,,,f7b29f0c4439a55b,,,,,,,,
MyIA.AI.Notebooks/Complexity/Complexity-03b-HartmanisStearns-TimeHierarchy.ipynb,c12,code,fr,bf56c7705c741f2b,"# Exercice 1 : a completer
resultat_bascule = None  # TODO etudiant : {(plage, n): rapport} mesure
print(""Exercice a completer : mesurer le point de bascule pour deux plages de poids"")",,,,,,,,bf56c7705c741f2b,,,,,,,,
MyIA.AI.Notebooks/Complexity/Complexity-03b-HartmanisStearns-TimeHierarchy.ipynb,c13,markdown,fr,66426064cb95afb4,"## 3. Diagonaliser sous budget : l'argument exécuté

L'argument de Cantor–Turing s'adapte aux budgets de temps. Idée : **énumérer** les machines
$M_0, M_1, M_2, \dots$ et construire une langue $D$ qui **diffère de $M_i$ sur l'entrée $i$** :
simuler $M_i(i)$ pendant un budget $f(i)$, et répondre l'inverse. Si $M_i$ dépasse son budget,
$D$ répond « oui » — et diffère quand même : une machine qui ne tient pas son budget n'est
pas dans $\mathrm{TIME}(f)$, donc ne peut pas être $D$. Aucune machine de la liste ne décide
$D$ **en $f(i)$ pas** ; et si la liste est assez riche, c'est une **preuve d'existence** de
problèmes durs pour chaque budget.

La cellule suivante **exécute** la construction sur une famille finie de cinq machines
(« recognaisseurs » Python sur les indices $0..4$, avec coût en pas explicite) — l'ombre
finie du théorème infini : chaque ligne du tableau montre $D$ différer de $M_i$ **sur sa
propre diagonale**.",,,,,,,,66426064cb95afb4,,,,,,,,
MyIA.AI.Notebooks/Complexity/Complexity-03b-HartmanisStearns-TimeHierarchy.ipynb,c14,code,fr,35a62c3ca42f945d,"def simule(machine, entree, budget):
    """"""Simule machine(entree) avec un budget de pas.
    machine retourne (verdict, pas_effectues) ; si pas > budget -> (None, pas).""""""
    verdict, pas = machine(entree)
    if pas > budget:
        return None, pas
    return verdict, pas


# Famille finie de ""machines"" : (verdict sur l'entree i, cout en pas).
familles = [
    lambda i: (i % 2 == 0, 1 + i),          # M0 : parite, lineaire
    lambda i: (True, 3 ** i),               # M1 : accepte tout, cout exponentiel en i
    lambda i: (i < 3, 3 * i + 2),           # M2 : petit seuil, lineaire
    lambda i: (i % 3 != 0, i * i),          # M3 : mod 3, quadratique
    lambda i: (False, 4 ** i),              # M4 : rejette tout, cout exponentiel
]


def budget_f(i):
    """"""Budget diagonal f(i) = i^2 + 10 (joue le role du f log f du theoreme).""""""
    return i * i + 10


print(f""{'i':>2} | {'M_i(i)':>7} | {'pas':>6} | {'budget':>7} | {'D(i)':>5} | differe"")
print(""-"" * 50)
D = {}
for i, M in enumerate(familles):
    verdict, pas = simule(M, i, budget_f(i))
    d_i = not (verdict is True)   # rejette si M_i accepte ; accepte sinon (budget inclus)
    D[i] = d_i
    print(f""{i:>2} | {str(verdict):>7} | {pas:>6} | {budget_f(i):>7} | {str(d_i):>5} | oui"")

diffs = sum(1 for i, M in enumerate(familles) if D[i] != simule(M, i, budget_f(i))[0])
print()
print(f""D differe de chaque M_i sur sa diagonale : {diffs}/{len(familles)} lignes."")
print(""La ligne i=4 exhibe le cas cle : M4(4) coute 4^4 = 256 pas > budget 26 -> verdict"")
print(""None, et D(4) = True SANS avoir termine la simulation. C'est legitime : une machine"")
print(""qui depasse son budget n'est pas dans TIME(f), donc ne peut pas etre D. Regardez"")
print(""aussi M3 : i^2 ne depasse jamais i^2+10 — c'est la MARGE du budget qui la contient ;"")
print(""l'Exercice 2 la retire."")",,,,,,,,35a62c3ca42f945d,,,,,,,,
MyIA.AI.Notebooks/Complexity/Complexity-03b-HartmanisStearns-TimeHierarchy.ipynb,c15,markdown,fr,f5fa9bbc13a5b7be,"**Pourquoi le budget ne tue pas l'argument.** Le point délicat — c'est là que 1965 innove
par rapport à Cantor et Turing — est que simuler $M_i$ pendant $t$ pas **coûte** quelque chose
à la machine qui diagonalise (à une machine universelle multitête : $O(t \log t)$, à cause du
coût de gestion des rubans et de la table de transitions). Si le budget $f$ est trop petit
devant le coût de la simulation, la machine $D$ elle-même explose et la diagonalisation
s'effondre. La parade exige deux ingrédients, tous deux dans le papier :

- une fonction $f$ **temps-constructible** : une machine qui, sur entrée de longueur $n$,
  s'arrête en exactement $\Theta(f(n))$ pas — on sait *chronométrer* sans dépasser ;
- un budget diagonal avec de la marge : $f$ assez grande pour payer la simulation des
  machines qu'elle diagonalise.

C'est exactement la source du facteur $\log$ du théorème — pas une scorie : c'est le **prix
de la simulation**, payé à chaque étage de la hiérarchie.",,,,,,,,f5fa9bbc13a5b7be,,,,,,,,
MyIA.AI.Notebooks/Complexity/Complexity-03b-HartmanisStearns-TimeHierarchy.ipynb,c16,markdown,fr,5dcdbe9dd8405013,"### Exercice 2 — Diagonaliser avec un budget serré

La construction ci-dessus utilise $f(i) = i^2 + 10$, qui **domine** le coût $i^2$ de $M_3$.
On veut voir l'argument vaciller : budget serré $f(i) = 2i + 6$.

**Objectif** : reprendre la boucle avec ce budget, compter les lignes où le verdict simulé
est `None` (budget épuisé), et dire en une phrase ce que cela illustre : *le budget doit
dominer le coût des machines diagonalisées, sinon la diagonale ne dit plus rien de leurs
verdicts réels*.

- **Indice :** M3(i) coute i*i pas ; comparez a 2i+6 pour i = 0..4, ligne par ligne.
- **Etape 1 :** recompter la colonne 'None' avec budget_f_serre = lambda i: 2 * i + 6.
- **Etape 2 :** pour ces lignes, D(i) vaut True par convention — mais M3 rend quand meme
  un verdict reel si on la laissait finir. La difference D vs M3 est-elle
  encore une preuve que M3 ne decide pas D en 2i+6 pas ? (oui — pourquoi ?)
",,,,,,,,5dcdbe9dd8405013,,,,,,,,
MyIA.AI.Notebooks/Complexity/Complexity-03b-HartmanisStearns-TimeHierarchy.ipynb,c17,code,fr,6bc712a3dae24174,"# Exercice 2 : a completer
lignes_budget_epuise = None  # TODO etudiant : nombre de lignes None avec f(i) = 2i+6
print(""Exercice a completer : diagonaliser avec f(i) = 2i+6 et compter les budgets epuises"")",,,,,,,,6bc712a3dae24174,,,,,,,,
MyIA.AI.Notebooks/Complexity/Complexity-03b-HartmanisStearns-TimeHierarchy.ipynb,c18,markdown,fr,8fed31bf33300667,"## 4. Le théorème de 1965, énoncé et instrumenté

> **Théorème (Hartmanis & Stearns 1965, forme multitête).** Pour toute fonction $f$
> temps-constructible,
> $$\mathrm{TIME}(f) \subsetneq \mathrm{TIME}(f \log f)$$
> — il existe un langage décidable en $O(f \log f)$ pas mais par **aucune** machine
> multitête en $O(f)$ pas.

Trois lectures, toutes dans l'esprit du papier :

1. **La hiérarchie est infinie** : en itérant $f \mapsto f \log f$, on obtient une chaîne
   stricte infinie de classes — « plus de temps ⟹ strictement plus de problèmes résolubles »,
   l'énoncé fondateur, vérifié une infinité de fois ;
2. **La dureté existe** : pour chaque budget, il existe des problèmes **prouvablement** au-delà —
   la diagonale de la section 3 en est la preuve d'existence constructive ;
3. **La limite de l'outil** : la diagonalisation sépare des budgets *éloignés* (d'un facteur
   $\log$), elle ne dit rien de $\mathrm{TIME}(n^{1.1})$ contre $\mathrm{TIME}(n)$ — et
   elle ne résoudra pas P ≠ NP (relativisation, Baker–Gill–Solovay 1975). Un fondateur qui
   connaît les limites de son propre outil : c'est aussi ça, 1965.

Les deux ingrédients du théorème, instrumentés : une **horloge** temps-constructible (le coût
réellement compté d'une écriture d'indices en binaire, $\Theta(n \log n)$ par construction),
et le **prix de la simulation** — le facteur dont la somme fait le $\log$ du théorème.",,,,,,,,8fed31bf33300667,,,,,,,,
MyIA.AI.Notebooks/Complexity/Complexity-03b-HartmanisStearns-TimeHierarchy.ipynb,c19,code,fr,77045e83073a499a,"def horloge(n):
    """"""Horloge temps-constructible : pour chaque position i de l'entree (0..n-1),
    ecrit l'indice i en binaire sur le ruban de travail, bit par bit.
    Chaque ecriture de bit = 1 pas compte ; le total est Theta(n log n) PAR CONSTRUCTION
    (somme des longueurs binaires des indices).""""""
    pas = 0
    for i in range(n):
        for _ in bin(i)[2:]:
            pas += 1
    return pas


print(f""{'n':>5} | {'horloge(n)':>10} | {'n*ceil(log2 n)':>14}"")
print(""-"" * 38)
for n in (4, 8, 16, 32, 64, 128, 256):
    print(f""{n:>5} | {horloge(n):>10} | {n * math.ceil(math.log2(n)):>14}"")

print()
print(""L'horloge est sous la borne n*ceil(log2 n), du meme ordre : Theta(n log n) exact."")
print(""Temps-constructible = on sait chronometrer ce cout SANS le depasser : c'est le"")
print(""premier ingredient du theoreme."")
print()
print(""--- Prix de la simulation : interpreter une machine pas a pas ---"")


def interpreter_pas_a_pas(machine, mot, max_pas):
    """"""Comme run(), mais via une couche d'interpretation qui journalise son propre cout :
    chaque pas simule paie une recherche dans la table des transitions, O(log |delta|).""""""
    rubans = [Ruban(mot) if i == 0 else Ruban() for i in range(machine.k)]
    etat = machine.q0
    cout = 0
    pas = 0
    while etat not in machine.F and pas < max_pas:
        lus = tuple(r.lire() for r in rubans)
        cout += len(machine.delta).bit_length()
        if (etat, lus) not in machine.delta:
            break  # blocage : rejet — l'interpretation s'arrete aussi
        etat, ecritures = machine.delta[(etat, lus)]
        for r, (c, d) in zip(rubans, ecritures):
            r.ecrire(c)
            r.deplacer(d)
        pas += 1
    return pas, cout


for nom, mach in [(""increment (|delta|=6)"", inc), (""palindrome (|delta|=22)"", pal)]:
    mot = ""0110"" * 8  # palindrome : les deux machines y tournent jusqu'au bout
    p, c = interpreter_pas_a_pas(mach, mot, 50_000)
    print(f""{nom:>26} : {p:>5} pas simules, cout interprete {c:>6} -> facteur x{c / p:.2f}"")

print()
print(""Le facteur depend de la TAILLE DE DESCRIPTION de la machine simulee (log |delta|),"")
print(""pas de la longueur d'entree : c'est le prix de la simulation, et la source du"")
print(""facteur log dans TIME(f) < TIME(f log f) — paye a chaque etage de la hierarchie."")",,,,,,,,77045e83073a499a,,,,,,,,
MyIA.AI.Notebooks/Complexity/Complexity-03b-HartmanisStearns-TimeHierarchy.ipynb,c20,markdown,fr,a063f77fc52073ca,"### Exercice 3 — La machine qui ne peut pas suivre

Construire sur le simulateur multitête une machine qui décide le langage
$L = \{ww \mid w \in \{0,1\}^*\}$ (un mot doublé) en zigzag quadratique, mesurer ses
pas pour des entrées de $n = 8, 16, 32$, et comparer au palindrome de la section 1 : même
famille de coût ou non ?

**Objectif** : la table de transitions, la série de comptes, et une phrase d'interprétation.

- **Indice :** comme le palindrome (comparer premier/dernier, rayer, recommencer) mais la
  parite doit etre gardee : si une seule case NON-rayee reste a la fin, rejeter —
  le palindrome l'accepte (centre seul), le doublon ne le doit pas.
- **Etape 1 :** deriver la table de D (section 1) : etat 'centre' qui rejette au lieu d'accepter.
- **Etape 2 :** mesurer pas(n) et comparer les rapports pas(n)/pas(n/2) aux deux machines.
",,,,,,,,a063f77fc52073ca,,,,,,,,
MyIA.AI.Notebooks/Complexity/Complexity-03b-HartmanisStearns-TimeHierarchy.ipynb,c21,code,fr,c499ae357d2157c4,"# Exercice 3 : a completer
transitions_doublement = {}  # TODO etudiant : table derivee de `pal` avec garde de parite
print(""Exercice a completer : machine de {ww}, comptes de pas et comparaison au palindrome"")",,,,,,,,c499ae357d2157c4,,,,,,,,
MyIA.AI.Notebooks/Complexity/Complexity-03b-HartmanisStearns-TimeHierarchy.ipynb,c22,markdown,fr,ef8675eee807c2b5,"## 5. Le Stearns inattendu : Arrow et les jeux répétés

L'homme qui a fondé la théorie de la complexité a **commencé ailleurs**, et ces débuts sont
déjà dans le dépôt :

- **Arrow, 1959.** Le tout premier papier de Stearns — étudiant à Carleton College — portait
  sur le **paradoxe d'Arrow**, publié dans *The American Mathematical Monthly*. Le dépôt
  possède la série complète : [SocialChoice-01 — Arrow](../GameTheory/SocialChoice/01-Arrow-Impossibility-Theorem.ipynb)
  et le lake [`game_theory_lean`](../GameTheory/game_theory_lean/) avec
  `SocialChoice/Arrow.lean`. Relier l'impossibilité d'agrégation au destin du futur
  fondateur de la complexité : deux façons de dire *« certaines choses sont structurellement
  hors d'atteinte »*.
- **Jeux répétés, 1964–1966.** Stearns a travaillé à l'*Arms Control and Disarmament Agency*
  sur les **jeux répétés à information incomplète** — la théorie des jeux comme outil de
  contrôle des armements. Ce travail devint un chapitre du livre d'Aumann et Maschler (1995,
  prix Lanchester), dont la page de titre porte *« with the collaboration of Richard E.
  Stearns »* ; il appelait l'épisode *« the story of how I almost won the Lanchester
  Prize »*. Le dépôt possède [`game_theory_lean/RepeatedGames`](../GameTheory/game_theory_lean/RepeatedGames/)
  (lake complet) et l'écho coopératif dans
  [ICT-13 — Axelrod](../IIT/ICT-Series/ICT-13-AxelrodStrategicMorphodynamics-Python.ipynb).

Ces deux fils (impossibilité d'agrégation, jeux répétés sous information incomplète) seront
approfondis dans les volets 2 et 3 de l'hommage — l'encart présent suffit à dire le lien.

## 6. Le gap Mathlib, mesuré honnêtement

Peut-on formaliser le théorème de 1965 en Lean 4 sur Mathlib ? Mesure firsthand (13/09/2026,
méthode de l'analyse discrepancy — lister nommément l'étage absent) :

**Présent** dans `Mathlib/Computability/` : `TuringMachine/` (rubans, configurations,
machines à piles, `ToPartrec`, `Computable`), `Halting.lean` (**l'indécidabilité — le
prototype diagonal le plus proche**), `Reduce.lean` (réductions many-one), `TuringDegree.lean`,
et la théorie des automates (DFA/NFA/regex/Myhill–Nerode/grammaires hors-contexte).

**Absent — le verdict** : aucun dossier `Mathlib/Computability/Complexity/`. Ni $\mathrm{TIME}(f)$,
ni machine universelle avec **overhead temporel**, ni comptage de pas borné, ni théorème de
hiérarchie. Les vœux correspondants figurent encore à l'état d'aspiration dans
`docs/1000.yaml` (théorèmes de hiérarchie temps/espace, théorème de Cook). Corroboration :
le fil Zulip mathlib (déc. 2021) — le cadre pour « complexity classes like P » n'existe pas ;
l'effort Coq pour Cook–Levin a coûté plus de 100 heures rien que pour la simulation
langage→machine.

**Conséquence pour cette série** : pas de lake `complexity_lean` aujourd'hui — poser les
définitions sans preuve violerait la discipline sorry=0 du dépôt. Ce notebook reste
**pédagogique**, son encart « gap » joue le rôle du jumeau formel en attendant : si Mathlib
gagne une couche Complexity, la formalisation du théorème de hiérarchie temps sera le grain
naturel de révision de cette section.",,,,,,,,ef8675eee807c2b5,,,,,,,,
MyIA.AI.Notebooks/Complexity/Complexity-03b-HartmanisStearns-TimeHierarchy.ipynb,c23,markdown,fr,d40466c62a2a9b21,"## 7. Conclusion

| Geste | Où | Ce qui a été mesuré |
|---|---|---|
| Compter les pas | Section 1 | Comptes exacts : increment $\Theta(n)$ contre palindrome zigzag $\Theta(n^2)$, machine vérifiée (accepte/rejette) |
| Séparer | Section 2 | Trois croissances chronométrées ; subset-sum : force brute vs DP, même verdict (`assert` à chaque ligne), écart d'un facteur exponentiel |
| Diagonaliser | Section 3 | Construction exécutée : $D$ diffère de chaque $M_i$ sur sa diagonale, budget épuisé inclus dans l'argument |
| Énoncer | Section 4 | Horloge temps-constructible (coût réel compté, $\Theta(n\log n)$) ; prix de la simulation mesuré sur deux machines (facteur $\log \lvert\Delta\rvert$) |

**Ce que 1965 a fondé.** Avant Hartmanis et Stearns : « décidable ou non ». Après : une
échelle infinie de budgets, des classes strictement emboîtées, et l'idée que la dureté d'un
problème est une propriété **mesurable** — le geste que ce notebook a rejoué cellule par
cellule. La limite de l'outil (relativisation) est aussi dans l'héritage : savoir ce que la
diagonalisation ne prouvera pas fait partie de la leçon.

**Hommage.** Ce notebook travaille le théorème d'un homme qui a passé sa vie à mesurer pourquoi
les choses sont dures — et qui, étudiant, avait commencé par prouver qu'aucune agrégation
parfaite n'existe. Sources : [CACM In Memoriam](https://cacm.acm.org/news/in-memoriam-richard-e-stearns-1936-2026/),
[Computational Complexity blog](https://blog.computationalcomplexity.org/2026/09/richard-stearns-1936-2026.html).

## Références

— Hartmanis, J., & Stearns, R. E. (1965). « On the computational complexity of algorithms ».
*Transactions of the American Mathematical Society* 117, 285–306.
— Stearns, R. E. (1959). « The problem of aggregation of preferences in a socialist community ».
*The American Mathematical Monthly* 66(6), 485–486. (premier papier)
— Aumann, R. J., & Maschler, M. (1995). *Repeated Games with Incomplete Information*.
MIT Press — « with the collaboration of Richard E. Stearns ».
— Baker, T., Gill, J., & Solovay, R. (1975). « Relativizations of the P =? NP question ».
*SIAM Journal on Computing* 4(4), 431–442.
— Spafford, E., & Garfinkel, S. (2026). « Richard E. Stearns (1936–2026) ». *CACM In Memoriam*.
— Gasarch, W. (2026). « Richard Stearns 1936–2026 ». *Computational Complexity blog*.",,,,,,,,d40466c62a2a9b21,,,,,,,,
MyIA.AI.Notebooks/Complexity/Complexity-03c-ComplexityZoo-Navigation-Python.ipynb,9edea6ee,code,fr,d8cfd07b7b0f3965,"# Parameters
BATCH_MODE = ""true""",,,,,,,,d8cfd07b7b0f3965,,,,,,,,
MyIA.AI.Notebooks/Complexity/Complexity-03c-ComplexityZoo-Navigation-Python.ipynb,1bd8357e,markdown,fr,904047134179373c,"# Complexity-03c — Naviguer le Zoo exécutable

**Navigation** : [Index](README.md) | [03 — Plus de temps, plus de problèmes](Complexity-03-TimeHierarchy.ipynb) | [03b — Hartmanis–Stearns](Complexity-03b-HartmanisStearns-TimeHierarchy.ipynb) | [04 — Décider sans connaître la suite →](Complexity-04-OnlineAlgorithms-Python.ipynb)

Inclusions vérifiées sur des instances réelles, oracles jouets séparant deux mondes, carte des non-séparations.
Le [Complexity Zoo](https://complexityzoo.net) — registre fondé par Scott Aaronson — comme terrain de navigation.",,,,,,,,904047134179373c,,,,,,,,
MyIA.AI.Notebooks/Complexity/Complexity-03c-ComplexityZoo-Navigation-Python.ipynb,ec7e7e23,markdown,fr,44c2f6e551bf43f2,"## 0. Pourquoi ce notebook

Approfondissement du palier [03 — Hiérarchie en temps](Complexity-03-TimeHierarchy.ipynb),
compagnon de [03b — Hartmanis & Stearns](Complexity-03b-HartmanisStearns-TimeHierarchy.ipynb) : après le
temps compté et sa hiérarchie stricte, ce carnet prend la carte entière des classes et la fait naviguer.
La série se lit par ailleurs
[01 — Compter des pas](Complexity-01-StepCounting.ipynb),
[02 — Vérifier contre trouver](Complexity-02-P-NP-Reduction.ipynb),
[04 — Décider sans connaître la suite](Complexity-04-OnlineAlgorithms-Python.ipynb),
[04b — Conjectures online](Complexity-04b-OnlineConjectures-Secretary-KServer.ipynb),
[05b — Aaronson & Arkhipov](Complexity-05b-AaronsonArkhipov-PermanenteBosonSampling.ipynb) et
[06 — Déquantification](Complexity-06-Aaronson-Dequantification-Stabilizer.ipynb).

Le Zoo recense plus de 500 classes de complexité. Une table d'inclusions recopiée serait une étagère ;
ce notebook **navigue** le Zoo : chaque arête d'inclusion est **tournee sur des instances** (solveurs reels,
temps et memoire mesures), la question des séparations est rendue **concrete par des oracles jouets**
(Baker–Gill–Solovay, deux mondes construits et executes), et la carte des non-séparations se termine sur
la barriere qui les protege : la relativisation.

Famille Aaronson (Epic #16781, veine 2) : le Zoo et la Zoo Map sont l'objet pédagogique nommé par le brief —
ce carnet en est l'organe d'entrée.",,,,,,,,44c2f6e551bf43f2,,,,,,,,
MyIA.AI.Notebooks/Complexity/Complexity-03c-ComplexityZoo-Navigation-Python.ipynb,f3342d8e,code,fr,2b3391e9648eef36,"import json
import random as GENERATEUR
import time
from collections import defaultdict

# Toutes les experiences de ce carnet sont deterministes : chaque generateur
# d'instances est execute sous graine fixee, les chronos sont encadres.
GENERATEUR.seed(20260925)

def chrono(fonction, *args, repetitions=3):
    durees = []
    for _ in range(repetitions):
        debut = time.perf_counter()
        resultat = fonction(*args)
        durees.append(time.perf_counter() - debut)
    return resultat, min(durees)

print(""Chronometre et generateur severes en place."")",,,,,,,,2b3391e9648eef36,,,,,,,,
MyIA.AI.Notebooks/Complexity/Complexity-03c-ComplexityZoo-Navigation-Python.ipynb,fe0872fb,markdown,fr,b5bda412a96d2faa,"## 1. La chaîne des inclusions, tournée sur instances

La ligne du Zoo la plus citée — $L \subseteq NL \subseteq P \subseteq NP \subseteq PSPACE$ — est
d'ordinaire une affirmation. Ici, **chaque arête porte un témoin exécutable** :

- $L \subseteq NL$ : l'atteignabilité $s \leadsto t$ décidée par un **vérificateur certicat lu une fois**,
  dont la mémoire de travail hors certificat tient en deux compteurs $O(\log n)$ — contre le DFS déterministe
  dont la pile grandit avec le graphe ;
- $NL \subseteq P$ : le même problème décidé par parcours déterministe, temps mesuré ;
- $P \subseteq NP$ : 2-SAT (implications + composantes fortement connexes, temps linéaire) contre 3-SAT
  (DPLL, exponentiel) sur des instances appariées — et le certificat du 3-SAT **vérifié** en temps polynomial.",,,,,,,,b5bda412a96d2faa,,,,,,,,
MyIA.AI.Notebooks/Complexity/Complexity-03c-ComplexityZoo-Navigation-Python.ipynb,1d9741cb,code,fr,63123320f3920bd9,"# --- 1a. Atteignabilite : le DFS deterministe (P) et sa pile ---
def dfs_atteignable(adj, s, t):
    vu = {s}
    pile = [s]
    pile_max = 1
    while pile:
        u = pile.pop()
        if u == t:
            return True, pile_max
        for v in adj[u]:
            if v not in vu:
                vu.add(v)
                pile.append(v)
                pile_max = max(pile_max, len(pile))
    return False, pile_max

def graphe_aleatoire(n, densite=1.5):
    adj = defaultdict(list)
    for u in range(n):
        for _ in range(int(densite)):
            v = GENERATEUR.randrange(n)
            adj[u].append(v)
    return adj

blocs_dfs = []
for n in (40, 100, 250, 600):
    adj = graphe_aleatoire(n, 4)
    (ok, pile_max), duree = chrono(dfs_atteignable, adj, 0, n - 1)
    blocs_dfs.append((n, ok, pile_max, duree))
    print(f""n={n:4d}  atteint={ok}  pile max (espace explore)={pile_max:4d}  temps={duree*1e3:8.3f} ms"")",,,,,,,,63123320f3920bd9,,,,,,,,
MyIA.AI.Notebooks/Complexity/Complexity-03c-ComplexityZoo-Navigation-Python.ipynb,b176db63,markdown,fr,8591c5e4c6cf40cd,"### Lecture du résultat — le DFS paie son espace

La pile du DFS atteint une fraction de $n$ : l'algorithme déterministe naturel consomme un espace **lineaire**.
C'est le témoin du contraste qui suit : la même question d'atteignabilité est le problème **NL-complet** de
référence — une machine nondéterministe n'a besoin, elle, que de **deviner** le chemin sommet par sommet.",,,,,,,,8591c5e4c6cf40cd,,,,,,,,
MyIA.AI.Notebooks/Complexity/Complexity-03c-ComplexityZoo-Navigation-Python.ipynb,0f58fc54,code,fr,c0eabdaa88188f6f,"# --- 1b. Le verificateur NL : certificat lu UNE fois, deux compteurs en memoire ---
def verificateur_nl(adj, s, t, certificat):
    # Memoire de travail hors certificat : u (sommet courant) et pas (compteur).
    # Le certificat est un flux parcouru une seule fois, jamais relu.
    n = len(adj)
    u = s
    pas = 0
    for v in certificat:
        pas += 1
        if pas > n + 1:
            return False, pas
        if v not in adj[u]:
            return False, pas
        u = v
        if u == t:
            return True, pas
    return u == t, pas

def chemin_temoins(adj, s, t):
    # Le ""prouveur"" (hors machine) : un chemin quelconque s->t, par BFS.
    from collections import deque
    file = deque([s])
    pere = {s: None}
    while file:
        u = file.popleft()
        if u == t:
            chemin = []
            while u is not None:
                chemin.append(u)
                u = pere[u]
            return chemin[::-1]
        for v in adj[u]:
            if v not in pere:
                pere[v] = u
                file.append(v)
    return None

print(f""{'n':>5} {'atteint':>8} {'verif NL':>9} {'pas':>5} {'memoire (mots)':>15}"")
accord_total = True
for n in (40, 100, 250, 600):
    adj = graphe_aleatoire(n, 2.5)
    ok_dfs, _ = dfs_atteignable(adj, 0, n - 1)
    temoin = chemin_temoins(adj, 0, n - 1)
    if temoin is not None:
        ok_nl, pas = verificateur_nl(adj, 0, n - 1, temoin[1:])
    else:
        ok_nl, pas = False, n + 2
    accord = ok_dfs == ok_nl
    accord_total &= accord
    print(f""{n:>5} {str(ok_dfs):>8} {str(ok_nl):>9} {pas:>5} {2:>15}   accord={accord}"")
print(""Accord verificateur/DFS sur toute la famille :"", accord_total)

# Un faux temoin : le chemin du dernier graphe, ampute de son arrivee.
# Le verificateur doit le refuser -- c'est la seconde moitie de ""exactement"".
faux = temoin[1:-1]
ok_faux, _ = verificateur_nl(adj, 0, n - 1, faux)
print(""Faux temoin (arrivee amputee) refuse par le verificateur :"", ok_faux is False)",,,,,,,,c0eabdaa88188f6f,,,,,,,,
MyIA.AI.Notebooks/Complexity/Complexity-03c-ComplexityZoo-Navigation-Python.ipynb,6590ef6a,markdown,fr,5223f690018dd843,"### Lecture du résultat — deux mots contre une pile

Le vérificateur accepte les paires atteignables (accord sur les quatre tailles) et **refuse le témoin amputé**
de son arrivée. Sa mémoire de travail — deux mots, indépendants de $n$ — opposée à la pile du DFS, qui croît
avec $n$ (16, 35, 103 puis 190 sommets empilés sur la famille mesurée), **est** l'arête $L \subseteq NL$
rendue visible : même question, mais une mémoire que le DFS paie linéairement là où le vérificateur la paie
en deux compteurs — au prix d'un certificat deviné (le nondéterminisme est simulé ici par le prouveur BFS
hors machine ; chaque tentative de la machine ne consomme toujours que deux compteurs).",,,,,,,,5223f690018dd843,,,,,,,,
MyIA.AI.Notebooks/Complexity/Complexity-03c-ComplexityZoo-Navigation-Python.ipynb,6ca9a8be,code,fr,4d4b1ad1584d6036,"# --- 1c. P contre NP : 2-SAT lineaire, 3-SAT exponentiel, instances appariees ---
import sys

sys.setrecursionlimit(10000)  # Kosaraju recursif jusqu'a 2n = 1600 sommets (n = 800)

def deux_sat(clauses, nb_var):
    # Kosaraju (recursif, n petit) sur le graphe d'implications : temps lineaire, donc 2-SAT dans P.
    n = nb_var

    def lit(l):  # litteral signe -> index interne : x_i -> i-1, non-x_i -> i-1+n
        return abs(l) - 1 if l > 0 else abs(l) - 1 + n

    def neg(i):
        return i + n if i < n else i - n

    adj = [[] for _ in range(2 * n)]
    radj = [[] for _ in range(2 * n)]
    for (a, b) in clauses:
        la, lb = lit(a), lit(b)
        adj[neg(la)].append(lb)   # (a ou b) = (non-a -> b) et (non-b -> a)
        adj[neg(lb)].append(la)
        radj[lb].append(neg(la))
        radj[la].append(neg(lb))
    vu = [False] * (2 * n)
    ordre = []

    def dfs1(u):
        vu[u] = True
        for v in adj[u]:
            if not vu[v]:
                dfs1(v)
        ordre.append(u)

    for s in range(2 * n):
        if not vu[s]:
            dfs1(s)
    comp = [-1] * (2 * n)

    def dfs2(u, c):
        comp[u] = c
        for v in radj[u]:
            if comp[v] == -1:
                dfs2(v, c)

    c = 0
    for s in reversed(ordre):
        if comp[s] == -1:
            dfs2(s, c)
            c += 1
    if any(comp[i] == comp[i + n] for i in range(n)):
        return False, None
    val = {i: comp[i] > comp[i + n] for i in range(n)}
    return True, val

def trois_sat_dpll(clauses, nb_var):
    # DPLL (propagation de unite + branchement) avec compteur de noeuds explores :
    # metrique deterministe -- le temps varie d'une machine a l'autre, pas le nombre
    # de noeuds, propriete de l'instance ET de la strategie de branchement.
    noeuds = [0]

    def resoudre(partiel, restantes):
        noeuds[0] += 1
        while True:
            unitaires = [c[0] for c in restantes if len(c) == 1]
            if not unitaires:
                break
            l = unitaires[0]
            nouvelles = []
            for c in restantes:
                if l in c:
                    continue
                if -l in c:
                    c2 = [x for x in c if x != -l]
                    if not c2:
                        return None
                    nouvelles.append(c2)
                else:
                    nouvelles.append(c)
            restantes = nouvelles
            partiel = dict(partiel)
            partiel[abs(l)] = l > 0
        if not restantes:
            return partiel
        l = restantes[0][0]
        for choix in (l, -l):
            cand = [[x for x in c if x != -choix] for c in restantes if choix not in c]
            partiel2 = dict(partiel)
            partiel2[abs(choix)] = choix > 0
            resultat = resoudre(partiel2, cand)
            if resultat is not None:
                return resultat
        return None
    solution = resoudre({}, [list(c) for c in clauses])
    return solution is not None, solution, noeuds[0]

def verifier_3sat(clauses, solution):
    # L'arete P inclus dans NP : verifier un certificat est polynomial.
    return all(any((x > 0) == solution.get(abs(x), False) for x in c) for c in clauses)

def instance_2sat(n, m):
    clauses = []
    for _ in range(m):
        a = GENERATEUR.randrange(1, n + 1) * (1 if GENERATEUR.random() < 0.5 else -1)
        b = GENERATEUR.randrange(1, n + 1) * (1 if GENERATEUR.random() < 0.5 else -1)
        clauses.append((a, b))
    return clauses

def instance_3sat_plantee(n, m):
    # 3-CNF aleatoire (literal 50/50). Densite 4.6n : juste au-dessus du seuil de
    # satisfiabilite 4.267n, la ou les instances aleatoires sont les plus dures pour DPLL.
    clauses = []
    for _ in range(m):
        c = []
        while len(c) < 3:
            v = GENERATEUR.randrange(1, n + 1)
            if v not in [abs(x) for x in c]:
                c.append(v if GENERATEUR.random() < 0.5 else -v)
        clauses.append(c)
    return clauses

def instance_satisfiable(n, m, essais_max=12):
    for _ in range(essais_max):
        cl = instance_3sat_plantee(n, m)
        sat, _, _ = trois_sat_dpll(cl, n)
        if sat:
            return cl
    return cl

# 2-SAT : le probleme de P -- quatre fois plus de variables, ~quatre fois le temps
print(""2-SAT (Kosaraju) -- moyenne sur 5 instances :"")
for n in (50, 200, 800):
    cumul = 0.0
    for _ in range(5):
        clauses2 = instance_2sat(n, 3 * n)
        (sat2, _), d2 = chrono(deux_sat, clauses2, n)
        cumul += d2
    print(f""  n={n:4d}   {cumul / 5 * 1e3:8.3f} ms"")

# 3-SAT : le probleme NP-complet -- meme question existentielle, densite au seuil
print(""3-SAT (DPLL, densite 4.6n) -- moyenne sur 20 instances :"")
tailles = (10, 15, 20, 25, 30)
noeuds_moyens = {}
temps_moyens = {}
for n in tailles:
    total_noeuds = 0
    cumul = 0.0
    for _ in range(20):
        clauses3 = instance_3sat_plantee(n, int(4.6 * n))
        (sat3, sol3, nds), d3 = chrono(trois_sat_dpll, clauses3, n)
        total_noeuds += nds
        cumul += d3
    noeuds_moyens[n] = total_noeuds / 20
    temps_moyens[n] = cumul / 20
    print(f""  n={n:3d}   noeuds DPLL : {noeuds_moyens[n]:8.1f}   {temps_moyens[n] * 1e3:8.3f} ms"")

n0, n1 = tailles[0], tailles[-1]
facteur_noeuds = (noeuds_moyens[n1] / noeuds_moyens[n0]) ** (1.0 / (n1 - n0))
facteur_temps = (temps_moyens[n1] / temps_moyens[n0]) ** (1.0 / (n1 - n0))
print(f""Facteur de croissance par variable ajoutee (noeuds explores, deterministe) : ~{facteur_noeuds:.2f}x"")
print(f""Facteur de croissance par variable ajoutee (temps) : ~{facteur_temps:.2f}x"")

# L'arete P inclus dans NP, dans l'autre sens : le certificat se verifie en polynomial
certificats = 0
for _ in range(20):
    clauses3 = instance_satisfiable(12, 4 * 12)
    (sat3, sol3, _), _ = chrono(trois_sat_dpll, clauses3, 12)
    if sat3 and sol3 is not None and verifier_3sat(clauses3, sol3):
        certificats += 1
print(f""Certificats 3-SAT verifies en temps polynomial par verifier_3sat : {certificats} / 20"")",,,,,,,,4d4b1ad1584d6036,,,,,,,,
MyIA.AI.Notebooks/Complexity/Complexity-03c-ComplexityZoo-Navigation-Python.ipynb,ffe8d072,markdown,fr,a7ba367c1f1b3314,"### Lecture du résultat — la même question existentielle, deux pentes

2-SAT reste sous quelques millisecondes même à $n = 800$ : composantes fortement connexes en temps linéaire —
un problème de $P$, quatre fois plus de variables ≈ quatre fois le temps. 3-SAT, sur des instances
**plus de vingt fois plus petites** et tirées à la densité $4{,}6n$ — juste au-dessus du seuil de
satisfiabilité $4{,}267n$, là où la recherche est la plus dure —
paie déjà des millisecondes à $n = 30$ : chaque variable ajoutée **multiplie** le coût (facteur de temps
mesuré ci-dessus) au lieu de l'ajouter — et le coût par noeud grossit encore, car le nombre de clauses suit
$n$. La pente est modeste à l'échelle jouet, mais elle compose : l'exercice 3 l'extrapole et franchit l'heure
de calcul pendant que 2-SAT, lui, aura juste suivi $n$. L'arête $P \subseteq NP$ a son témoin dans l'autre
sens : `verifier_3sat` contrôle chaque certificat en un parcours polynomial, quand même le trouver résiste.",,,,,,,,a7ba367c1f1b3314,,,,,,,,
MyIA.AI.Notebooks/Complexity/Complexity-03c-ComplexityZoo-Navigation-Python.ipynb,82ecc16d,markdown,fr,0bb68d5bae9ef848,"## 2. Deux mondes d'oracles — Baker, Gill & Solovay exécutés

Le Zoo dit ce qui est **prouvé** (inclusions) et ce qui est **ouvert** ($P$ vs $NP$ en tête). La question
naturelle : pourquoi pas une diagonalisation, comme pour la hiérarchie en temps du [03](Complexity-03-TimeHierarchy.ipynb) ?
La réponse de Baker–Gill–Solovay (1975) est un **exécutable** : il existe un oracle $O$ tel que $P^O \ne NP^O$,
et un oracle $B$ tel que $P^B = NP^B$. Deux mondes cohérents — donc aucune technique qui « se relativise »
(diagonalisation incluse) ne peut séparer $P$ de $NP$ dans le nôtre. Ce paragraphe **construit et exécute les deux**.

Échelle jouet assumée : chaque machine $P$ simulée émet au plus $n$ requêtes d'oracle sur une entrée de
taille $n$ (stand-in borné du polynôme), la machine $NP$ a droit à l'énumération exhaustive de $2^n$ témoins.
La structure de la preuve — stades, longueurs fraîches, basculement unique — est celle du texte original.",,,,,,,,0bb68d5bae9ef848,,,,,,,,
MyIA.AI.Notebooks/Complexity/Complexity-03c-ComplexityZoo-Navigation-Python.ipynb,70cf22e7,code,fr,c36090e8835dc5bd,"# --- 2a. Monde A : oracle diagonal ou P^O != NP^O ---
def machine_P(oracle, x, defaut=0, budget_marges=0):
    # Machine deterministe : parcourt les temoins y de |y| = |x| dans l'ordre lexicographique
    # et s'arrete apres n + budget_marges requetes (stand-in du polynome). Repond par vote
    # majoritaire, ou par son biais 'defaut' si elle n'a rien vu (elle est arbitraire).
    n = len(x)
    limite = n + budget_marges
    vus = 0
    positifs = 0
    for entier_y in range(2 ** n):
        y = format(entier_y, f""0{n}b"")
        requete = x + ""#"" + y
        if oracle.get(requete, 0):
            positifs += 1
        vus += 1
        if vus >= limite:
            break
    if positifs == 0:
        return defaut
    return 1 if positifs > limite // 2 else 0

def langage_np(oracle, x):
    # Cote NP : enumeration exhaustive des temoins (stand-in exponentiel autorise).
    n = len(x)
    for entier_y in range(2 ** n):
        y = format(entier_y, f""0{n}b"")
        if oracle.get(x + ""#"" + y, 0):
            return 1
    return 0

def construire_oracle_separant(nb_machines):
    oracle = {}
    stades = []
    for i in range(1, nb_machines + 1):
        # Longueur fraiche : assez grande pour que la machine i (n requetes sur 2^n paires)
        # ne puisse pas tout voir, distincte des longueurs precedentes. Biais alterne :
        # les machines paires repondent 0 par defaut, les impaires 1 -- les deux types de
        # stades (temoin plante / temoin retenu) s'exercent.
        n_i = 6 + 2 * i
        x_i = format(i, f""0{n_i}b"")
        reponse_machine = machine_P(oracle, x_i, defaut=i % 2)
        if reponse_machine == 0:
            # elle dit non : on plante UN temoin -> L_O(x_i) = 1, elle a tort.
            y_etoile = format((i * 7919) % (2 ** n_i), f""0{n_i}b"")
            oracle[x_i + ""#"" + y_etoile] = 1
            stades.append((i, n_i, reponse_machine, 1))
        else:
            # elle dit oui sans preuve : on ne plante rien -> L_O(x_i) = 0, elle a tort.
            stades.append((i, n_i, reponse_machine, 0))
    return oracle, stades

ORACLE_A, STADES = construire_oracle_separant(4)
print(""Stades de la diagonalisation (machine, taille, reponse machine, valeur reelle) :"")
for (i, n_i, rep, reel) in STADES:
    verdict = ""machine vaincue"" if rep != reel else ""ERREUR""
    print(f""  M_{i} : n={n_i:2d}  M_i^O(x_i)={rep}  L_O(x_i)={reel}  -> {verdict}"")
separation = all(rep != reel for (_, _, rep, reel) in STADES)
# Verification croisee : le cote NP (exhaustif) lit-il bien L_O ?
accord_np = all(langage_np(ORACLE_A, format(i, f""0{6 + 2*i}b"")) == reel
                for (i, _, _, reel) in STADES)
print(""Toutes les machines P vaincues :"", separation)
print(""Le temoin exhaustif (cote NP) confirme L_O sur chaque stade :"", accord_np)",,,,,,,,c36090e8835dc5bd,,,,,,,,
MyIA.AI.Notebooks/Complexity/Complexity-03c-ComplexityZoo-Navigation-Python.ipynb,afc9a424,markdown,fr,342e913c68dd2626,"### Lecture du résultat — pourquoi la machine perd à chaque stade

Chaque machine $M_i$ ne voit que $n_i$ des $2^{n_i}$ paires $(x_i, y)$ : le basculement d'**un seul** témoin
lui échappe forcément. C'est la mécanique du texte original — stades successifs, longueurs fraîches, un
basculement par machine — rendue exécutable : dans ce monde, $P^O \ne NP^O$, **prouvé par construction**.
L'échelle est jouet, la structure est celle de 1975.",,,,,,,,342e913c68dd2626,,,,,,,,
MyIA.AI.Notebooks/Complexity/Complexity-03c-ComplexityZoo-Navigation-Python.ipynb,c42dcbb1,code,fr,85a1fa129c55ab28,"# --- 2b. Monde B : oracle complet ou P^B = NP^B ---
def oracle_qbf(h, x):
    # L'oracle (stand-in PSPACE) evalue la formule quantifiee « existe y, h(x, y) »
    # par enumeration exhaustive. C'est SON travail : la machine ne paie rien.
    n = len(x)
    for entier_y in range(2 ** n):
        if h(x, format(entier_y, f""0{n}b"")):
            return 1
    return 0

def machine_P_avec_oracle_qbf(x, h):
    # La machine P emet UNE requete et recopie la reponse : le langage existentiel
    # « existe y, h(x, y) » est lui-meme un QBF a un quantificateur -- une seule question a l'oracle.
    return oracle_qbf(h, x), 1

def machine_np_sans_oracle(x, h):
    # Le meme langage vu du cote NP SANS oracle : l'enumeration est payee par la machine.
    n = len(x)
    for entier_y in range(2 ** n):
        if h(x, format(entier_y, f""0{n}b"")):
            return 1
    return 0

def h_jouet(x, y):
    return x.count(""1"") + y.count(""1"") >= len(x)

echantillon = [format(k, ""05b"") for k in (0, 5, 13, 21, 31)]
accord_b = True
for x in echantillon:
    rep_P, requetes = machine_P_avec_oracle_qbf(x, h_jouet)
    rep_NP = machine_np_sans_oracle(x, h_jouet)
    accord_b &= (rep_P == rep_NP)
    print(f""x={x}  P^B(x)={rep_P} ({requetes} requete)  NP^B(x)={rep_NP}  accord={rep_P == rep_NP}"")
print(""Monde B : la machine P a une requete egale la machine NP exhaustive :"", accord_b)",,,,,,,,85a1fa129c55ab28,,,,,,,,
MyIA.AI.Notebooks/Complexity/Complexity-03c-ComplexityZoo-Navigation-Python.ipynb,a6853689,markdown,fr,482478d7f07c3655,"### Lecture du résultat — la barrière de relativisation, vue du jouet

Monde A : $P^O \ne NP^O$, par construction. Monde B : $P^B = NP^B$ — le langage existentiel
« $\exists y, h(x,y)$ » est **lui-même** une formule quantifiée, et une machine $P$ armée de l'oracle
le décide en une requête. Les deux mondes sont cohérents avec les mêmes axiomes : **aucune méthode qui
se contente de simuler des machines relativisées** — la diagonalisation en premier — ne peut donc trancher
$P$ vs $NP$. C'est la raison pour laquelle la carte du Zoo a un centre ouvert, et pourquoi il a fallu des
techniques non relativisantes (arithmétisation, IP = PSPACE) pour les séparations qui ont été prouvées.",,,,,,,,482478d7f07c3655,,,,,,,,
MyIA.AI.Notebooks/Complexity/Complexity-03c-ComplexityZoo-Navigation-Python.ipynb,5d8c6cd4,markdown,fr,d91e109a81f0180a,"## 3. La carte du Zoo — ce qui est mesuré, ce qui est cité, ce qui est ouvert

Les trois niveaux épistémiques de la série ([04b](Complexity-04b-OnlineConjectures-Secretary-KServer.ipynb))
appliqués à la carte : **Mesuré** (témoin exécuté dans ce carnet ou dans un sibling), **Cité** (théorème
établi, non rejoué ici), **Ouvert** (non séparé — et la barrière de relativisation dit pourquoi les oracles
n'y suffisent pas).",,,,,,,,d91e109a81f0180a,,,,,,,,
MyIA.AI.Notebooks/Complexity/Complexity-03c-ComplexityZoo-Navigation-Python.ipynb,48410d1b,code,fr,a8bc8d1b8884de73,"# --- 3. La carte assemblee depuis les temoins du carnet et de la serie ---
carte = [
    # (arete, statut, temoin)
    (""L incl NL"", ""Mesure"", ""verificateur a 2 compteurs contre pile DFS (section 1)""),
    (""NL incl P"", ""Mesure"", ""le meme probleme decide par parcours deterministe (section 1)""),
    (""P incl NP"", ""Mesure"", ""certificat 3-SAT verifie en temps polynomial (section 1)""),
    (""NP incl PSPACE"", ""Cite"", ""un certificat polynomial s'evalue en espace polynomial (tire du socle 01)""),
    (""P != EXPTIME"", ""Cite"", ""theoreme de hierarchie en temps -- rejoue au toy-scale dans 03/03b""),
    (""P vs NP"", ""Ouvert"", ""mondes d'oracles contradictoires (section 2) : la diagonalisation ne tranche pas""),
    (""NP vs coNP"", ""Ouvert"", ""equivaut a : aucun certificateur general pour la non-satisfiabilite""),
    (""NP vs PSPACE"", ""Ouvert"", ""IP = PSPACE (arithmetisation, non relativisante) n'eclaire pas cette arete""),
]
print(f""{'Arete':<16} {'Statut':<8} Temoin"")
print(""-"" * 88)
for arete, statut, temoin in carte:
    print(f""{arete:<16} {statut:<8} {temoin}"")
completes = sum(1 for c in carte if c[1] == ""Mesure"")
print(f""\nArêtes à témoin exécutable dans ce carnet : {completes} / {len(carte)}"")",,,,,,,,a8bc8d1b8884de73,,,,,,,,
MyIA.AI.Notebooks/Complexity/Complexity-03c-ComplexityZoo-Navigation-Python.ipynb,0fccdcad,markdown,fr,176bc93e6d420fbd,"```mermaid
flowchart LR
    L[L] --> NL[NL] --> P[P] --> NP[NP] --> PS[PSPACE] --> EX[EXPTIME]
    P -.open.- NP
    NP -.open.- coNP[coNP]
```

En trait plein : inclusions établies (celles de la section 1 portent leur témoin exécutable ;
P ⊊ EXPTIME est la stricte de la hiérarchie en temps, [03](Complexity-03-TimeHierarchy.ipynb)).
En pointillés : les arêtes ouvertes — chacune résisterait à toute preuve relativisante,
comme la section 2 le rend visible.",,,,,,,,176bc93e6d420fbd,,,,,,,,
MyIA.AI.Notebooks/Complexity/Complexity-03c-ComplexityZoo-Navigation-Python.ipynb,72da4c6a,markdown,fr,7d563ed05e6c6f72,"## 4. Encart — le gap Mathlib du Zoo

Le même geste que [03b](Complexity-03b-HartmanisStearns-TimeHierarchy.ipynb), [05b](Complexity-05b-AaronsonArkhipov-PermanenteBosonSampling.ipynb) et [06](Complexity-06-Aaronson-Dequantification-Stabilizer.ipynb) :
confronter la formalisation du carnet à l'état de [Mathlib](https://github.com/leanprover-community/mathlib4).

- **Ce qui existe** : une couche `Computability/` réelle — machines de Turing (`TuringMachine`),
  fonctions partielles récursives, décidabilité et indécidabilité (`Primrec`, `Partrec`, le problème de
  l'arrêt), réductions many-one. C'est le socle $L$ de la chaîne, du côté prouvé.
- **Ce qui n'existe pas (encore)** : les classes à bornage — pas de $\mathrm{TIME}(f)$ paramétrée, pas de $NP$,
  pas de $NL$, pas de machine à oracle, pas de théorème de hiérarchie, pas de Baker–Gill–Solovay.
  Le Zoo est absent : Mathlib formalise la calculabilité, pas (encore) la complexité.
- **Grade** : les arêtes de la section 1 sont **exécutables** (Python mesuré), pas prouvées ;
  leur formalisation est un programme de recherche ouvert, pas un gap d'encodage. Le jour où Aaronson
  entre en Lean dans ce dépôt, ce sera par la veine 5 de l'Epic (#16781) — un lake IIT/ICT dédié.",,,,,,,,7d563ed05e6c6f72,,,,,,,,
MyIA.AI.Notebooks/Complexity/Complexity-03c-ComplexityZoo-Navigation-Python.ipynb,6294ce1c,markdown,fr,626977bc279a082c,"## 5. Exercices

### Exercice 1 — 2-SAT côté NL

L'atteignabilité est NL-complète, et 2-SAT se réduit à l'atteignabilité dans le graphe d'implications.
Écrire le vérificateur certicat-lu-une-fois qui décide 2-SAT : le certificat est la suite des sommets
d'un chemin dans le graphe d'implications witnessant (ou réfutant) la satisfiabilité, la mémoire de
travail reste bornée en $O(\log n)$ mots.",,,,,,,,626977bc279a082c,,,,,,,,
MyIA.AI.Notebooks/Complexity/Complexity-03c-ComplexityZoo-Navigation-Python.ipynb,0710e3ca,code,fr,a1e83cc23e084a82,"# Exercice 1 : a completer
def verificateur_2sat_nl(nb_var, clauses, certificat):
    # TODO etudiant : decider 2-SAT en lisant le certificat une seule fois,
    # memoire de travail bornee (sommet courant + compteur), comme verificateur_nl.
    # Le certificat : suite de litteraux (chemin dans le graphe d'implications).
    # retour : True/False
    return None   # TODO etudiant
# Indice : non-a -> b veut dire que si le chemin atteint non-a, il doit passer par b.",,,,,,,,a1e83cc23e084a82,,,,,,,,
MyIA.AI.Notebooks/Complexity/Complexity-03c-ComplexityZoo-Navigation-Python.ipynb,bef9e2e1,markdown,fr,8f21e4df2858b008,"### Exercice 2 — étendre le monde A d'un cran

Une cinquième machine $M_5$ arrive après coup. Écrire `etendre_oracle` : un nouveau stade qui choisit
une longueur fraîche, simule $M_5$ sur l'oracle courant, et bascule exactement un témoin pour la vaincre —
sans défaire les stades 1 à 4 (les réponses déjà acquises doivent rester fausses pour leur machine).",,,,,,,,8f21e4df2858b008,,,,,,,,
MyIA.AI.Notebooks/Complexity/Complexity-03c-ComplexityZoo-Navigation-Python.ipynb,98ed4555,code,fr,ced74f8a51be3f35,"# Exercice 2 : a completer
def etendre_oracle(oracle, stades, indice_nouvelle_machine=5):
    # TODO etudiant : ajouter le stade de la machine indice_nouvelle_machine
    # (longueur fraiche n = 6 + 2*indice, simulation, basculement d'UN temoin au plus).
    # retour : (oracle_etendu, stades_etendus)
    return None, None   # TODO etudiant
# Indice : la longueur doit etre nouvelle -- sinon une machine precedente pourrait revoir son temoin.",,,,,,,,ced74f8a51be3f35,,,,,,,,
MyIA.AI.Notebooks/Complexity/Complexity-03c-ComplexityZoo-Navigation-Python.ipynb,0ec09390,markdown,fr,9e0cc1524d44d791,"### Exercice 3 — projeter la pente du DPLL

La section 1c mesure les noeuds DPLL moyens pour $n$ croissant et en déduit un facteur de croissance
par variable ajoutée. Projeter le temps de résolution attendu à $n = 40$ puis $n = 60$, et estimer
le plus petit $n$ où la projection dépasse une heure.",,,,,,,,9e0cc1524d44d791,,,,,,,,
MyIA.AI.Notebooks/Complexity/Complexity-03c-ComplexityZoo-Navigation-Python.ipynb,71d9b390,code,fr,ca2287fc06f23262,"# Exercice 3 : a completer
# facteur_temps et la derniere ligne du tableau 1c (n = 30) sont disponibles.
temps_projete_40 = None    # TODO etudiant : projection du temps a n = 40 (secondes)
n_une_heure = None         # TODO etudiant : plus petit n ou la projection depasse 3600 s
# Indice : temps(n) ~ temps(30) * facteur_temps ** (n - 30) ; le logarithme retourne n_une_heure.",,,,,,,,ca2287fc06f23262,,,,,,,,
MyIA.AI.Notebooks/Complexity/Complexity-03c-ComplexityZoo-Navigation-Python.ipynb,45aab9d1,markdown,fr,cc27aede1f7ab53b,"## 6. Conclusion

| Geste | Où | Ce qui a été mesuré |
|---|---|---|
| Tourner les inclusions | §1 | Atteignabilité décidée deux fois : vérificateur à 2 compteurs contre pile DFS ($L \subseteq NL$ visible) ; 2-SAT linéaire ($n = 800$ en milliseconde) contre 3-SAT DPLL à croissance multiplicative par variable (facteur mesuré), certificats vérifiés 20/20 en polynomial |
| Construire les deux mondes | §2 | Oracle diagonal : 4 machines vaincues, témoin exhaustif d'accord (BGS monde A exécuté) ; oracle QBF : la machine $P$ égale $NP$ en une requête (monde B) |
| Cartographier honnêtement | §3 | 8 arêtes : 3 à témoin exécuté, 2 citées avec leur origine (hiérarchie 03/03b), 3 ouvertes avec la barrière de relativisation comme raison visible |
| Dater le gap | §4 | Mathlib : calculabilité oui, Zoo non — aucune classe à bornage, aucun oracle ; grade écrit |",,,,,,,,cc27aede1f7ab53b,,,,,,,,
MyIA.AI.Notebooks/Complexity/Complexity-04-OnlineAlgorithms-Python.ipynb,intro-online,markdown,fr,96ecf6d38f474330,"# Complexity-04 — Décider sans connaître la suite

**Navigation** : [Index](README.md) | [03 — Plus de temps, plus de problèmes](Complexity-03-TimeHierarchy.ipynb) | [04b — Secrétaire matroïdal et k-server](Complexity-04b-OnlineConjectures-Secretary-KServer.ipynb)

> **Public : Licence.** Les conjectures de septembre 2026, le secrétaire matroïdal et le work function algorithm sont conservés dans l'approfondissement 04b ; ce notebook s'arrête aux trois objets classiques du domaine.

## Ce que ce notebook suppose

- [01 — Compter des pas](Complexity-01-StepCounting.ipynb) : le coût d'un algorithme se **compte**, il ne se chronomètre pas ;
- [03 — Plus de temps, plus de problèmes](Complexity-03-TimeHierarchy.ipynb) : comparer un algorithme à ceux d'une **classe entière**, et pourquoi une table finie ne démontre rien.

**Objectifs** : poser le modèle d'une décision **irréversible** prise sans connaître la suite ; mesurer un rapport de compétitivité sur trois problèmes classiques — louer ou acheter, pagination, secrétaire ; séparer ce qui se mesure de ce qui se démontre. **Durée estimée** : 45 minutes.
",,,,,,,,96ecf6d38f474330,,,,,,,,
MyIA.AI.Notebooks/Complexity/Complexity-04-OnlineAlgorithms-Python.ipynb,skis-intro,markdown,fr,bf47ea6795d6091a,"## 1. Louer ou acheter, sans savoir combien de temps

Un magasin loue des skis 1 € par jour, ou les vend $B$ € une fois pour toutes. Vous skiez demain, mais vous ne savez pas jusqu'à quand : acheter trop tôt et acheter trop tard se paient tous les deux. Un algorithme **en ligne** décide jour après jour sans connaître la durée ; un algorithme **hors ligne** la connaît, et paie l'optimum $\min(n, B)$.

La règle en ligne la plus simple fixe un **seuil** : louer jusqu'au jour $T-1$, acheter au jour $T$. Comme la durée réelle reste inconnue, on ne juge pas la règle sur une saison mais sur **toutes** les durées possibles, par le pire rapport coût payé sur coût optimal — le **rapport de compétitivité**.

Reste à choisir $T$. Balayons-les tous, pour $B = 10$.
",,,,,,,,bf47ea6795d6091a,,,,,,,,
MyIA.AI.Notebooks/Complexity/Complexity-04-OnlineAlgorithms-Python.ipynb,skis-code,code,fr,019126cc88a4f396,"import numpy as np

rng = np.random.default_rng(42)
print(""numpy"", np.__version__)

# Location de skis : louer 1 par jour, ou acheter B une fois pour toutes.
B = 10


def cout_seuil(T, n, B=B):
    """"""Coût de la règle « louer jusqu'au jour T-1, acheter au jour T » sur une saison de n jours.""""""
    return n if n < T else (T - 1) + B


def optimum(n, B=B):
    """"""Optimum hors ligne : connaître la durée permet de payer min(n, B).""""""
    return min(n, B)


print(f""Location de skis — achat B = {B}, location 1 par jour"")
print(f""{'seuil T':>8} | {'pire rapport':>12}"")
for T in range(1, B + 1):
    pire = max(cout_seuil(T, n) / optimum(n) for n in range(1, 4 * B + 1))
    print(f""{T:>8} | {pire:>12.4f}"")

pire_B = max(cout_seuil(B, n) / optimum(n) for n in range(1, 4 * B + 1))
assert abs(pire_B - (2 - 1 / B)) < 1e-12
print(f""\nMeilleur seuil : T = {B}, pire rapport = {pire_B:.4f} = 2 - 1/{B}"")
",,,,,,,,019126cc88a4f396,,,,,,,,
MyIA.AI.Notebooks/Complexity/Complexity-04-OnlineAlgorithms-Python.ipynb,skis-lecture,markdown,fr,49ef5947832712bf,"**Lecture du résultat.** Le balayage désigne le seuil $T = B$ : louer les $B-1$ premiers jours, puis acheter au jour $B$. Son pire rapport vaut exactement $2 - 1/B$, soit $1{,}9$ pour $B = 10$ ; le pire cas est la saison de $n = B$ jours, où l'optimum paie $B$ et la règle paie $(B-1) + B$. Acheter plus tôt est bien pire — à $T = 1$ le pire rapport vaut $B$ entier. Aucun seuil de cette famille ne descend sous $2 - 1/B$, et il se trouve que la barrière est plus haute que la famille : elle vaut pour **tous** les algorithmes déterministes (§5).

## 2. Tirer au sort le jour de l'achat

Une règle déterministe a un défaut que le tableau rend visible : son pire cas est **une** durée, et l'adversaire la choisit. Randomiser change la nature du jeu — l'adversaire ne choisit plus contre une règle, mais contre une **distribution**. On tire le jour d'achat selon $p_T$ proportionnelle à $(1 + 1/B)^{T-1}$ : une distribution qui privilégie les achats tardifs sans jamais exclure les précoces.

Le rapport devient alors une **espérance**, $\mathbb{E}[\mathrm{ALG}(n)] / \mathrm{OPT}(n)$, maximisée sur les durées. Comparons-la au seuil déterministe et à la valeur que la littérature donne pour optimale, $e/(e-1) \approx 1{,}582$.
",,,,,,,,49ef5947832712bf,,,,,,,,
MyIA.AI.Notebooks/Complexity/Complexity-04-OnlineAlgorithms-Python.ipynb,skis-random-code,code,fr,9f4d0d0f418a59b3,"# La règle déterministe plafonne à 2 - 1/B. La randomisation fait-elle mieux ?
def pire_ratio_randomise(B):
    """"""Pire espérance de rapport pour la distribution p_T proportionnelle à (1+1/B)^(T-1).""""""
    T = np.arange(1, B + 1, dtype=float)
    p = (1 + 1 / B) ** (T - 1)
    p /= p.sum()
    # Durées n < B : E[cout(n)] = n(1 - P_n) + M_n, avec P la fonction de répartition
    # et M_n la somme des p_T (T-1+B) pour T <= n. Durées n >= B : E[T] - 1 + B.
    n = np.arange(1, B, dtype=float)
    cum_p = np.cumsum(p)[:-1]
    cum_m = np.cumsum(p * (T - 1 + B))[:-1]
    ratios = list((n * (1 - cum_p) + cum_m) / n)
    ratios.append((float((p * T).sum()) - 1 + B) / B)
    return max(ratios)


print(f""{'B':>6} | {'randomise':>10} | {'deterministe':>12} | {'e/(e-1)':>9}"")
for Bv in (10, 100, 1000, 10000):
    print(f""{Bv:>6} | {pire_ratio_randomise(Bv):>10.5f} | {2 - 1 / Bv:>12.5f} | {np.e / (np.e - 1):>9.5f}"")
",,,,,,,,9f4d0d0f418a59b3,,,,,,,,
MyIA.AI.Notebooks/Complexity/Complexity-04-OnlineAlgorithms-Python.ipynb,skis-random-lecture,markdown,fr,c003e8508f17d3c6,"**Lecture du résultat.** La randomisation descend loin sous la barrière déterministe : le pire rapport mesuré vaut $1{,}56471$ pour $B = 10$, puis $1{,}58071$, $1{,}58185$ et $1{,}58196$ — il **converge vers $e/(e-1) \approx 1{,}58198$**, la valeur que la littérature donne pour optimale. Cette valeur n'a pas été recopiée : elle sort de la mesure, sur une distribution construite ici. L'écart entre les deux barrières mesure le prix de la certitude, et il ne se referme pas : $2 - e/(e-1) \approx 0{,}418$ à la limite, contre $0{,}335$ à $B = 10$.

## 3. Garder $k$ pages quand on ne sait pas lesquelles reviendront

Une mémoire rapide de $k$ cases, des pages demandées une par une ; une page absente coûte un **défaut** et chasse une page présente. Le futur est inconnu : c'est le problème de la **pagination**, et c'est le dilemme des skis sous une autre forme — garder une page (payer plus tard) ou la remplacer (payer maintenant).

Deux algorithmes, deux philosophies :

- **Belady (hors ligne)** : évincer la page dont le **prochain usage est le plus lointain**. Il connaît la suite ; c'est l'optimum hors ligne, pas une stratégie applicable telle quelle ;
- **LRU (en ligne)** : évincer la page **utilisée le plus anciennement**. Aucune connaissance du futur.

Mesurons-les sur un motif qu'un adversaire peut construire — $k+1$ pages demandées en cycle, de sorte que la page demandée soit toujours celle qui vient d'être évincée — puis sur des requêtes aléatoires, où le futur n'est pas hostile.
",,,,,,,,c003e8508f17d3c6,,,,,,,,
MyIA.AI.Notebooks/Complexity/Complexity-04-OnlineAlgorithms-Python.ipynb,paging-code,code,fr,6074005ad5cf8cbe,"# Pagination : k cases de mémoire, des pages demandées une par une.
def belady(requetes, k):
    """"""Optimum hors ligne (Belady 1966) : évincer la page dont le prochain usage est le plus lointain.""""""
    cache, defauts = set(), 0
    for t, r in enumerate(requetes):
        if r in cache:
            continue
        defauts += 1
        if len(cache) < k:
            cache.add(r)
            continue
        prochain = {p: float(""inf"") for p in cache}
        for u in range(t + 1, len(requetes)):
            if requetes[u] in cache and prochain[requetes[u]] == float(""inf""):
                prochain[requetes[u]] = u
        cache.discard(max(prochain, key=lambda p: prochain[p]))
        cache.add(r)
    return defauts


def lru(requetes, k):
    """"""En ligne : évincer la page utilisée le plus anciennement.""""""
    cache, defauts = [], 0
    for r in requetes:
        if r in cache:
            cache.remove(r)
            cache.append(r)
            continue
        defauts += 1
        if len(cache) == k:
            cache.pop(0)
        cache.append(r)
    return defauts


def fifo(requetes, k):
    """"""En ligne, autre règle : évincer la page entrée le plus anciennement.""""""
    cache, defauts = [], 0
    for r in requetes:
        if r in cache:
            continue
        defauts += 1
        if len(cache) == k:
            cache.pop(0)
        cache.append(r)
    return defauts


print(""Motif cyclique sur k+1 pages (l'adversaire choisit la suite)"")
print(f""{'k':>2} | {'T':>4} | {'OPT':>5} | {'LRU':>4} | {'FIFO':>4} | {'rapport LRU':>11} | {'rapport FIFO':>12}"")
ratio_lru_cyclique = {}
for k in (2, 3, 4, 5):
    for T in (60, 600):
        req = [i % (k + 1) for i in range(T)]
        o, l, f = belady(req, k), lru(req, k), fifo(req, k)
        ratio_lru_cyclique[(k, T)] = l / o
        print(f""{k:>2} | {T:>4} | {o:>5} | {l:>4} | {f:>4} | {l / o:>11.3f} | {f / o:>12.3f}"")

req_alea = [int(x) for x in rng.integers(0, 20, size=600)]
print(""\nMotif aleatoire (20 pages, 600 requetes, k = 5)"")
o5, l5, f5 = belady(req_alea, 5), lru(req_alea, 5), fifo(req_alea, 5)
ratio_lru_aleatoire, ratio_fifo_aleatoire = l5 / o5, f5 / o5
print(f""  OPT = {o5}  LRU = {l5}  FIFO = {f5}"")
print(f""  rapport LRU = {ratio_lru_aleatoire:.4f}   rapport FIFO = {ratio_fifo_aleatoire:.4f}"")
",,,,,,,,6074005ad5cf8cbe,,,,,,,,
MyIA.AI.Notebooks/Complexity/Complexity-04-OnlineAlgorithms-Python.ipynb,paging-lecture,markdown,fr,d4b4627c9e17d722,"**Lecture du résultat.** Sur le motif cyclique, LRU fait un défaut à **chaque** requête, et son rapport mesuré tend vers $k$ : $1{,}99$ pour $k = 2$, $2{,}97$ pour $k = 3$, $3{,}92$ pour $k = 4$, $4{,}84$ pour $k = 5$ — la limite $k$ est atteinte de plus près à mesure que la séquence s'allonge. FIFO, dont la règle d'éviction est pourtant différente, affiche **exactement** les mêmes rapports sur ce motif : ce qui coûte ici n'est pas la règle d'éviction, c'est l'absence de futur. Sur les requêtes aléatoires, le même LRU retombe à $1{,}47$ : le pire cas est **adversarial**, pas moyen — la même leçon que pour les skis.

## 4. Choisir sans jamais pouvoir revenir en arrière

Dernier problème, le plus pur des trois : $n$ candidates et candidats se présentent **un par un**, dans un ordre aléatoire. À chaque entretien on n'apprend que le **rang** de la personne parmi celles déjà vues, et il faut décider **immédiatement** : accepter, ou laisser passer pour toujours. Objectif : maximiser la probabilité d'accepter la meilleure personne.

La règle classique ne regarde aucune valeur, seulement l'**ordre** : observer sans accepter une fraction $\gamma$ des arrivées, puis accepter la première personne qui dépasse tout ce qui a été vu. La théorie place le sommet à $\gamma = 1/e \approx 0{,}368$, pour une probabilité de succès de $1/e$. Balayons $\gamma$ : la courbe doit le montrer.
",,,,,,,,d4b4627c9e17d722,,,,,,,,
MyIA.AI.Notebooks/Complexity/Complexity-04-OnlineAlgorithms-Python.ipynb,secretaire-code,code,fr,f8292d3adc54d2a4,"# Secrétaire : n arrivées dans un ordre aléatoire, acceptation immédiate et définitive.
def secretaire(perm, gamma):
    """"""Vrai si la règle (observer une fraction gamma, puis prendre le premier record) garde le meilleur.""""""
    n = len(perm)
    seuil = max(1, int(gamma * n))
    vu = max(perm[:seuil])
    for x in perm[seuil:]:
        if x > vu:
            return x == n - 1
    return False


def taux_succes(n, gamma, runs=20_000):
    """"""Probabilité mesurée de garder le meilleur rang, sur runs permutations.""""""
    return sum(secretaire(rng.permutation(n), gamma) for _ in range(runs)) / runs


print(f""{'gamma':>7} | {'n=100':>8} | {'n=1000':>8}"")
taux_1sur_e = {}
for gamma in (0.1, 0.2, 0.3, 1 / np.e, 0.4, 0.5, 0.6, 0.8):
    t100, t1000 = taux_succes(100, gamma), taux_succes(1000, gamma)
    taux_1sur_e[gamma] = (t100, t1000)
    print(f""{gamma:>7.4f} | {t100:>8.4f} | {t1000:>8.4f}"")
print(f""\n1/e = {1 / np.e:.4f}   e/(e-1) = {np.e / (np.e - 1):.4f}   ecart-type d'un sondage a 20000 tirages : {(0.368 * 0.632 / 20000) ** 0.5:.4f}"")
",,,,,,,,f8292d3adc54d2a4,,,,,,,,
MyIA.AI.Notebooks/Complexity/Complexity-04-OnlineAlgorithms-Python.ipynb,secretaire-lecture,markdown,fr,17de9db7e173d755,"**Lecture du résultat.** La courbe monte puis redescend, et son sommet est **plat** : de $\gamma = 0{,}3$ à $\gamma = 0{,}4$, toutes les mesures tiennent entre $0{,}363$ et $0{,}370$, alors que l'écart-type de sondage vaut $0{,}0034$ pour 20 000 tirages. La mesure ne peut donc pas distinguer $1/e$ de $0{,}4$ — et ce n'est pas une faiblesse de l'expérience, c'est une propriété du problème : **près de l'optimum, la perte est du second ordre**, la courbe est localement plate. En revanche, s'écarter franchement du seuil se paie : observer 10 % des arrivées tombe à $0{,}23$, en observer 80 % à $0{,}18$.

## 5. Ce qu'aucune de ces expériences ne démontre

Les trois sections précédentes sont des **tables finies** : elles évaluent des stratégies données sur des entrées choisies. Aucune ne peut établir qu'**aucune** stratégie ne fait mieux — exactement la limite que le notebook [03](Complexity-03-TimeHierarchy.ipynb) avait posée pour les budgets de temps. Quatre énoncés le font à leur place ; ils sont **cités ici sans être démontrés** :

| Énoncé | Contenu | Ce que la mesure en montre |
|---|---|---|
| Skis, déterministe | aucun algorithme déterministe ne fait mieux que $2 - 1/B$ | notre meilleur seuil l'atteint : $1{,}9$ |
| Skis, randomisé | la meilleure distribution atteint $e/(e-1) \approx 1{,}582$ | la nôtre y converge : $1{,}58196$ |
| Pagination | le rapport optimal d'un algorithme déterministe est exactement $k$ (Sleator et Tarjan, 1985) | LRU l'atteint sur le motif cyclique |
| Secrétaire | la probabilité de succès optimale est $1/e$ | la courbe mesurée place son sommet là, sans pouvoir le distinguer à $0{,}003$ près |

Voici, en une table, tout ce que ce notebook mesure.
",,,,,,,,17de9db7e173d755,,,,,,,,
MyIA.AI.Notebooks/Complexity/Complexity-04-OnlineAlgorithms-Python.ipynb,recap-code,code,fr,54d79d0f08318a06,"# Recapitulatif : tout ce qui est mesure dans ce notebook, en une table.
resume = [
    (""Skis, seuil T = B : pire rapport"", f""{pire_B:.4f}"", ""theoreme : 2 - 1/B = 1.9""),
    (""Skis, randomise B = 10000 : pire rapport"", f""{pire_ratio_randomise(10000):.5f}"", ""theoreme : e/(e-1) = 1.58198""),
    (""Pagination cyclique k = 5, T = 600 : LRU"", f""{ratio_lru_cyclique[(5, 600)]:.3f}"", ""theoreme : borne k = 5""),
    (""Pagination aleatoire 20 pages, k = 5 : LRU"", f""{ratio_lru_aleatoire:.4f}"", ""pire cas adversarial, pas moyen""),
    (""Secretaire n = 1000, gamma = 1/e : P(meilleur)"", f""{taux_1sur_e[1 / np.e][1]:.4f}"", ""theoreme : 1/e = 0.3679""),
]
print(f""{'Mesure':44s} {'valeur':>8s}   reference"")
for nom, val, ref in resume:
    print(f""{nom:44s} {val:>8s}   {ref}"")
",,,,,,,,54d79d0f08318a06,,,,,,,,
MyIA.AI.Notebooks/Complexity/Complexity-04-OnlineAlgorithms-Python.ipynb,exercices-titre,markdown,fr,06f22741e145edb7,"## Exercices

Les trois exercices s'exécutent sans erreur sur des stubs (règle C.1 du dépôt) — le notebook tourne de bout en bout, corrigés compris dans le travail de l'étudiante et de l'étudiant.

### Exercice 1 — Le seuil optimal tient-il pour $B = 20$ ?

Reprenez `cout_seuil` et `optimum` avec $B = 20$, et balayez les seuils de 1 à 20. Le minimum du pire rapport est-il encore atteint en $T = B$, et vaut-il $2 - 1/20$ ?

- **Indice :** les deux fonctions prennent $B$ en paramètre ; il suffit de le leur passer.
- **Etape 1 :** balayer $T$ de 1 à 20 et afficher le pire rapport de chacun.
- **Etape 2 :** vérifier le minimum trouvé et le comparer à $2 - 1/B$.
",,,,,,,,06f22741e145edb7,,,,,,,,
MyIA.AI.Notebooks/Complexity/Complexity-04-OnlineAlgorithms-Python.ipynb,exercice1,code,fr,0ab45655722f78d0,"pire_ratio_b20 = None  # TODO etudiant : balayage des seuils pour B = 20
print(""Exercice a completer : seuil optimal pour B = 20"")
",,,,,,,,0ab45655722f78d0,,,,,,,,
MyIA.AI.Notebooks/Complexity/Complexity-04-OnlineAlgorithms-Python.ipynb,exercice2-titre,markdown,fr,a58efd2566bceea7,"### Exercice 2 — Une troisième politique d'éviction

Ajoutez une politique qui évince la page **la moins fréquemment demandée depuis le début** (LFU), sur le modèle de `lru`, puis mesurez son rapport en regard de celui de LRU sur les deux motifs : le cyclique ($k+1$ pages) et l'aléatoire (20 pages).

- **Indice :** tenir un compteur d'occurrences par page, et évincer celle dont le compteur est le plus petit.
- **Etape 1 :** écrire `lfu(requetes, k)` en réutilisant la structure de `lru`.
- **Etape 2 :** imprimer son rapport et celui de LRU sur les deux motifs.
",,,,,,,,a58efd2566bceea7,,,,,,,,
MyIA.AI.Notebooks/Complexity/Complexity-04-OnlineAlgorithms-Python.ipynb,exercice2,code,fr,9234203e769f453f,"rapport_lfu = None  # TODO etudiant : politique LFU et son rapport sur les deux motifs
print(""Exercice a completer : troisieme politique d'eviction"")
",,,,,,,,9234203e769f453f,,,,,,,,
MyIA.AI.Notebooks/Complexity/Complexity-04-OnlineAlgorithms-Python.ipynb,exercice3-titre,markdown,fr,d09fd83c40f66b15,"### Exercice 3 — Le sommet est-il vraiment à $1/e$ ?

Balayez $\gamma$ de $0{,}30$ à $0{,}45$ par pas de $0{,}01$, pour $n = 1000$ et au moins 20 000 tirages par point. Où tombe le sommet mesuré, et que peut-on conclure à cette résolution ?

- **Indice :** l'écart-type d'une proportion $p$ sur $N$ tirages vaut $\sqrt{p(1-p)/N}$ — ici environ $0{,}003$.
- **Etape 1 :** calculer la courbe sur la grille fine avec `taux_succes`.
- **Etape 2 :** comparer le sommet mesuré à $1/e$ et conclure sur ce que la mesure peut trancher.
",,,,,,,,d09fd83c40f66b15,,,,,,,,
MyIA.AI.Notebooks/Complexity/Complexity-04-OnlineAlgorithms-Python.ipynb,exercice3,code,fr,5b8540d6d592b3c5,"sommet_fin = None  # TODO etudiant : grille fine autour de 1/e, n = 1000
print(""Exercice a completer : sommet fin autour de 1/e"")
",,,,,,,,5b8540d6d592b3c5,,,,,,,,
MyIA.AI.Notebooks/Complexity/Complexity-04-OnlineAlgorithms-Python.ipynb,conclusion,markdown,fr,d040c9f6adc5b224,"## Conclusion

| Geste | Vérifié ici | Non démontré ici |
|---|---|---|
| Skis | le meilleur seuil et son pire rapport, sur toutes les durées | qu'aucun algorithme ne fasse mieux, ni en déterministe ni en randomisé |
| Pagination | LRU, FIFO et Belady mesurés sur deux motifs | que $k$ soit une borne pour **tout** algorithme en ligne |
| Secrétaire | la courbe de succès selon la fraction observée | que $1/e$ soit la probabilité **maximale** atteignable |

Les trois problèmes partagent une seule structure : une décision **irréversible**, prise sans la suite, jugée sur le **pire** cas, par le rapport à un optimum qui sait tout. C'est le même geste de méthode que dans [03](Complexity-03-TimeHierarchy.ipynb) : une table finie mesure des stratégies, elle ne prouve pas qu'aucune autre ne fait mieux.

L'approfondissement [04b — Secrétaire matroïdal et k-server](Complexity-04b-OnlineConjectures-Secretary-KServer.ipynb) reprend ces objets là où ils deviennent de la recherche : le work function algorithm pour $k$ serveurs, le secrétaire matroïdal, et deux conjectures de septembre 2026.

**Références**

- Belady, L. A. (1966), *A study of replacement algorithms for a virtual-storage computer*, IBM Systems Journal 5(2), 78–101.
- Sleator, D. D. et Tarjan, R. E. (1985), *Amortized efficiency of list update and paging rules*, Communications of the ACM 28(2), 202–208.
- Karlin, A. R., Manasse, M. S., McGeoch, L. A. et Owicki, S. (1994), *Competitive randomized algorithms for nonuniform problems*, Algorithmica 11(6), 542–571.
- Borodin, A. et El-Yaniv, R. (1998), *Online Computation and Competitive Analysis*, Cambridge University Press.
- Lindley, D. V. (1961), *Dynamic programming and decision theory*, Applied Statistics 10, 39–51 ; Dynkin, E. B. (1963), *The optimum choice of the instant for stopping a Markov process*, Soviet Mathematics 4, 627–629.
",,,,,,,,d040c9f6adc5b224,,,,,,,,
MyIA.AI.Notebooks/Complexity/Complexity-04b-OnlineConjectures-Secretary-KServer.ipynb,53b582f9,markdown,fr,3fb1db063dcc3590,"# Complexity-04b — La semaine historique de l'algorithmique online : secrétaire matroïdal et k-server

**Navigation** : [Index](README.md) | [04 — Décider sans connaître la suite](Complexity-04-OnlineAlgorithms-Python.ipynb) | [05 — Compter est plus dur que vérifier →](Complexity-05-CountingHarder-Permanent.ipynb)

**Approfondissement de [04 — Décider sans connaître la suite](Complexity-04-OnlineAlgorithms-Python.ipynb)** | [Index de la série](README.md)

**Ce que ce notebook suppose en plus de sa base** : le modèle en ligne de 04 (décision irréversible, rapport de compétitivité) et ses trois objets classiques — louer ou acheter, pagination, secrétaire. Il ajoute la structure de **matroïde** et son oracle d'indépendance (§2), la **work function** et les métriques finies (§3), puis deux conjectures de septembre 2026. Cette accrétion de niveau Recherche n'est pas nécessaire au parcours des numéros nus : sa section 1 reprend la baseline $1/e$ désormais posée en 04 (§4), et seules les sections 2 à 4 en dépendent vraiment.

> **Hommage** : Sahil Singla (*The Matroid Secretary Conjecture is True*, arXiv:2609.14555, 13/09/2026) et Christian Coester, Elias Koutsoupias, Marek Zbysiński (*The k-server conjecture is true*, arXiv:2609.15979, 14/09/2026).

Septembre 2026 : **deux conjectures fondatrices de l'algorithmique online tombent à environ vingt-quatre heures d'écart**, par deux équipes différentes. La conjecture du **secrétaire matroïdal** (Babaioff–Immorlica–Kleinberg, 2007 — dix-neuf ans) et la conjecture du **k-server** (Manasse–McGeoch–Sleator–Tarjan, ~1990 — trente-six ans). Le dépôt saisit le domaine en une fenêtre de quarante-huit heures et par trois notebooks liés : ce binôme synthétique (les deux conjectures croisées côté Complexity) et deux distillations sœurs de la série RL — `RL/rl_17_k_server_wfa` (k-server : WFA exact sur métriques jouets) et `RL/rl_18_matroid_secretary` (l'algorithme de Singla lui-même, que ce notebook cite sans reproduire, cf. §2).

Ce notebook suit la méthode de la série Complexity : **faire tourner** les objets (simulations Monte Carlo, implémentation exacte du work function algorithm sur petites métriques), mesurer ce qui se mesure, et **citer sans reproduire** les preuves. Les encarts de prudence épistémique (§5) et de gap Mathlib (§6) ferment la marche.

**Prérequis** : Python 3.10+, `numpy`. Tout est construit dans le notebook — oracles d'indépendance, work functions, métriques — pour que chaque pas soit auditable.",,,,,,,,3fb1db063dcc3590,,,,,,,,
MyIA.AI.Notebooks/Complexity/Complexity-04b-OnlineConjectures-Secretary-KServer.ipynb,bfbb9e13,code,fr,9fa6249e7e4cb4de,"import numpy as np
from itertools import combinations

rng = np.random.default_rng(42)
print(""numpy"", np.__version__)",,,,,,,,9fa6249e7e4cb4de,,,,,,,,
MyIA.AI.Notebooks/Complexity/Complexity-04b-OnlineConjectures-Secretary-KServer.ipynb,86ebc89b,markdown,fr,a9d3c47baf96b9cf,"## 1. Le secrétaire classique — la baseline à battre

**Le problème** (garder la formulation historique) : $n$ candidates et candidats se présentent dans un ordre aléatoire ; on ne connaît que leur **rang relatif** aux personnes déjà vues ; toute acceptation est **irréversible**. Objectif : maximiser la probabilité d'accepter la meilleure personne.

**L'algorithme $1/e$** (la règle des 37 %) : on observe sans accepter les $\lfloor n/e \rfloor$ premier·e·s arrivant·e·s, puis on accepte la première personne qui surpasse toutes les observées. La probabilité de capturer le meilleur tend vers $1/e \approx 0{,}368$ — c'est **la** référence que toute la littérature du secrétaire matroïdal cite comme point de départ. ([04 — Décider sans connaître la suite](Complexity-04-OnlineAlgorithms-Python.ipynb) §4 pose cette baseline ; elle est reprise ici parce que tout le §2 s'y adosse.)",,,,,,,,a9d3c47baf96b9cf,,,,,,,,
MyIA.AI.Notebooks/Complexity/Complexity-04b-OnlineConjectures-Secretary-KServer.ipynb,dc685e39,code,fr,8d65660868089b37,"def secretaire_classique(n, perm):
    """"""Renvoie True si l'algorithme 1/e selectionne le meilleur de la permutation perm (rangs 0..n-1).""""""
    seuil = max(1, int(round(n / np.e)))
    meilleur_vu = max(perm[:seuil], default=-1)
    for x in perm[seuil:]:
        if x > meilleur_vu:
            return x == n - 1
    return False

def monte_carlo_classique(n, n_runs=20_000):
    succes = 0
    for _ in range(n_runs):
        perm = rng.permutation(n)
        succes += secretaire_classique(n, perm)
    return succes / n_runs

for n in (20, 100, 1000):
    p = monte_carlo_classique(n)
    print(f""n={n:5d}  P(meilleur selectionne) = {p:.4f}   (theorie: 1/e = {1/np.e:.4f})"")",,,,,,,,8d65660868089b37,,,,,,,,
MyIA.AI.Notebooks/Complexity/Complexity-04b-OnlineConjectures-Secretary-KServer.ipynb,c45fc0b2,markdown,fr,9fb68c32fb0ce101,"### Lecture du résultat

La probabilité mesurée converge vers $1/e \approx 0{,}368$ — l'algorithme récupère le meilleur candidat **un peu plus d'une fois sur trois**, et c'est optimal pour ce modèle. Tout l'enjeu du secrétaire **matroïdal** est de savoir ce qui survit quand on ne peut plus tout accepter : sélectionner plusieurs éléments sous une contrainte de structure, avec la même arrivée aléatoire irréversible.",,,,,,,,9fb68c32fb0ce101,,,,,,,,
MyIA.AI.Notebooks/Complexity/Complexity-04b-OnlineConjectures-Secretary-KServer.ipynb,54a4bdd4,markdown,fr,de53a54a340fd0f6,"## 2. Le secrétaire matroïdal — la conjecture tombée

**Le problème** : les éléments arrivent en ordre aléatoire, chacun porte une valeur positive ; à chaque arrivée, on décide **immédiatement et irréversiblement** de l'accepter ou non ; l'ensemble accepté doit rester **indépendant** pour un matroïde connu uniquement via un **oracle d'indépendance** (et le nombre total d'éléments $n$). Objectif : maximiser l'espérance de la somme des valeurs acceptées, comparée à l'optimum **offline** (le poids maximum d'un ensemble indépendant, calculable par l'algorithme glouton sur toutes les valeurs triées).

**La conjecture** (Babaioff–Immorlica–Kleinberg 2007) : il existe un algorithme à **compétitivité constante** — un $\alpha > 0$ indépendant de $n$ et du matroïde tel que $\mathbb{E}[\text{valeur acceptée}] \geq \alpha \cdot \mathrm{OPT}$.

**Ce qu'annonce le preprint de Singla** : un algorithme online qui **accepte chaque élément de l'optimum offline avec probabilité au moins $1/4$** — compétitivité constante, alors que l'algorithme ne connaît **pas le matroïde à l'avance** (il n'a que l'oracle d'indépendance et $n$). Les meilleurs ratios connus restaient en $O(\log\log r)$, où $r$ est le rang du matroïde (Lachish 2014 ; preuve simplifiée par Feldman–Svensson–Zenklusen 2015).

Nous implémentons deux **matroïdes** classiques et deux stratégies online de référence — puis mesurons leur compétitivité face à $\mathrm{OPT}$ :",,,,,,,,de53a54a340fd0f6,,,,,,,,
MyIA.AI.Notebooks/Complexity/Complexity-04b-OnlineConjectures-Secretary-KServer.ipynb,851feec8,code,fr,c88f5394232e0b0c,"# --- Deux matroïdes, chacun expose independant(S) -> bool ---

class MatroideUniforme:
    """"""Rang k sur n elements : independant ssi |S| <= k.""""""
    def __init__(self, n, k):
        self.n, self.k = n, k
    def independant(self, S):
        return len(S) <= self.k

class MatroideGraphique:
    """"""Aretes d'un graphe : independant ssi acyclique (via union-find).""""""
    def __init__(self, aretes):
        self.aretes = aretes  # liste de paires (u, v)
    def independant(self, S):
        parent = {}
        def find(x):
            while parent[x] != x:
                parent[x] = parent[parent[x]]
                x = parent[x]
            return x
        for i in S:
            u, v = self.aretes[i]
            parent.setdefault(u, u); parent.setdefault(v, v)
            ru, rv = find(u), find(v)
            if ru == rv:
                return False
            parent[ru] = rv
        return True

def opt_offline(matroide, valeurs):
    """"""Sur un matroide, le glouton sur valeurs decroissantes est optimal : poids max d'un independant.""""""
    acceptes = []
    for i in np.argsort(-valeurs):
        if matroide.independant(acceptes + [int(i)]):
            acceptes.append(int(i))
    return float(sum(valeurs[i] for i in acceptes)), acceptes",,,,,,,,c88f5394232e0b0c,,,,,,,,
MyIA.AI.Notebooks/Complexity/Complexity-04b-OnlineConjectures-Secretary-KServer.ipynb,d7b608e6,code,fr,3cdb363dcbdf1969,"# --- Deux strategies online de reference (ni l'une ni l'autre n'est l'algorithme de Singla) ---

def online_glouton(matroide, valeurs, gamma=0.5):
    """"""(a) Glouton pur : accepte tout element independant, des son arrivee.""""""
    n = len(valeurs)
    ordre = rng.permutation(n)
    acceptes = []
    for idx in ordre:
        if matroide.independant(acceptes + [int(idx)]):
            acceptes.append(int(idx))
    return float(sum(valeurs[i] for i in acceptes))

def online_seuil_mediane(matroide, valeurs, gamma=0.5):
    """"""(b) Glouton a seuil : observe une fraction gamma des arrivees sans accepter,
    puis accepte tout element independant dont la valeur depasse la mediane observee.""""""
    n = len(valeurs)
    ordre = rng.permutation(n)
    t_obs = int(gamma * n)
    mediane = float(np.median(valeurs[ordre[:t_obs]]))
    acceptes = []
    for idx in ordre[t_obs:]:
        if valeurs[idx] >= mediane and matroide.independant(acceptes + [int(idx)]):
            acceptes.append(int(idx))
    return float(sum(valeurs[i] for i in acceptes))

def competitivite(matroide, valeurs, strategie, n_runs=2_000):
    opts, gains = [], []
    for _ in range(n_runs):
        opts.append(opt_offline(matroide, valeurs)[0])
        gains.append(strategie(matroide, valeurs))
    return float(np.mean(gains) / np.mean(opts))",,,,,,,,3cdb363dcbdf1969,,,,,,,,
MyIA.AI.Notebooks/Complexity/Complexity-04b-OnlineConjectures-Secretary-KServer.ipynb,774fb40a,code,fr,167dce4284500357,"# --- Mesures : matroide uniforme (rang 3 sur 12) puis graphique (grille 3x4) ---

mu = MatroideUniforme(12, 3)
val_u = rng.uniform(1.0, 10.0, size=12)

grille = [(r, c) for r in range(3) for c in range(4)]
aretes = []
for r in range(3):
    for c in range(4):
        if c < 3: aretes.append(((r, c), (r, c + 1)))
        if r < 2: aretes.append(((r, c), (r + 1, c)))
mg = MatroideGraphique(aretes)
val_g = rng.uniform(1.0, 10.0, size=len(aretes))

print(""Matroide uniforme (rang 3 / 12 elements), OPT ="", round(opt_offline(mu, val_u)[0], 2))
print(""  glouton pur      : competitivite ="", round(competitivite(mu, val_u, online_glouton), 4))
print(""  glouton a seuil  : competitivite ="", round(competitivite(mu, val_u, online_seuil_mediane), 4))
print()
print(""Matroide graphique (grille 3x4,"", len(aretes), ""aretes), OPT ="", round(opt_offline(mg, val_g)[0], 2))
print(""  glouton pur      : competitivite ="", round(competitivite(mg, val_g, online_glouton), 4))
print(""  glouton a seuil  : competitivite ="", round(competitivite(mg, val_g, online_seuil_mediane), 4))",,,,,,,,167dce4284500357,,,,,,,,
MyIA.AI.Notebooks/Complexity/Complexity-04b-OnlineConjectures-Secretary-KServer.ipynb,1338db18,markdown,fr,4efa1240a0eeb531,"### Lecture des mesures

Les deux stratégies de référence échangent leurs rôles selon l'instance. Sur le matroïde **uniforme**, le glouton à seuil domine (0,729 contre 0,652) : la phase d'observation écarte les petites valeurs et préserve le rang pour les grandes. Sur le matroïde **graphique**, c'est l'inverse (glouton pur 0,835, glouton à seuil 0,431) : le seuil en médiane rejette des arêtes que la structure du matroïde rendait rentables, et la phase d'observation devient un handicap. **Le seuil optimal est instance-dépendant** — aucun réglage ne domine sur tous les matroïdes. **Aucune des deux n'est l'algorithme de Singla** : le résultat annoncé par le preprint — accepter chaque élément de l'optimum avec probabilité $\geq 1/4$, **sans connaître le matroïde à l'avance** — est d'une autre nature. Il garantit la constante dans le pire cas, pour tout matroïde, avec pour seule interface l'oracle d'indépendance. Nos simulations mesurent le *dilemme* que le théorème résout : entre accepter tôt (structure) et attendre (valeur), aucune heuristique simple ne domine sur tous les matroïdes.",,,,,,,,4efa1240a0eeb531,,,,,,,,
MyIA.AI.Notebooks/Complexity/Complexity-04b-OnlineConjectures-Secretary-KServer.ipynb,1c702f42,markdown,fr,5be1882b628bfd41,"## 3. k-server — le work function algorithm, implémenté

**Le problème** (Manasse–McGeoch–Sleator–Tarjan ~1990) : $k$ serveurs occupent des points d'un espace métrique ; une **séquence de requêtes** (adversariale) arrive, chaque requête est un point ; à chaque requête, un serveur doit s'y déplacer, au coût de la distance parcourue. Objectif : minimiser le coût total, comparé au coût de l'optimum offline qui connaît toute la séquence. Trois quantités à ne pas confondre. **Borne inférieure prouvée** (Manasse–McGeoch–Sleator 1990) : aucun algorithme déterministe n'atteint un ratio inférieur à $k$ sur les métriques à plus de $k$ points — $k$ est le plancher, atteint déjà pour $k = 2$ et $n = k+1$. **Meilleure garantie prouvée avant 2026** : le **work function algorithm** (WFA) est $(2k-1)$-compétitif sur tout espace métrique (Koutsoupias–Papadimitriou 1995). **La conjecture** : le WFA atteint exactement le plancher — ratio $k$ sur **tout** espace métrique — c'est ce que le preprint de Coester–Koutsoupias–Zbysiński annonce.

**Le WFA**, de l'aveu général, est « l'algorithme évident qu'on n'arrivait pas à analyser » : à chaque requête, maintenir la **work function** $W_t(S)$ = coût minimal pour avoir servi les $t$ premières requêtes et se trouver en configuration $S$ ; servir la requête courante par le mouvement qui minimise *(coût immédiat + work function résultante)* — un regard à la fois vers le passé optimal et vers le futur.

Nous l'implémentons **exactement** sur deux petites métriques — la **ligne** uniforme à $m$ points et le **cycle** $C_m$ où l'on peut passer par le bord — où la work function se calcule par programmation dynamique sur les $\binom{m}{k}$ configurations, pour $k = 2$ serveurs :",,,,,,,,5be1882b628bfd41,,,,,,,,
MyIA.AI.Notebooks/Complexity/Complexity-04b-OnlineConjectures-Secretary-KServer.ipynb,edd7b687,code,fr,7ce2df5868987dec,"# --- Work function algorithm exact pour k=2, metrique parametree (ligne / cycle) ---

def make_ligne(m):
    return lambda i, j: abs(i - j)

def make_cycle(m):
    """"""Cycle C_m : d(i, j) = min(|i-j|, m-|i-j|) -- on peut passer par le bord.""""""
    return lambda i, j: min(abs(i - j), m - abs(i - j))

def configs(m, k=2):
    return list(combinations(range(m), k))

def transition(S1, S2, d):
    """"""Cout minimal pour passer de la config S1 a la config S2 (assignment k=2 : deux affectations).""""""
    if S1 == S2:
        return 0.0
    (a, b), (c, e) = S1, S2
    return float(min(d(a, c) + d(b, e), d(a, e) + d(b, c)))

def work_functions(m, init, requetes, d, k=2):
    """"""W[t][S] = cout minimal pour servir requetes[:t] et finir en S (S doit contenir requetes[t-1]).
    Renvoie la liste des work functions W_0..W_T (dictionnaires config -> cout).""""""
    CFG = configs(m, k)
    W = [{} for _ in range(len(requetes) + 1)]
    W[0] = {S: transition(init, S, d) for S in CFG}  # cout initial de couverture
    for t, r in enumerate(requetes, start=1):
        for S in CFG:
            if r not in S:
                continue  # une config finale doit contenir le point requete
            W[t][S] = min(W[t - 1][S2] + transition(S2, S, d) for S2 in W[t - 1])
    return W

def jouer_wfa(m, init, requetes, d, k=2):
    """"""Simule la trajectoire WFA : a chaque requete, bouge le serveur minimisant cout + W_t(resultat).""""""
    W = work_functions(m, init, requetes, d, k)
    S = tuple(sorted(init))
    cout_total = 0.0
    for t, r in enumerate(requetes, start=1):
        best, best_cout = None, float('inf')
        for i in range(len(S)):
            if S[i] == r:
                cand, cout_mvt = S, 0.0  # un serveur est deja sur la requete
            elif r in S:
                continue  # mouvement domine : un autre serveur occupe deja la requete
            else:
                cand = tuple(sorted(S[:i] + S[i+1:] + (r,)))
                cout_mvt = float(d(S[i], r))
            total = cout_mvt + W[t][cand]
            if total < best_cout:
                best, best_cout = cand, total
        # le cout REEL paye : mouvement effectif depuis S vers best
        cout_total += transition(S, best, d)
        S = best
    opt = min(W[len(requetes)].values())
    return cout_total, opt

def jouer_greedy(m, init, requetes, d):
    """"""Baseline : bouge toujours le serveur le plus proche de la requete.""""""
    servs = list(init)
    cout_total = 0.0
    for r in requetes:
        i = min(range(len(servs)), key=lambda j: d(servs[j], r))
        cout_total += d(servs[i], r)
        servs[i] = r
    return cout_total",,,,,,,,7ce2df5868987dec,,,,,,,,
MyIA.AI.Notebooks/Complexity/Complexity-04b-OnlineConjectures-Secretary-KServer.ipynb,09c51e84,code,fr,3606cdb158e9612e,"# --- Mesures : le piege canonique du CYCLE C_5, puis la ligne en contraste ---
# Cycle a 5 points, serveurs en (0, 1) -- tous deux du meme cote -- requetes alternant 3, 4.
# OPT paie une reorganisation (0->4 par le bord a cout 1, 1->3 a cout 2) puis sert tout a 0.
# Le greedy, lui, suit l'alternance : a chaque requete le serveur le plus proche bascule de 3 a 4.

d_c5 = make_cycle(5)
k = 2

c_wfa, opt = jouer_wfa(5, (0, 1), [3, 4] * 30, d_c5)
c_gr = jouer_greedy(5, (0, 1), [3, 4] * 30, d_c5)
print(""CYCLE C_5, init (0,1), requetes [3,4] x 30 (T=60) :"")
print(f""  OPT offline        = {opt:.0f}"")
print(f""  WFA                = {c_wfa:.0f}   ratio = {c_wfa / opt:.3f}  (borne k = {k})"")
print(f""  greedy plus-proche = {c_gr:.0f}   ratio = {c_gr / opt:.1f}"")
print()
for T in (60, 240):
    cw, o = jouer_wfa(5, (0, 1), [3, 4] * T, d_c5)
    cg = jouer_greedy(5, (0, 1), [3, 4] * T, d_c5)
    print(f""  T={T * 2:4d} requetes : ratio WFA = {cw / o:.3f}   ratio greedy = {cg / o:.1f}  (greedy croit avec T)"")
print()
d_l8, m8, init8 = make_ligne(8), 8, (0, 7)
alea = [int(x) for x in rng.integers(0, m8, size=60)]
cw2, o2 = jouer_wfa(m8, init8, alea, d_l8)
cg2 = jouer_greedy(m8, init8, alea, d_l8)
print(""LIGNE a 8 points, sequence aleatoire (60 requetes) -- le regime moyen est facile :"")
print(f""  OPT offline = {o2:.0f}   ratio WFA = {cw2 / o2:.3f}   ratio greedy = {cg2 / o2:.3f}"")",,,,,,,,3606cdb158e9612e,,,,,,,,
MyIA.AI.Notebooks/Complexity/Complexity-04b-OnlineConjectures-Secretary-KServer.ipynb,f2902753,markdown,fr,70e52584894774ad,"### Lecture des mesures

Sur le cycle $C_5$, l'optimum paie une **réorganisation unique** (amener les deux serveurs sur 3 et 4 : coût total 3) puis sert toute la séquence à coût nul — le WFA découvre ce plan et paie 5, ratio mesuré **1,67**, sous la borne $k = 2$. Le greedy, lui, **suit l'alternance** : à chaque requête le serveur le plus proche bascule entre 3 et 4, coût 1 par requête — son ratio vaut **20,3 pour 60 requêtes, 160,3 pour 480** : il croît linéairement avec la longueur de la séquence, c'est la définition d'un algorithme **non compétitif** (aucun ratio $c$ borné ne le majore). C'est exactement le régime pour lequel la conjecture existe : le pire cas adversarial, pas le cas moyen — sur la ligne avec requêtes aléatoires, greedy et WFA font jeu égal (ratios $= 1$ ici). Ce que le preprint de Coester–Koutsoupias–Zbysiński annonce : le WFA atteint le ratio $k$ **sur tout espace métrique et toute séquence** — la technique (représentation algébrique de la work function, chaque valeur comme déterminant de $k$ colonnes, potentiel sur paires de coordonnées) est citée §5, pas reproduite ici.",,,,,,,,70e52584894774ad,,,,,,,,
MyIA.AI.Notebooks/Complexity/Complexity-04b-OnlineConjectures-Secretary-KServer.ipynb,4378c3d7,markdown,fr,4641f8f3ae04af05,"## 4. Le double visage du binôme

Ce qui rend la saisie **commune** de ces deux résultats nécessaire — c'est le même problème (décisions irréversibles sous incertitude, évaluées au ratio compétitif) résolu par deux philosophies exactement opposées :

| | Secrétaire matroïdal (Singla) | k-server (Coester–Koutsoupias–Zbysiński) |
|---|---|---|
| Modèle d'entrée | ordre **aléatoire** (hypothèse distributionnelle) | séquence **adversariale** (aucune hypothèse) |
| Arme | **randomisation** (accepte chaque élément de l'OPT avec proba $\geq 1/4$) | **déterminisme** (le WFA, un algorithme unique) |
| Analyse | espérance, probabilités | analyse amortie, fonction potentiel |
| Conjecture ouverte depuis | 2007 (dix-neuf ans) | ~1990 (trente-six ans) |
| Outil structurel | matroïdes (oracle d'indépendance) | algèbre des work functions (déterminants, algèbre tropicale) |
| Ce que la machine mesure | compétitivité Monte Carlo $\approx$ constante | ratio pire-cas $\leq k$ sur adversaire construit |",,,,,,,,4641f8f3ae04af05,,,,,,,,
MyIA.AI.Notebooks/Complexity/Complexity-04b-OnlineConjectures-Secretary-KServer.ipynb,f4867790,code,fr,815150d92c9f3301,"# Recapitulatif chiffre des mesures de ce notebook
resume = [
    (""Secretaire classique n=1000 : P(meilleur)"", f""{monte_carlo_classique(1000, 5000):.4f}"", ""1/e = 0.3679""),
    (""Matroide uniforme : glouton pur"", f""{competitivite(mu, val_u, online_glouton):.4f}"", ""aucune garantie generale (le 1/4 est celui de Singla)""),
    (""Matroide uniforme : glouton a seuil"", f""{competitivite(mu, val_u, online_seuil_mediane):.4f}"", ""aucune garantie generale (seuil optimal selon l'instance)""),
    (""k-server cycle C5 : ratio WFA"", f""{c_wfa / opt:.3f}"", f""borne k = {k}""),
    (""k-server cycle C5 : ratio greedy"", f""{c_gr / opt:.1f} (croit avec T)"", ""non competitif (2k-1 est la garantie du WFA, KP95)""),
]
print(f""{'Mesure':46s} {'valeur':>8s}   reference"")
for nom, val, ref in resume:
    print(f""{nom:46s} {val:>8s}   {ref}"")",,,,,,,,815150d92c9f3301,,,,,,,,
MyIA.AI.Notebooks/Complexity/Complexity-04b-OnlineConjectures-Secretary-KServer.ipynb,8715875c,markdown,fr,321d8346d7b9c34a,"## 5. Prudence épistémique — ce que ce notebook cite sans le vérifier

Les deux papiers sont des **preprints de un à deux jours** au moment de la rédaction (soumis les 13 et 14/09/2026), sans évaluation par les pairs publiée, sans écho communautaire enregistré. Les formulations de ce notebook disent donc **« le preprint annonce »**, **« la preuve annoncée »** — jamais « le théorème » ni « résolu » sans qualificatif. C'est la même discipline que pour la semaine discrepancy (#15944) : la saisie pédagogique peut être immédiate, la canonisation ne peut pas l'être.

Trois niveaux à ne pas confondre, dans ce notebook :

1. **Mesuré** : les probabilités et ratios ci-dessus, produits par les simulations de §1–§3 (reproductibles, seed fixé).
2. **Cité** : les énoncés des deux preprints (compétitivité $1/4$ sans connaissance du matroïde ; ratio $k$ du WFA sur tout espace métrique) — des **claims d'auteurs**, lus sur les abstracts.
3. **Absent** : les preuves elles-mêmes — non lues ligne à ligne ici, non formalisées, non vérifiées mécaniquement.

Si l'une des deux preuves s'effondre en évaluation, ce notebook garde sa valeur pédagogique (les objets, le dilemme, les implémentations de référence) et perdra seulement ses deux phrases d'ouverture — il est conçu pour ça.",,,,,,,,321d8346d7b9c34a,,,,,,,,
MyIA.AI.Notebooks/Complexity/Complexity-04b-OnlineConjectures-Secretary-KServer.ipynb,37e0aa25,markdown,fr,c7375269e62b791c,"## 6. Encart Mathlib — ce qui existe, ce qui manque

Même exercice que pour [03b — Hartmanis–Stearns](Complexity-03b-HartmanisStearns-TimeHierarchy.ipynb) : où est la frontière de Mathlib (v4.33.0 au jour de rédaction) sur ces objets ?

- **Matroïdes** : présents — `Mathlib.Combinatorics.Matroid` couvre indépendance, rang, dualité, matroïdes graphiques. Le vocabulaire du §2 est formalisable **dès aujourd'hui** (définir « un ensemble est indépendant » et l'algorithme glouton offline y trouverait son cadre).
- **Algorithmique online** : absente — pas de `competitive ratio`, pas de `secretary`, pas de `k-server`, pas de `work function`, pas de notion d'algorithme online face à une séquence de requêtes. Formaliser la compétitivité exigerait une couche « adversaire + algorithme + ratio sur toutes les entrées » qui n'existe pas plus que la couche `TIME(f)` du notebook 03.
- Le pont naturel si un jour ce grain passe en Lean : la work function est **décidable** (une DP finie) — le calcul est implémentable, c'est la **preuve de ratio** (le potentiel sur paires de coordonnées du preprint) qui serait le travail dur.

La suite logique côté dépôt serait un `online_lean` quand les preuves auront mûri — pas avant.",,,,,,,,c7375269e62b791c,,,,,,,,
MyIA.AI.Notebooks/Complexity/Complexity-04b-OnlineConjectures-Secretary-KServer.ipynb,d8385b97,markdown,fr,7e039ed40ba23368,"## 7. Exercices

Trois exercices, stubs exécutables sans erreur (règle C.1 du dépôt) — les corrigés restent la propriété de l'étudiante et de l'étudiant.",,,,,,,,7e039ed40ba23368,,,,,,,,
MyIA.AI.Notebooks/Complexity/Complexity-04b-OnlineConjectures-Secretary-KServer.ipynb,187371fe,code,fr,b563af1576b8b1b3,"# Exercice 1 -- Matroide de partition : les elements portent une couleur parmi 3 groupes,
# et un ensemble est independant ssi il contient au plus q_i elements de chaque groupe i.
# Implementer l'oracle puis mesurer la competitivite du glouton a seuil dessus.
# Indice : independant(S) = toutes les tailles d'intersection groupe_i ∩ S <= q_i.

class MatroidePartition:
    def __init__(self, couleurs, quotas):
        self.couleurs = couleurs  # liste : couleur de chaque element
        self.quotas = quotas      # dict : quota par couleur

    def independant(self, S):
        # TODO etudiant
        return None

# Exercice 2 -- k-server sur l'ETOILE a m feuilles : point 0 = le centre,
# points 1..m = les feuilles ; d(i, j) = 1 si l'un est le centre, 2 entre
# deux feuilles distinctes. Implementer make_etoile(m) puis chercher une
# sequence adversariale pour greedy (deux serveurs sur des feuilles, requetes
# alternant deux autres feuilles) et verifier que WFA reste sous la borne k = 2.
# Indice : OPT paie une reorganisation unique de cout 4 (placer les deux serveurs
# sur les feuilles requetees) puis sert tout a 0 -- greedy, lui, paie 2 par requete.

def make_etoile(m):
    # TODO etudiant
    return None

# Exercice 3 -- Secretaire classique avec valeurs log-normales (queue lourde) au lieu
# de valeurs uniformes : montrer que la strategie de RANG (rejeter les n/e premiers
# observes, puis accepter le premier record relatif) reste valable quelle que soit la
# loi des valeurs -- mesurer la probabilite de capturer le maximum, la comparer a 1/e.
# Indice : la strategie n'utilise que l'ORDRE RELATIF des valeurs ; pour des valeurs
# i.i.d. d'une loi continue, les rangs forment une permutation uniforme -- la garantie
# 1/e est distribution-free, la queue lourde ne change rien.

def secretaire_lognormal(n, mu=0.0, sigma=1.0):
    # TODO etudiant
    return None

print(""Exercices a completer (stubs conformes C.1 : le notebook s'execute de bout en bout)."")",,,,,,,,b563af1576b8b1b3,,,,,,,,
MyIA.AI.Notebooks/Complexity/Complexity-04b-OnlineConjectures-Secretary-KServer.ipynb,47a66e01,markdown,fr,0959b22158d47a7a,"## 8. Conclusion

Ce notebook a **saisi le domaine online côté Complexity** : la baseline $1/e$ mesurée (§1), le dilemme du secrétaire matroïdal simulé sur deux matroïdes avec oracles d'indépendance (§2), le work function algorithm **implémenté exactement** et confronté à ses bornes sur séquence adversariale (§3), le tableau du double visage randomisation/déterminisme (§4). Les deux preprints sont cités au conditionnel de rigueur (§5), le gap Mathlib est cartographié (§6), et trois exercices prolongent chacun une section (§7).

**Cross-links** : [Complexity-03b](Complexity-03b-HartmanisStearns-TimeHierarchy.ipynb) (même méthode : faire tourner, confronter à Mathlib) · `RL/rl_17_k_server_wfa` (k-server : WFA exact sur métriques jouets — même preprint Coester–Koutsoupias–Zbysiński, en profondeur) · `RL/rl_18_matroid_secretary` (l'algorithme de Singla implémenté, garantie 1/4 comme banc de mesure — la profondeur que ce notebook cite sans reproduire) · `RL/RL-16-Dream-RSI-Python` (Dream-RSI : l'exploration explicite programmable — l'autre bout du spectre online) · `GameTheory` (théorie des jeux à information incomplète) · la semaine discrepancy (#15944 : Komlós et Beck-Fiala, l'autre « moment de domaine » récent).",,,,,,,,0959b22158d47a7a,,,,,,,,
MyIA.AI.Notebooks/Complexity/Complexity-05-CountingHarder-Permanent.ipynb,header-05,markdown,fr,d9f48b35d8aff642,"# Complexity-05 — Compter est plus dur que vérifier : #P et la permanente

**Navigation** : [<< Complexity-04b — Secrétaire matroïdal et k-server](Complexity-04b-OnlineConjectures-Secretary-KServer.ipynb) | [Index de la série](README.md) | [Complexity-05b — La permanente, frontière quantique >>](Complexity-05b-AaronsonArkhipov-PermanenteBosonSampling.ipynb)

> **Public : Licence.** La formule de Ryser, le boson sampling et la frontière quantique sont
> conservés pour l'approfondissement [05b](Complexity-05b-AaronsonArkhipov-PermanenteBosonSampling.ipynb) ;
> ce notebook s'arrête à la frontière #P.

## Ce que ce notebook suppose

- [02 — Vérifier ou trouver](Complexity-02-P-NP-Reduction.ipynb) : le **certificat** d'une
  instance, ce que signifie **vérifier** en temps polynomial, les classes **P** et **NP** ;
- lire un programme Python simple (boucles, fonctions, tableaux).

## Ce que vous saurez faire à la fin

1. définir la classe **#P** — **compter** les témoins d'une instance, et non plus seulement
   décider s'il en existe ;
2. écrire le **déterminant** et la **permanente** : la même somme de $n!$ produits, à un
   signe près ;
3. **mesurer** sur un banc réel l'écart entre un calcul polynomial et un calcul factoriel ;
4. énoncer le théorème de Valiant (**cité**) : la permanente est #P-difficile, même en 0/1 ;
5. relier un comptage naturel — les **couplages parfaits** d'un graphe biparti — à une
   permanente.

**Durée estimée** : 45 minutes.",,,,,,,,d9f48b35d8aff642,,,,,,,,
MyIA.AI.Notebooks/Complexity/Complexity-05-CountingHarder-Permanent.ipynb,imports,code,fr,e9ba1054484054a4,"import time
from itertools import permutations, product
from math import factorial, prod

import matplotlib.pyplot as plt
import numpy as np

print(""numpy"", np.__version__)",,,,,,,,e9ba1054484054a4,,,,,,,,
MyIA.AI.Notebooks/Complexity/Complexity-05-CountingHarder-Permanent.ipynb,sec1-sharp-p,markdown,fr,950472cc498b3a90,"## 1. De vérifier à compter : la classe #P

Le notebook 02 séparait deux gestes : **trouver** une solution (aucun algorithme polynomial
connu sur les problèmes NP-complets) et **vérifier** un certificat proposé (facile,
polynomial). Un certificat que le vérificateur accepte s'appelle ici un **témoin**. Décider
s'il existe un témoin, c'est un problème de **NP**. Mais le certificat soulève une question
que NP ne pose même pas : **combien** y en a-t-il ?

Compter les témoins définit une nouvelle classe de fonctions :

> **#P** (lire *sharp-P*) : les fonctions qui à une instance $x$ associent le **nombre de
> témoins** de $x$.

Le comptage est au moins aussi difficile que la décision — un compte nul répond *non*, un
compte strictement positif répond *oui* — mais il est plus fin : il distingue des instances
que la décision confond. Déroulons un exemple complet, à la main, avant toute généralité :
l'expression à trois variables

$$\varphi(a, b, c) \;=\; (a \vee b) \wedge (\neg a \vee c)$$

Un certificat est un triplet de booléens ; un témoin, un triplet accepté par les deux
clauses. Il n'y en a que huit : énumérons-les tous.",,,,,,,,950472cc498b3a90,,,,,,,,
MyIA.AI.Notebooks/Complexity/Complexity-05-CountingHarder-Permanent.ipynb,sec1-banc-jouet,code,fr,127952e4595829df,"# L'expression a deux clauses : verifier un certificat = lire chaque clause, c'est tout.
def phi(a, b, c):
    """"""(a ou b) et (non a ou c) -- le geste du notebook 02 : verifier est facile.""""""
    clause1 = 1 if (a or b) else 0
    clause2 = 1 if (not a or c) else 0
    return clause1, clause2


print(f""{'a':>2} {'b':>2} {'c':>2} | {'(a ou b)':>8} | {'(non a ou c)':>11} | temoin"")
print(""-"" * 48)
nb_temoins = 0
for a, b, c in product((0, 1), repeat=3):
    c1, c2 = phi(a, b, c)
    temoin = c1 * c2          # accepte par les deux clauses : un produit, comme un et logique
    nb_temoins += temoin
    print(f""{a:>2} {b:>2} {c:>2} | {c1:>8} | {c2:>11} | {temoin:>6}"")
print()
print(f""decision (NP) : existe-t-il un temoin ? -> {'OUI' if nb_temoins > 0 else 'NON'}"")
print(f""comptage (#P)  : combien de temoins ?    -> {nb_temoins} sur 8 certificats"")
assert nb_temoins == 4",,,,,,,,127952e4595829df,,,,,,,,
MyIA.AI.Notebooks/Complexity/Complexity-05-CountingHarder-Permanent.ipynb,sec2-det-intro,markdown,fr,84342f20377fe1cb,"**Lecture du résultat.** Quatre témoins sur huit certificats — et le tableau qui les exhibe
répond aux deux questions d'un coup : l'instance est satisfiable (au moins un témoin), et son
**compte** de satisfaisabilité vaut quatre. Mais l'énumération a payé $2^n$ lectures : le mur
exponentiel du notebook 02. La vraie question de #P est là : peut-on obtenir le **nombre**
sans tout énumérer ? Cette question vit sur un objet inattendu — une simple somme de produits
de matrice.

## 2. Le déterminant : des signes qui arrangent

Le déterminant d'une matrice $n \times n$ est, lui aussi, défini comme une somme sur les
permutations $\sigma$ de $\{0, \dots, n-1\}$ :

$$\det A \;=\; \sum_{\sigma} \mathrm{signe}(\sigma) \prod_{i=0}^{n-1} A[i,\sigma(i)]$$

Chaque permutation apporte son produit des $n$ entrées, multiplié par son **signe** ($+1$ ou
$-1$ selon la parité des échanges qui la composent). En $2 \times 2$, les deux permutations
redonnent le produit « en croix » connu :

$$\det\begin{pmatrix} a & b \\ c & d \end{pmatrix} = ad - bc$$

La définition parcourt $n!$ termes — et pourtant le déterminant se calcule en
**polynomial** : l'élimination de Gauss factorise la matrice en triangles en environ
$\tfrac{2}{3}n^3$ opérations, et c'est elle que numpy exécute. Vérifions que le polynomial
se **voit** sur la machine : les tailles doublent, un cube promet un facteur $2^3 = 8$ —
voyons ce que la machine rend. (Le banc chronomètre `slogdet`, le **log**-déterminant :
la forme stable du même calcul de Gauss — le déterminant lui-même déborderait des flottants
à ces tailles.)",,,,,,,,84342f20377fe1cb,,,,,,,,
MyIA.AI.Notebooks/Complexity/Complexity-05-CountingHarder-Permanent.ipynb,sec2-banc-det,code,fr,86fc094cfc3cf6f6,"rng = np.random.default_rng(5)

print(""log-determinant par np.linalg.slogdet : la meme elimination de Gauss, chronometree"")
print(""au minimum de 10 essais (machine partagee) ; le temps doit suivre un polynome en n"")
print(f""{'n':>6} | {'temps (s)':>9} | {'x au doublement':>15} | {'temps / n^3':>12}"")
print(""-"" * 52)

np.linalg.slogdet(rng.random((100, 100)))   # echauffement : alloue les threads une fois pour toutes

temps_prec = None
for n in (100, 200, 400, 800):
    A = rng.random((n, n))
    essais = []
    for _ in range(10):
        t0 = time.perf_counter()
        np.linalg.slogdet(A)
        essais.append(time.perf_counter() - t0)
    duree = min(essais)
    facteur = f""{duree / temps_prec:.1f}"" if temps_prec is not None else ""-""
    print(f""{n:>6} | {duree:>9.5f} | {facteur:>15} | {duree / n**3:>12.2e}"")
    temps_prec = duree

print()
print(""un facteur borne a chaque doublement : la signature d'un polynome en n,"")
print(""a opposer au facteur n qui grandit a chaque taille de la permanente"")",,,,,,,,86fc094cfc3cf6f6,,,,,,,,
MyIA.AI.Notebooks/Complexity/Complexity-05-CountingHarder-Permanent.ipynb,sec3-perm-intro,markdown,fr,af5dbd1b3d2f8fc2,"**Lecture du résultat.** À chaque doublement de $n$, le temps du log-déterminant est
multiplié par un facteur **borné** — supérieur au $2^3$ promis par la seule arithmétique,
car les accès mémoire ajoutent leur pente, mais qui ne **grandit pas** avec $n$ : c'est la
signature d'un polynôme. La définition, elle, compterait $800!$ termes — un nombre à près de
deux mille chiffres. La leçon tient dans ce contraste : **ce sont les signes qui rendent
Gauss possible**, en provoquant les annulations dont l'élimination exploite la cascade.

## 3. La permanente : la même somme, sans les signes

Retirons les signes, gardons tout le reste. La **permanente** additionne les mêmes $n!$
produits, tous comptés positivement :

$$\mathrm{perm}(A) \;=\; \sum_{\sigma} \prod_{i=0}^{n-1} A[i,\sigma(i)]$$

En $2 \times 2$ : $\mathrm{perm}\begin{pmatrix} a & b \\ c & d \end{pmatrix} = ad + bc$ —
contre $ad - bc$ pour le déterminant. Déroulons une $3 \times 3$ à la main, permutation par
permutation :

$$A = \begin{pmatrix} 1 & 2 & 3 \\ 4 & 5 & 6 \\ 7 & 8 & 9 \end{pmatrix}$$

| $\sigma$ | produit | valeur |
|---|---|---|
| $(0,1,2)$ | $1 \cdot 5 \cdot 9$ | $45$ |
| $(0,2,1)$ | $1 \cdot 6 \cdot 8$ | $48$ |
| $(1,0,2)$ | $2 \cdot 4 \cdot 9$ | $72$ |
| $(1,2,0)$ | $2 \cdot 6 \cdot 7$ | $84$ |
| $(2,0,1)$ | $3 \cdot 4 \cdot 8$ | $96$ |
| $(2,1,0)$ | $3 \cdot 5 \cdot 7$ | $105$ |

La somme vaut $450$. La même matrice a un déterminant **nul** — les signes s'y annihilent
totalement, la permanente additionne tout. Le banc suivant exécute la définition **telle
quelle**, un terme par permutation : copie pédagogique déclarée, c'est précisément le point
du cours (l'approfondissement 05b réutilise cette définition, puis la contourne par la
formule de Ryser — hors périmètre ici).",,,,,,,,af5dbd1b3d2f8fc2,,,,,,,,
MyIA.AI.Notebooks/Complexity/Complexity-05-CountingHarder-Permanent.ipynb,sec3-banc-perm,code,fr,0d839dfa7bdefaf7,"def permanente(A):
    """"""Permanent de A par la definition : la somme des n! produits, un par permutation.

    Copie pedagogique declaree : le point du cours est d'executer la definition
    telle quelle -- ce banc ne cherche aucune astuce.
    """"""
    n = len(A)
    total = 0
    for p in permutations(range(n)):
        total += prod(A[i][p[i]] for i in range(n))
    return total


# Comptes canoniques : la definition contre les formules fermees.
IDENTITE_3 = [[1, 0, 0], [0, 1, 0], [0, 0, 1]]
M_22 = [[1, 2], [3, 4]]
M_33 = [[1, 2, 3], [4, 5, 6], [7, 8, 9]]

print(""comptes canoniques :"")
print(f""  identite 3x3        : {permanente(IDENTITE_3)}   (formule attendue : 1)"")
print(f""  [[1,2],[3,4]]       : {permanente(M_22)}  (a la main : 1*4 + 2*3 = 10)"")
print(f""  3x3 1..9            : {permanente(M_33)} (le tableau ci-dessus : 450)"")
det_33 = int(round(float(np.linalg.det(np.array(M_33)))))
print(f""  det de la meme 3x3  : {det_33}    (avec les signes, tout s'annule)"")
print()
print(""matrices tout-un : la permanente vaut n! a chaque taille"")
for n in range(1, 6):
    tout_un = [[1] * n for _ in range(n)]
    valeur = permanente(tout_un)
    assert valeur == factorial(n)
    print(f""  n = {n} : perm = {valeur:>3} = {n}!"")",,,,,,,,0d839dfa7bdefaf7,,,,,,,,
MyIA.AI.Notebooks/Complexity/Complexity-05-CountingHarder-Permanent.ipynb,sec4-ecart-intro,markdown,fr,c8d043ce5a32df19,"**Lecture du résultat.** Les comptes canoniques tombent les uns après les autres : l'identité
ne laisse qu'un seul terme non nul (celui de la permutation identité), les matrices tout-un
valent $n!$ (autant de produits que de permutations, tous égaux à 1), et le contraste final
est net — permanente $450$, déterminant $0$ sur la même matrice. La définition est correcte ;
reste à en payer le prix, et à le comparer à celui de Gauss.

## 4. L'écart mesuré : polynomial contre factoriel

Mêmes tailles, mêmes matrices, deux algorithmes : d'un côté `np.linalg.det` (élimination de
Gauss, environ $\tfrac{2}{3}n^3$ opérations), de l'autre `permanente` (la définition, $n!$
termes). Les tailles vont de $n = 2$ à $n = 10$ — au-delà, la définition sortirait du budget
d'un notebook, et l'extrapolation prendra le relais. Chronomètre au `perf_counter`, puis
échelle logarithmique : c'est elle qui rend une factorielle lisible.",,,,,,,,c8d043ce5a32df19,,,,,,,,
MyIA.AI.Notebooks/Complexity/Complexity-05-CountingHarder-Permanent.ipynb,sec4-banc-ecart,code,fr,78829f018148336f,"rng = np.random.default_rng(2026)

tailles = list(range(2, 11))
chrono_perm, chrono_det = [], []
for n in tailles:
    A = rng.integers(0, 10, size=(n, n)).tolist()   # entiers : la definition tourne telle quelle
    t0 = time.perf_counter()
    permanente(A)
    chrono_perm.append(time.perf_counter() - t0)

    A_numpy = np.array(A, dtype=float)
    t0 = time.perf_counter()
    np.linalg.det(A_numpy)
    chrono_det.append(time.perf_counter() - t0)

print(f""{'n':>3} | {'n!':>8} | {'permanente (s)':>14} | {'x au pas prec.':>13} | ""
      f""{'determinant (s)':>15} | {'perm / det':>9}"")
print(""-"" * 80)
for i, n in enumerate(tailles):
    facteur = f""{chrono_perm[i] / chrono_perm[i - 1]:.1f}"" if i > 0 else ""-""
    print(f""{n:>3} | {factorial(n):>8} | {chrono_perm[i]:>14.6f} | {facteur:>13} | ""
          f""{chrono_det[i]:>15.7f} | {chrono_perm[i] / chrono_det[i]:>9.0f}"")


def lisible(secondes):
    """"""Formate une duree en unites humaines, comme dans le notebook 02.""""""
    for unite, taille in ((""annees"", 31_557_600), (""jours"", 86_400), (""heures"", 3_600), (""min"", 60)):
        if secondes >= taille:
            return f""{secondes / taille:,.1f} {unite}"".replace("","", "" "")
    return f""{secondes:.3f} s""


cout_terme = chrono_perm[-1] / factorial(10)   # temps moyen par terme, mesure a n = 10
print()
for n in (11, 12, 15, 20):
    print(f""extrapole sur cette machine, definition a n = {n} ({factorial(n):.1e} termes) : ""
          f""{lisible(cout_terme * factorial(n))}"")

plt.figure(figsize=(7, 4))
plt.semilogy(tailles, chrono_perm, ""o-"", label=""permanente : definition a n! termes"")
plt.semilogy(tailles, chrono_det, ""s-"", label=""determinant : Gauss, O(n^3)"")
plt.xlabel(""taille n de la matrice"")
plt.ylabel(""temps (s), echelle log"")
plt.title(""Le polynomial et le factoriel, meme taille d'entree"")
plt.grid(True, which=""both"", alpha=0.3)
plt.legend()
plt.tight_layout()
plt.show()",,,,,,,,78829f018148336f,,,,,,,,
MyIA.AI.Notebooks/Complexity/Complexity-05-CountingHarder-Permanent.ipynb,sec4-lecture,markdown,fr,c0b29f55122dc524,"**Lecture du résultat.** La colonne « x au pas précédent » raconte tout : le facteur de la
permanente **grandit avec $n$** — il approche dix entre $n = 9$ et $n = 10$, exactement le
facteur que la taille ajoute au compte $n!$. Le déterminant, lui, reste sur un plancher : à
ces petites tailles, son coût est dominé par l'appel de la bibliothèque, et c'est bien le
message — le polynomial, c'est presque rien ; le factoriel, c'est le mur. L'extrapolation,
bâtie sur le temps par terme **mesuré** à $n = 10$, en donne les ordres de grandeur : encore
traitable à $n = 12$, hors de toute patience humaine vers $n = 15$. Sur l'échelle log, la
factorielle apparaît comme une droite qui grimpe — légèrement accélérée. Et comme dans 02, le
matériel ne sauve rien : une machine mille fois plus rapide ne recule la frontière que de
deux à trois tailles.",,,,,,,,c0b29f55122dc524,,,,,,,,
MyIA.AI.Notebooks/Complexity/Complexity-05-CountingHarder-Permanent.ipynb,sec5-valiant,markdown,fr,f56ccbedb73364f3,"## 5. Valiant 1979 : compter est #P-difficile (cité)

Un banc ne mesure qu'un programme — il ne dit rien des programmes qu'on n'a pas écrits. La
question sérieuse : un « Gauss de la permanente » existe-t-il ? Une astuce qui, exploitant la
structure de la somme, la ferait tomber à un polynomial ? Le théorème de Valiant ferme cette
porte de la façon la plus spectaculaire possible :

> **Théorème (Valiant, 1979 — cité, non démontré ici).** Calculer la permanente d'une matrice
> à coefficients $0$ et $1$ est **#P-difficile** : tout problème de #P — tout comptage de
> témoins — se réduit à ce calcul en temps polynomial.

La preuve (une réduction depuis le comptage des satisfaisations d'une formule 3-SAT) est un
chef-d'œuvre technique, hors de portée d'un notebook de licence ; l'énoncé seul suffit pour
la leçon :

1. **un algorithme polynomial pour la permanente 0/1 résoudrait tout comptage** : chaque
   problème de #P s'y réduirait, et la classe entière des comptages s'effondrerait sur les
   calculs polynomiaux (P = #P) ;
2. **les coefficients ne sont pas le problème** : des $0$ et des $1$ suffisent à la
   difficulté ;
3. le retournement est complet pour les graphes : décider s'il existe un couplage parfait
   dans un graphe biparti est **facile** (polynomial) — mais les compter, c'est
   carrément #P-difficile, et la section suivante montre pourquoi : ce comptage est une
   permanente.

La somme la plus simple du monde — des produits, tous comptés positivement — est donc
conjecturée hors de portée de tout algorithme polynomial.",,,,,,,,f56ccbedb73364f3,,,,,,,,
MyIA.AI.Notebooks/Complexity/Complexity-05-CountingHarder-Permanent.ipynb,sec6-couplages-intro,markdown,fr,5797e4aaf32a8a96,"## 6. Compter des couplages parfaits : c'est une permanente

Un graphe **biparti** : des sommets à gauche $u_0, \dots, u_3$, des sommets à droite
$d_0, \dots, d_3$, des arêtes entre les deux côtés seulement. Un **couplage parfait** apparie
chaque sommet de gauche à un voisin de droite, tous distincts — quatre arêtes, aucun sommet
utilisé deux fois. Les compter, c'est le comptage le plus naturel du monde : affecter des
tâches à des machines, des étudiants à des projets.

Voici le nôtre, dessiné comme un tableau à deux dimensions — une ligne par $u_i$, une colonne
par $d_j$, un point par arête :

```
        d0    d1    d2    d3
u0      ●     ●     ·     ·
u1      ●     ●     ●     ·
u2      ·     ●     ●     ●
u3      ·     ·     ●     ●
```

Ce tableau **est** la matrice d'adjacence $M$ du graphe (1 si l'arête existe, 0 sinon). Et
alors :

$$\#\{\text{couplages parfaits}\} \;=\; \mathrm{perm}(M)$$

La raison tient en deux lignes : un couplage parfait choisit pour chaque $u_i$ une
destination, toutes distinctes — autrement dit une permutation $\sigma$ ; et le produit des
$M[i,\sigma(i)]$ vaut $1$ exactement quand toutes les arêtes choisies existent, $0$ sinon.
Chaque couplage parfait contribue $1$ à la somme, chaque autre permutation $0$. Le banc
suivant le vérifie avec **deux machines indépendantes** : la permanente d'un côté, et de
l'autre une énumération brute qui construit chaque candidat sommet par sommet — chaque $u_i$
essaie chacun de ses voisins — et ne garde que les choix tous distincts.",,,,,,,,5797e4aaf32a8a96,,,,,,,,
MyIA.AI.Notebooks/Complexity/Complexity-05-CountingHarder-Permanent.ipynb,sec6-banc-couplages,code,fr,c5e09eeabb261034,"# Le graphe ci-dessus, en machine : les aretes (i, j) = u_i vers d_j.
ARETES = {(0, 0), (0, 1),
          (1, 0), (1, 1), (1, 2),
          (2, 1), (2, 2), (2, 3),
          (3, 2), (3, 3)}

M = [[1 if (i, j) in ARETES else 0 for j in range(4)] for i in range(4)]
print(""matrice d'adjacence :"")
for ligne in M:
    print(""   "", ligne)
print()

# Machine 1 : la permanente de la matrice d'adjacence.
print(""permanente(M) ="", permanente(M))
print()

# Machine 2 : enumeration brute, independante -- chaque u_i choisit un voisin,
# on ne garde que les choix ou toutes les destinations sont distinctes.
voisins = [[j for j in range(4) if (i, j) in ARETES] for i in range(4)]
couplages = [choix for choix in product(*voisins) if len(set(choix)) == 4]

print(f""enumeration brute : {len(couplages)} couplages parfaits"")
for choix in couplages:
    print(""    "", ""   "".join(f""u{i}->d{choix[i]}"" for i in range(4)))
assert permanente(M) == len(couplages)
print()
print(""les deux machines s'accordent : le nombre de couplages parfaits EST la permanente"")",,,,,,,,c5e09eeabb261034,,,,,,,,
MyIA.AI.Notebooks/Complexity/Complexity-05-CountingHarder-Permanent.ipynb,sec6-lecture-transition,markdown,fr,e42a5362d281b1fb,"**Lecture du résultat.** Les deux machines indépendantes rendent le même compte : la
permanente de la matrice d'adjacence vaut exactement le nombre de couplages listés un par un.
Le pont est franchi — un comptage naturel est littéralement une permanente de matrice 0/1,
et par le théorème de Valiant, compter les couplages parfaits d'un graphe biparti est
une tâche #P-difficile dans le cas général : décider s'il en existe un est polynomial,
les compter ne l'est probablement pas.

Et l'histoire a continué : Aaronson et Arkhipov (2011) ont montré que la distribution de
sortie d'un réseau optique linéaire — des photons dans un interféromètre — dépend de
permanentes de matrices complexes, faisant de la fonction la plus dure du comptage classique
le candidat le plus sérieux d'un avantage quantique démontrable. Cette frontière est celle de
l'approfondissement [05b — La permanente, frontière quantique](Complexity-05b-AaronsonArkhipov-PermanenteBosonSampling.ipynb).",,,,,,,,e42a5362d281b1fb,,,,,,,,
MyIA.AI.Notebooks/Complexity/Complexity-05-CountingHarder-Permanent.ipynb,exo1-enonce,markdown,fr,c227594b58943367,"## Exercices

Chaque cellule s'exécute sans erreur telle qu'elle est livrée : remplacez les lignes
`# TODO etudiant` par votre solution.

### Exercice 1 — Compter à la main

Le banc de la section 3 l'a écrite en une boucle ; écrivez la vôtre, étape par étape, sans
la recopier — c'est en l'écrivant que la définition à $n!$ termes devient concrète.

- **Etape 1 :** parcourir toutes les permutations `p` de `range(n)`, avec
  `itertools.permutations` (déjà importé) ;
- **Etape 2 :** pour chaque `p`, calculer le produit des $A[i][p[i]]$ sur les lignes $i$ ;
- **Etape 3 :** accumuler la somme des produits et la renvoyer.
- **Indice :** `math.prod` sur un générateur fait l'étape 2 en une seule expression.

La cellule valide trois comptes : l'identité $3 \times 3$ (un seul terme non nul), la matrice
tout-un $3 \times 3$ ($3!$ produits égaux à 1), et la matrice de l'énoncé, de permanente
connue.",,,,,,,,c227594b58943367,,,,,,,,
MyIA.AI.Notebooks/Complexity/Complexity-05-CountingHarder-Permanent.ipynb,exo1-stub,code,fr,2cc1ea48852996ce,"# Exercice 1 : a completer
MATRICE_EXO = [[1, 1, 1],
               [1, 1, 0],
               [1, 0, 1]]      # sa permanente vaut 3 (valeur fournie pour l'auto-verification)


def perm_def(A):
    """"""Permanent de A par la definition : la somme des n! produits, un par permutation.""""""
    n = len(A)
    total = 0
    # Etape 1 : parcourir toutes les permutations p de range(n)
    # Etape 2 : pour chaque p, calculer le produit des A[i][p[i]] sur les i
    # Etape 3 : accumuler dans total, puis renvoyer total
    # Indice : une boucle for, math.prod sur un generateur, et c'est tout
    # TODO etudiant
    return None


tests_exo1 = [(""identite 3x3"", [[1, 0, 0], [0, 1, 0], [0, 0, 1]], 1),
              (""tout-un 3x3"", [[1, 1, 1], [1, 1, 1], [1, 1, 1]], 6),
              (""matrice de l'enonce"", MATRICE_EXO, 3)]

if perm_def(tests_exo1[0][1]) is None:
    print(""Exercice a completer : perm_def renvoie encore None"")
else:
    for nom, A, attendu in tests_exo1:
        valeur = perm_def(A)
        verdict = ""OK"" if valeur == attendu else ""ECHEC""
        print(f""{nom:>22} : perm_def = {valeur} (attendu {attendu}) {verdict}"")",,,,,,,,2cc1ea48852996ce,,,,,,,,
MyIA.AI.Notebooks/Complexity/Complexity-05-CountingHarder-Permanent.ipynb,exo2-enonce,markdown,fr,dbbe77c452a5fc2b,"### Exercice 2 — L'échelle mesurée

La section 4 a chronométré la permanente du banc jusqu'à $n = 10$. Faites la mesure
vous-même, avec votre `perm_def` de l'exercice 1 : pour chaque taille $n$ de 2 à 9, engendrer
une matrice d'entiers aléatoires, chronométrer `perm_def` au `time.perf_counter`, et remplir
la liste `mesures`.

- **Etape 1 :** la boucle de mesure sur $n = 2, 3, \dots, 9$ ;
- **Etape 2 :** reporter le temps de chaque taille dans `mesures`, dans l'ordre croissant
  des $n$ ;
- **Etape 3 :** la cellule trace ensuite le temps en échelle log contre $n$ et affiche les
  facteurs d'une taille à la suivante.
- **Indice :** sur l'échelle log, on attend une **droite** qui monte — chaque taille
  supplémentaire multiplie le temps par environ $n$.",,,,,,,,dbbe77c452a5fc2b,,,,,,,,
MyIA.AI.Notebooks/Complexity/Complexity-05-CountingHarder-Permanent.ipynb,exo2-stub,code,fr,cf43bd51f043cedf,"# Exercice 2 : a completer
mesures = None  # TODO etudiant : liste des durees de perm_def pour n = 2, 3, ..., 9

if mesures is None:
    print(""Exercice a completer : mesures de temps pour n = 2 a 9 (boucle + time.perf_counter)"")
else:
    ns = list(range(2, 10))
    plt.figure(figsize=(7, 4))
    plt.semilogy(ns, mesures, ""o-"", label=""perm_def : temps mesure"")
    plt.xlabel(""taille n de la matrice"")
    plt.ylabel(""temps (s), echelle log"")
    plt.title(""Exercice 2 : la definition a n! termes, en echelle log"")
    plt.grid(True, which=""both"", alpha=0.3)
    plt.legend()
    plt.tight_layout()
    plt.show()
    facteurs = [mesures[i + 1] / mesures[i] for i in range(len(mesures) - 1)]
    print(""facteurs d'un n au suivant :"", "", "".join(f""{f:.1f}"" for f in facteurs))
    print(""un facteur proche de n : chaque taille ajoutee multiplie le travail par n"")",,,,,,,,cf43bd51f043cedf,,,,,,,,
MyIA.AI.Notebooks/Complexity/Complexity-05-CountingHarder-Permanent.ipynb,exo3-enonce,markdown,fr,0a407c910f7e6f78,"### Exercice 3 — Couplages parfaits

Le graphe biparti ci-dessous a trois sommets de chaque côté ; les arêtes sont les traits du
dessin :

```
         d0
        /  \
      u0    u2
      |      |
      d1    d2
        \  /
         u1
```

- **Etape 1 :** prédire, en lisant le dessin, combien de couplages parfaits possède ce
  graphe ;
- **Etape 2 :** écrire sa matrice d'adjacence $3 \times 3$ — une ligne par $u_i$, une colonne
  par $d_j$, un 1 si l'arête existe, un 0 sinon ;
- **Etape 3 :** la cellule vérifie avec la permanente du banc ; votre `perm_def` doit rendre
  la même valeur.
- **Indice :** chaque sommet a exactement deux voisins — dès que le partenaire de $u_0$ est
  choisi, suivez les choix qui s'imposent.",,,,,,,,0a407c910f7e6f78,,,,,,,,
MyIA.AI.Notebooks/Complexity/Complexity-05-CountingHarder-Permanent.ipynb,exo3-stub,code,fr,7737c31116f0a825,"# Exercice 3 : a completer
matrice = None     # TODO etudiant : la matrice d'adjacence 3x3 du graphe ci-dessus
prediction = None  # TODO etudiant : votre pronostic, lu sur le dessin (un entier)

if matrice is None:
    print(""Exercice a completer : ecrire la matrice d'adjacence du graphe de l'enonce"")
else:
    compte = permanente(matrice)
    print(f""permanente de votre matrice : {compte} couplages parfaits"")
    if prediction is None:
        print(""pronostic a remplir aussi : prediction = votre nombre, lu sur le dessin"")
    elif prediction == compte:
        print(""pronostic exact : le dessin se lit, la permanente le confirme"")
    else:
        print(f""pronostic {prediction} different du compte {compte} : relisez le dessin (ou la matrice)"")",,,,,,,,7737c31116f0a825,,,,,,,,
MyIA.AI.Notebooks/Complexity/Complexity-05-CountingHarder-Permanent.ipynb,conclusion,markdown,fr,2f6d5e3c0fe3259f,"## Conclusion

| Question | Le geste de ce notebook | Statut |
|---|---|---|
| Vérifier ou compter ? | #P : les témoins d'une expression, énumérés à la main | **mesuré** |
| Le déterminant | la définition à $n!$ termes tombe à $O(n^3)$ par Gauss | **mesuré** (facteur borné au doublement) |
| La permanente | la même somme sans les signes, $n!$ termes exécutés | **mesuré** (facteur proche de $n$ à chaque taille) |
| Peut-on faire mieux ? | Valiant 1979 : #P-difficile, même en 0/1 | **cité** |
| Un comptage naturel | couplages parfaits = permanente, deux machines d'accord | **mesuré** |

Ce que ce notebook a établi :

1. **#P** compte les témoins là où **NP** demande seulement s'il en existe : une question
   plus fine, qui n'hérite d'aucun raccourci de la vérification.
2. Le **déterminant** et la **permanente** partagent la même somme de $n!$ produits ; les
   signes du premier autorisent les annulations de Gauss, leur absence maintient la seconde
   à l'échelle factorielle — l'écart a été **chronométré**, pas seulement affirmé.
3. Cette difficulté n'est pas une impression de banc : c'est un **théorème** (Valiant, cité)
   qui fait de la permanente le représentant le plus dur de toute la classe #P — et le pont
   vers les graphes est franchi : compter leurs couplages parfaits, c'est déjà une permanente.

La suite de l'histoire est quantique : la distribution de sortie d'un interféromètre linéaire
dépend de permanentes complexes, et c'est sur ce mur qu'Aaronson et Arkhipov ont fondé leur
proposition d'un avantage quantique démontrable — l'approfondissement 05b le fait tourner.

**Suite** : [Complexity-05b — La permanente, frontière quantique >>](Complexity-05b-AaronsonArkhipov-PermanenteBosonSampling.ipynb)

**Références**

- Valiant, L. G. (1979), *The Complexity of Computing the Permanent*, Theoretical Computer Science 8(2), 189–201.
- Aaronson, S. et Arkhipov, A. (2011), *The Computational Complexity of Linear Optics*, Proceedings of the 43rd ACM Symposium on Theory of Computing (STOC), 333–342.
- Minc, H. (1978), *Permanents*, Encyclopedia of Mathematics and its Applications 6, Addison-Wesley.",,,,,,,,2f6d5e3c0fe3259f,,,,,,,,
MyIA.AI.Notebooks/Complexity/Complexity-05b-AaronsonArkhipov-PermanenteBosonSampling.ipynb,15741854,code,fr,d8cfd07b7b0f3965,"# Parameters
BATCH_MODE = ""true""
",,,,,,,,d8cfd07b7b0f3965,,,,,,,,
MyIA.AI.Notebooks/Complexity/Complexity-05b-AaronsonArkhipov-PermanenteBosonSampling.ipynb,5232c78c,markdown,fr,c45cbf91787cc2a3,"# Complexity-05b — La permanente, frontière quantique : BosonSampling (Aaronson–Arkhipov, 2011)

**Navigation** : [Index](README.md) | [05 — Compter est plus dur que vérifier](Complexity-05-CountingHarder-Permanent.ipynb) | [06 — Déquantifier les suprématies →](Complexity-06-Aaronson-Dequantification-Stabilizer.ipynb)

> **Hommage.** Scott Aaronson et Alex Arkhipov ont montré en 2011 (*The Computational
> Complexity of Linear Optics*) qu'un plateau optique passif — beam splitters et miroirs,
> pas de calculateur — échantillonne une distribution de probabilités dont la densité
> s'exprime en **permanentes de matrices**. Si cette distribution pouvait être échantillonnée
> efficacement par un ordinateur classique, la hiérarchie polynomiale s'effondrerait au
> troisième étage. La permanente — le déterminant **sans ses signes** — devient ainsi la
> frontière mesurable entre ce que la nature calcule en la vivant et ce que nous savons
> calculer en la comptant.

**Niveaux épistémiques** (convention de la série) : **Mesuré** = compté/chronométré dans ce
notebook ; **Cité** = théorème établi ailleurs, non revérifié ici ; **Absent** = ni l'un ni
l'autre. La #P-difficulté de la permanente (Valiant 1979) restera **Cité** du début à la fin :
ce notebook ne prouve aucune borne inférieure, il **mesure** le mur que la théorie annonce.
",,,,,,,,c45cbf91787cc2a3,,,,,,,,
MyIA.AI.Notebooks/Complexity/Complexity-05b-AaronsonArkhipov-PermanenteBosonSampling.ipynb,fdb2a866,markdown,fr,7a41dbccbaed9642,"## 0. Pourquoi ce notebook

Ce notebook est le cinquième de la série
([01 — Compter des pas](Complexity-01-StepCounting.ipynb),
[02 — Vérifier ou trouver](Complexity-02-P-NP-Reduction.ipynb),
[03 — Plus de temps, plus de problèmes](Complexity-03-TimeHierarchy.ipynb),
[03b — Hartmanis–Stearns](Complexity-03b-HartmanisStearns-TimeHierarchy.ipynb),
[04b — conjectures online](Complexity-04b-OnlineConjectures-Secretary-KServer.ipynb)) :
un texte fondateur, **fait tourner**. Le geste propre à Aaronson–Arkhipov est que leur
objet computationnel central **se calcule** : tout repose sur la permanente d'une
sous-matrice d'une matrice unitaire. Nous allons donc :

1. **exécuter la définition** : la permanente comme somme sur les $n!$ permutations,
   avec comptes d'opérations exacts — et constater qu'elle compte les couplages parfaits
   (le lien avec le [Sudoku-15](../Sudoku/Sudoku-15-Infer-Python.ipynb) du dépôt, dont
   nous **réemployons** l'implémentation vectorisée de la formule de Ryser) ;
2. **mesurer le fossé** permanent / déterminant : deux formules identiques à leurs signes
   près, l'une $O(n^3)$ par élimination de Gauss, l'autre $\Theta(2^n n)$ par Ryser —
   comptes exacts côte à côte, chronos encadrés ;
3. **faire tourner un BosonSampling jouet** : matrice unitaire Haar-aléatoire, $n$ photons
   dans $m$ modes, distribution des sorties en $|\mathrm{perm}|^2$ échantillonnée
   exactement pour de petits $(n, m)$ — puis mesurer ce que coûte à une machine classique
   de produire ce qu'un plateau optique produit en le vivant.

Le texte philosophique d'Aaronson (*Why Philosophers Should Care About Computational
Complexity*, 2011) — la thèse que c'est la **complexité**, pas la calculabilité, qui porte
le poids philosophique — reste dans cet encart de cadrage : il justifie le regard, il ne
mesure rien.
",,,,,,,,7a41dbccbaed9642,,,,,,,,
MyIA.AI.Notebooks/Complexity/Complexity-05b-AaronsonArkhipov-PermanenteBosonSampling.ipynb,c44627d0,code,fr,5c75cb79120e4e9b,"import itertools
import math
import time

import numpy as np
import pandas as pd
import matplotlib.pyplot as plt

rng = np.random.default_rng(42)

print(""Complexity-03 — Aaronson-Arkhipov (2011), la permanente comme frontiere"")
print(f""numpy {np.__version__}, matplotlib {plt.matplotlib.__version__}"")
",,,,,,,,5c75cb79120e4e9b,,,,,,,,
MyIA.AI.Notebooks/Complexity/Complexity-05b-AaronsonArkhipov-PermanenteBosonSampling.ipynb,a5ba7f2e,markdown,fr,bfc12effa1241ed8,"## 1. La permanente, définition exécutée

$$\mathrm{perm}(A) \;=\; \sum_{\sigma \in S_n} \prod_{i=1}^{n} A_{i,\sigma(i)}
\qquad\text{contre}\qquad \det(A) = \sum_{\sigma \in S_n} \mathrm{sgn}(\sigma)
\prod_{i=1}^{n} A_{i,\sigma(i)}$$

Une différence de **signes**, et rien d'autre. La définition **est** un algorithme :
énumérer les $n!$ permutations. Nous l'exécutons avec un compteur d'opérations canonique
(un produit de $n$ facteurs = $n-1$ multiplications, une somme de $n!$ termes = $n!-1$
additions) — le compte est déterministe, indépendant des valeurs.

Cas particulier précieux : pour une matrice 0/1, $\mathrm{perm}(A)$ **compte les
couplages parfaits** du graphe biparti associé — exactement la quantité que le
[Sudoku-15](../Sudoku/Sudoku-15-Infer-Python.ipynb) du dépôt calcule par permanentes de
mineurs pour sa contrainte *toutes-différentes* (les 9 valeurs d'une unité doivent se
voir injecter une affectation parfaite). Nous vérifions ce comptage contre une énumération
brute indépendante.
",,,,,,,,bfc12effa1241ed8,,,,,,,,
MyIA.AI.Notebooks/Complexity/Complexity-05b-AaronsonArkhipov-PermanenteBosonSampling.ipynb,fbaf6c3d,code,fr,7af72b53522ade06,"def perm_naive_counted(A):
    """"""Permanente par la definition (n! permutations), comptes canoniques.

    Retourne (valeur, mult, add) : un produit de n facteurs = n-1 multiplications,
    une somme de n! termes = n!-1 additions. Le compte est deterministe.
    """"""
    n = len(A)
    mult = add = 0
    total = 0.0
    first = True
    for sigma in itertools.permutations(range(n)):
        p = A[0, sigma[0]]
        for i in range(1, n):
            p *= A[i, sigma[i]]
            mult += 1
        if first:
            total = p
            first = False
        else:
            total += p
            add += 1
    return total, mult, add


# --- verification : perm(0/1) = nombre de couplages parfaits -----------------
for n, dens in ((5, 0.6), (6, 0.7)):
    B = (rng.random((n, n)) < dens).astype(float)
    brute = sum(1 for sig in itertools.permutations(range(n))
                if all(B[i, sig[i]] for i in range(n)))
    v, m_, a_ = perm_naive_counted(B)
    print(f""n={n}, densite {dens:.1f} : perm = {v:.0f} couplages parfaits | ""
          f""force brute independante = {brute} | ""
          f""comptes de la definition : {m_:,} mult + {a_:,} add"")
    assert v == brute, ""la definition doit compter les couplages""

print()
print(""La definition est un algorithme exact -- et son compte est deja sans espoir :"")
for n in (5, 6, 7, 8):
    _, m_, a_ = perm_naive_counted(np.eye(n))
    print(f""  n={n} : {m_ + a_:>7,} operations arithmetiques"")
",,,,,,,,7af72b53522ade06,,,,,,,,
MyIA.AI.Notebooks/Complexity/Complexity-05b-AaronsonArkhipov-PermanenteBosonSampling.ipynb,3f059a10,markdown,fr,924d42b65d9484bf,"**Lecture.** À $n=8$, la *définition* coûte déjà 322 559 opérations — pour une matrice
que Gauss traite en 315. La question de la série est précisément celle-là : **que reste-t-il
quand on enlève les signes ?** Le déterminant s'effondre vers $O(n^3)$ ; la permanente,
elle, ne libère que *un* étage — de $n!$ à $2^n$ — et pas un de plus.
",,,,,,,,924d42b65d9484bf,,,,,,,,
MyIA.AI.Notebooks/Complexity/Complexity-05b-AaronsonArkhipov-PermanenteBosonSampling.ipynb,7ef27aa7,markdown,fr,76e97436adee79a4,"## 2. Ryser contre Gauss : le fossé mesuré, pas raconté

La formule de Ryser (1963) remplace l'énumération des $n!$ permutations par celle des
$2^n$ sous-ensembles de lignes :

$$\mathrm{perm}(A) = (-1)^n \sum_{S \subseteq [n]} (-1)^{|S|} \prod_{j=1}^{n}
\sum_{i \in S} A_{ij}$$

Le dépôt **possède déjà** cette formule, vectorisée : `Sudoku-15-Infer-Python.ipynb`
(la fonction `batch_perm8` de sa couche *facteur d'arité 9*) l'applique à des batchs de
mineurs 8×8 pour la contrainte toutes-différentes, en produits tensoriels NumPy
(`einsum ""buv,sv->bsu""`). Nous **réemployons** ce schéma sous sa forme générale
(toute taille $n$, réel ou complexe) au lieu de le réécrire — et nous le confrontons à
l'élimination de Gauss, implémentée avec le même compteur canonique.

Les comptes ci-dessous sont ceux des algorithmes **tel qu'implémentés**, validés par
formule fermée vérifiée égale à l'instrumentation jusqu'à $n=7$ :
",,,,,,,,76e97436adee79a4,,,,,,,,
MyIA.AI.Notebooks/Complexity/Complexity-05b-AaronsonArkhipov-PermanenteBosonSampling.ipynb,1de8726c,code,fr,2017e323ef97769b,"def ryser_counted(A):
    """"""Ryser scalaire avec comptes canoniques (validation des formules fermees).""""""
    n = len(A)
    mult = add = 0
    total = 0.0
    first = True
    for s in range(1 << n):
        rows = [i for i in range(n) if (s >> i) & 1]
        col_sums = A[rows, :].sum(axis=0)
        add += max(len(rows) - 1, 0) * n
        p = col_sums.prod()
        mult += max(n - 1, 0)
        term = (-1.0) ** (n + len(rows)) * p
        if first:
            total = term
            first = False
        else:
            total += term
            add += 1
    return total, mult, add


def gauss_counted(A):
    """"""Elimination de Gauss avec pivot partiel, comptes canoniques.

    Retourne (det, mult, add, comp) : comp = comparaisons de recherche de pivot
    (comptees separement : ce ne sont pas des operations arithmetiques).
    """"""
    M = A.astype(float).copy()
    n = len(M)
    mult = add = comp = 0
    sign = 1.0
    for k in range(n - 1):
        piv = np.argmax(np.abs(M[k:, k])) + k
        comp += n - k
        if piv != k:
            M[[k, piv]] = M[[piv, k]]
            sign = -sign
        for i in range(k + 1, n):
            f = M[i, k] / M[k, k]
            mult += 1
            for j in range(k + 1, n):
                M[i, j] -= f * M[k, j]
                mult += 1
                add += 1
    det = sign * M[0, 0]
    for i in range(1, n):
        det *= M[i, i]
        mult += 1
    return det, mult, add, comp


def ryser_vec(A):
    """"""Ryser vectorise, schema reemploye de Sudoku-15 (batch_perm8), general n.""""""
    n = len(A)
    sub = np.array([[(s >> j) & 1 for j in range(n)] for s in range(1 << n)],
                   dtype=A.dtype)
    signs = np.array([(-1.0) ** (n + bin(s).count(""1"")) for s in range(1 << n)])
    rs = np.einsum(""uv,sv->su"", A, sub)
    return signs @ rs.prod(axis=1)


def batch_ryser(mats):
    """"""Permanentes d'un batch (B, n, n) — generalisation de batch_perm8 (Sudoku-15).""""""
    B, n, _ = mats.shape
    sub = np.array([[(s >> j) & 1 for j in range(n)] for s in range(1 << n)],
                   dtype=mats.dtype)
    signs = np.array([(-1.0) ** (n + bin(s).count(""1"")) for s in range(1 << n)])
    rs = np.einsum(""buv,sv->bsu"", mats, sub)
    return signs @ rs.prod(axis=2).T


# --- formules fermees des comptes canoniques ---------------------------------
def ops_naive(n):
    return math.factorial(n) * max(n - 1, 0), math.factorial(n) - 1


def ops_ryser(n):
    mult = (2 ** n) * max(n - 1, 0)
    add = (2 ** n) - 1 + n * (n * 2 ** (n - 1) - (2 ** n - 1))
    return mult, add


def ops_gauss(n):
    mult = (n - 1) * n // 2 + (n - 1) * n * (2 * n - 1) // 6 + max(n - 1, 0)
    add = (n - 1) * n * (2 * n - 1) // 6
    return mult, add


# --- validation : formules == instrumentation (n <= 7) ------------------------
for n in range(2, 8):
    I = np.eye(n)
    assert perm_naive_counted(I)[1:] == ops_naive(n), n
    assert ryser_counted(I)[1:] == ops_ryser(n), n
    assert gauss_counted(I)[1:3] == ops_gauss(n), n
print(""Formules fermees == instrumentation jusqu'a n=7 : OK (3 x 6 assertions)"")

# --- validation croisee des trois implementations ------------------------------
for n in (3, 4, 5):
    A = rng.normal(size=(n, n))
    v_naive, _, _ = perm_naive_counted(A)
    v_cnt, _, _ = ryser_counted(A)
    v_vec = ryser_vec(A)
    d_instr, _, _, _ = gauss_counted(A)
    assert abs(v_naive - v_vec) < 1e-9 * max(1, abs(v_vec))
    assert abs(v_cnt - v_vec) < 1e-9 * max(1, abs(v_vec))
    assert abs(d_instr - np.linalg.det(A)) < 1e-8 * max(1, abs(np.linalg.det(A)))
print(""Trois implementations de la permanente d'accord (n=3..5) ; ""
      ""Gauss compte == det LAPACK : OK"")
",,,,,,,,2017e323ef97769b,,,,,,,,
MyIA.AI.Notebooks/Complexity/Complexity-05b-AaronsonArkhipov-PermanenteBosonSampling.ipynb,7a6866cd,code,fr,26e5ca5c18afb574,"# --- la table du fosse : comptes exacts par formules fermees -------------------
rows = []
for n in list(range(2, 13)) + [14, 16, 18, 20]:
    tn = sum(ops_naive(n))
    tr = sum(ops_ryser(n))
    tg = sum(ops_gauss(n))
    rows.append({""n"": n,
                 ""definition (n!)"": f""{tn:,}"",
                 ""Ryser (2^n)"": f""{tr:,}"",
                 ""Gauss (n^3)"": f""{tg:,}"",
                 ""Ryser / Gauss"": f""{tr / tg:,.0f}x"",
                 ""definition / Gauss"": f""{tn / tg:,.0f}x""})
df_fosse = pd.DataFrame(rows).set_index(""n"")
print(df_fosse.to_string())
print()
print(""A n=20 : la definition demande {:,} operations la ou Gauss en demande {:,}."".format(
    sum(ops_naive(20)), sum(ops_gauss(20))))
",,,,,,,,26e5ca5c18afb574,,,,,,,,
MyIA.AI.Notebooks/Complexity/Complexity-05b-AaronsonArkhipov-PermanenteBosonSampling.ipynb,1c853ddf,markdown,fr,14623c128568f66c,"**Lecture.** Ryser achète **un** exponentiel — de $n!$ à $2^n \cdot n$ — et c'est tout.
Le rapport Ryser/Gauss **croît à chaque ligne** (2,2x à $n=2$, 40 729x à $n=20$) : rien
dans la colonne 3 ne peut rattraper la colonne 4, et c'est précisément la conjecture de
laboratoire : personne n'a trouvé mieux que $2^n$ en quarante ans, et Valiant (1979)
explique pourquoi on ne doit pas s'attendre à trouver $n^3$ (**Cité**).
",,,,,,,,14623c128568f66c,,,,,,,,
MyIA.AI.Notebooks/Complexity/Complexity-05b-AaronsonArkhipov-PermanenteBosonSampling.ipynb,10f41f1d,code,fr,856fba7b9f2b6c44,"# --- chronos encadres : min de 3 essais (machine partagee) --------------------
def best_time(f, reps=3):
    ts = []
    for _ in range(reps):
        t0 = time.perf_counter()
        f()
        ts.append(time.perf_counter() - t0)
    return min(ts)


chrono = []
for n in (4, 5, 6, 7, 8, 9, 10, 12, 14, 16):
    A = rng.normal(size=(n, n))
    t_naive = best_time(lambda: perm_naive_counted(A)) if n <= 10 else float(""nan"")
    t_ry = best_time(lambda: ryser_vec(A))
    t_det = best_time(lambda: np.linalg.det(A))
    chrono.append({""n"": n, ""definition (n!)"": t_naive * 1e3,
                   ""Ryser vec"": t_ry * 1e3, ""LAPACK det"": t_det * 1e3,
                   ""Ryser/det"": t_ry / t_det})
    print(f""n={n:>2} : definition={t_naive * 1e3:9.2f} ms | Ryser vec={t_ry * 1e3:8.3f} ms | ""
          f""LAPACK det={t_det * 1e3:8.5f} ms | rapport Ryser/det={t_ry / t_det:8.0f}x"")

df_chrono = pd.DataFrame(chrono).set_index(""n"")

fig, (ax1, ax2) = plt.subplots(1, 2, figsize=(12, 4.4))
ns_ops = list(range(2, 21))
ax1.semilogy(ns_ops, [sum(ops_naive(n)) for n in ns_ops], ""o-"", ms=3,
             label=""définition : $n!$"")
ax1.semilogy(ns_ops, [sum(ops_ryser(n)) for n in ns_ops], ""s-"", ms=3,
             label=""Ryser : $2^n n$"")
ax1.semilogy(ns_ops, [sum(ops_gauss(n)) for n in ns_ops], ""^-"", ms=3,
             label=""Gauss : $n^3$"")
ax1.set_xlabel(""taille $n$"")
ax1.set_ylabel(""opérations arithmétiques (comptes exacts)"")
ax1.set_title(""Le fossé en opérations — déterministe"")
ax1.legend()
ax1.grid(True, which=""both"", alpha=0.3)

ch = df_chrono.dropna(subset=[""definition (n!)""])
ax2.loglog(ch.index, ch[""definition (n!)""], ""o-"", label=""définition : $n!$"")
ax2.loglog(df_chrono.index, df_chrono[""Ryser vec""], ""s-"", label=""Ryser vectorisé"")
ax2.loglog(df_chrono.index, df_chrono[""LAPACK det""], ""^-"", label=""det LAPACK"")
ax2.set_xlabel(""taille $n$"")
ax2.set_ylabel(""temps (ms, min de 3)"")
ax2.set_title(""Le fossé en temps — implémentations numpy"")
ax2.legend()
ax2.grid(True, which=""both"", alpha=0.3)
plt.tight_layout()
plt.show()
",,,,,,,,856fba7b9f2b6c44,,,,,,,,
MyIA.AI.Notebooks/Complexity/Complexity-05b-AaronsonArkhipov-PermanenteBosonSampling.ipynb,ba511f1b,markdown,fr,61ac3aa31ddd83af,"**Lecture.** À $n=16$, la permanente vectorisée demande ~$10^4$ fois le temps du
déterminant LAPACK — même famille de bibliothèque, même machine. Honnêteté de la mesure :
le chrono compare des **implémentations** (einsum numpy contre LAPACK, qui a cinquante ans
d'optimisation), le compte d'opérations compare des **algorithmes** ; l'écart d'implémentation
peut déplacer le rapport d'un facteur constant, jamais changer la pente. C'est la pente qui
est la leçon — $2^n$ contre $n^3$ — et elle est visible dans les deux panneaux.
",,,,,,,,61ac3aa31ddd83af,,,,,,,,
MyIA.AI.Notebooks/Complexity/Complexity-05b-AaronsonArkhipov-PermanenteBosonSampling.ipynb,784c68ad,markdown,fr,7e571227f79f38e3,"## 3. #P : ce qui est cité, jamais mesuré

| Niveau | Claim | Statut |
|---|---|---|
| **Mesuré** | Comptes exacts définition / Ryser / Gauss ; chronos encadrés ; convergence d'échantillonnage (TV) | ce notebook, §1–2, §4 |
| **Cité** | La permanente est #P-difficile à calculer exactement (Valiant, 1979) | théorème, non revérifié |
| **Cité** | #P-difficile même à **approximer** en valeur absolue relative pour matrices à signes (complexes) — l'obstacle n'est pas levé par l'approximation | Aaronson–Arkhipov 2011, §1.4 et références |
| **Cité** | Permanentes **non négatives** : FPRAS en temps polynomial (Jerrum–Sinclair–Vigoda 2004) — l'exception qui confirme la règle : ce sont les **signes** (ici les phases complexes) qui portent la difficulté | théorème, non revérifié |
| **Cité** | Échantillonner classiquement la loi de BosonSampling ⇒ effondrement de PH au 3e étage | Aaronson–Arkhipov 2011, thm. principal (sous conjectures) |
| **Absent** | Toute borne inférieure *démontrée* sur la permanente ici | ce notebook n'en prouve aucune |

La règle de la série s'applique frontalement : un niveau **Cité** n'est jamais gonflé en
**Mesuré**. Le mur que nous avons chronométré est le mur d'un algorithme connu — la théorie
dit qu'on ne doit pas en attendre de meilleur ; ce notebook ne fait que rendre cette
attente *tangible*.
",,,,,,,,7e571227f79f38e3,,,,,,,,
MyIA.AI.Notebooks/Complexity/Complexity-05b-AaronsonArkhipov-PermanenteBosonSampling.ipynb,c645c879,markdown,fr,1fdaa6a7b4a921f2,"## 4. BosonSampling jouet : la loi $|\mathrm{perm}|^2$

Le modèle d'Aaronson–Arkhipov : $n$ photons *indiscernables* entrent dans les $n$ premiers
modes d'un interféromètre passif décrit par une matrice unitaire $m \times m$ ($m$ modes,
sans collision — le régime $m \gtrsim n^2$ rend les collisions négligeables). La probabilité
d'observer les photons dans l'ensemble de modes $T$ ($|T| = n$) est

$$p(T) \;\propto\; \left| \mathrm{perm}\!\left( U_{[n],\,T} \right) \right|^2$$

où $U_{[n],T}$ est la sous-matrice $n \times n$ des $n$ lignes d'entrée et des colonnes de
$T$. Le plateau optique **vit** cette distribution ; une machine classique qui veut
l'échantillonner *exactement* doit calculer $\binom{m}{n}$ permanentes — le mur du §2,
franchi à chaque tirage. L'unitaire Haar-aléatoire se construit par factorisation QR d'une
matrice gaussienne complexe avec correction de phase (Mezzadri 2007).
",,,,,,,,1fdaa6a7b4a921f2,,,,,,,,
MyIA.AI.Notebooks/Complexity/Complexity-05b-AaronsonArkhipov-PermanenteBosonSampling.ipynb,e51fda8a,code,fr,21731f701373aab9,"def haar_unitary(m, seed):
    """"""Unitaire Haar m x m : QR d'une gaussienne complexe, phases fixees (Mezzadri 2007).""""""
    r = np.random.default_rng(seed)
    Z = (r.normal(size=(m, m)) + 1j * r.normal(size=(m, m))) / math.sqrt(2)
    Q, R = np.linalg.qr(Z)
    d = np.diagonal(R)
    return Q * (d / np.abs(d))


def boson_distribution(U, n):
    """"""Distribution exacte sur les C(m, n) sorties : p(T) ~ |perm(U[:n, T])|^2.

    Reutilise batch_ryser (schema Sudoku-15) sur le batch des sous-matrices.
    """"""
    m = U.shape[0]
    outs = np.array(list(itertools.combinations(range(m), n)))
    subs = np.stack([U[:n, T] for T in outs])
    w = np.abs(batch_ryser(subs)) ** 2
    return outs, w / w.sum()


# --- un petit interferometre : 3 photons, 8 modes ------------------------------
n0, m0 = 3, 8
U0 = haar_unitary(m0, seed=103)
assert np.allclose(U0 @ U0.conj().T, np.eye(m0), atol=1e-12), ""U doit etre unitaire""
outs0, p0 = boson_distribution(U0, n0)
ordre = np.argsort(p0)[::-1]
print(f""(n={n0}, m={m0}) : {len(p0)} sorties possibles (uniforme : 1/{len(p0)} = ""
      f""{1 / len(p0):.4f})"")
print(""Top 5 des sorties les plus probables :"")
for k in ordre[:5]:
    print(f""  modes {tuple(int(x) for x in outs0[k])} : p = {p0[k]:.4f}  ""
          f""({p0[k] * len(p0):.1f}x l'uniforme)"")
ent0 = -(p0 * np.log(p0)).sum() / math.log(2)
print(f""Entropie : {ent0:.2f} bits sur un maximum de {math.log2(len(p0)):.2f} — ""
      ""ni uniforme (interference), ni concentree."")
",,,,,,,,21731f701373aab9,,,,,,,,
MyIA.AI.Notebooks/Complexity/Complexity-05b-AaronsonArkhipov-PermanenteBosonSampling.ipynb,9c2eeeb4,code,fr,2e78e6373ea8a009,"# --- echelle du mur classique : enumerer = C(m, n) permanentes ------------------
for (n, m) in ((6, 12), (8, 16)):
    U = haar_unitary(m, seed=100 + n)
    assert np.allclose(U @ U.conj().T, np.eye(m), atol=1e-12)
    t0 = time.perf_counter()
    outs, p = boson_distribution(U, n)
    dt = (time.perf_counter() - t0) * 1e3
    ent = -(p * np.log(p)).sum() / math.log(2)
    print(f""(n={n}, m={m}) : {len(p):,} sorties enumerees en {dt:7.1f} ms | ""
          f""p_max = {p.max():.4f} | entropie {ent:.2f} / {math.log2(len(p)):.2f} bits"")

# --- l'echantillonnage converge vers la loi exacte (controle TV) ---------------
n, m = 6, 12
U = haar_unitary(m, seed=106)
outs, p = boson_distribution(U, n)
sampler = np.random.default_rng(7)
print(f""\nControle : distance en variation totale echantillon -> loi exacte (n={n}, m={m})"")
for N in (2_000, 20_000, 200_000):
    counts = np.bincount(sampler.choice(len(p), size=N, p=p), minlength=len(p))
    tv = 0.5 * np.abs(counts / N - p).sum()
    print(f""  N = {N:>7,} tirages : TV = {tv:.4f}"")
",,,,,,,,2e78e6373ea8a009,,,,,,,,
MyIA.AI.Notebooks/Complexity/Complexity-05b-AaronsonArkhipov-PermanenteBosonSampling.ipynb,65197aff,code,fr,3a929915d673dbd9,"# --- extrapolation : ce que couterait la suite (Cite/extrapole) ------------------
print(""Regime inaccessible dans un notebook : un echantillonneur classique exact doit"")
print(""au mieux calculer des morceaux de TOUTE la distribution ; la borne du cout"")
print(""d'enumeration complete donne l'echelle du mur :"")
print()
for (n, m) in ((10, 20), (12, 24), (14, 28), (16, 32), (18, 36), (20, 40)):
    n_out = math.comb(m, n)
    ops = n_out * sum(ops_ryser(n))
    sec = ops / 1e12  # a 1 TFLOP/s effectif
    if sec < 90:
        hum = f""{sec:.0f} s""
    elif sec < 5400:
        hum = f""{sec / 60:.0f} min""
    elif sec < 172800:
        hum = f""{sec / 3600:.1f} h""
    elif sec < 3.15e7:
        hum = f""{sec / 86400:.1f} jours""
    else:
        hum = f""{sec / 3.156e7:.1f} ans""
    print(f""(n={n:>2}, m={m}) : C({m},{n}) = {n_out:>13,} sorties x Ryser ""
          f""({sum(ops_ryser(n)):>11,} ops) ~ {ops:.1e} operations ~ {hum} a 1 TFLOP/s"")
print()
print(""Chaque tranche de +2 photons multiplie le mur par ~30-60 : le regime n=20-30"")
print(""d'Aaronson-Arkhipov est hors d'atteinte de l'enumeration exacte."")
",,,,,,,,3a929915d673dbd9,,,,,,,,
MyIA.AI.Notebooks/Complexity/Complexity-05b-AaronsonArkhipov-PermanenteBosonSampling.ipynb,4dbf5613,markdown,fr,49163ca7abbbb5af,"**Lecture, avec ses limites dites.** Ce banc est un **jouet** à deux titres, et il faut
les nommer : (i) le régime canonique d'Aaronson–Arkhipov est $m \gg n$ (collisions
négligeables) et surtout $n$ grand — l'échelle où la seule distribution devient
incalculable ; (ii) notre « échantillonneur » classique énumère **toute** la distribution
then tire dedans — c'est le pire adversaire possible, pas l'état de l'art (les algorithmes
d'échantillonnage approché exploitent la rareté et les truncations, au prix d'exactitude).
Ce que le jouet rend **tangible** reste le geste du papier : chaque photon de plus double
environ le mur ($2^n$), et $|\mathrm{perm}|^2$ vit exactement à l'intersection du §1
(compter) et du §2 (ne pas pouvoir).
",,,,,,,,49163ca7abbbb5af,,,,,,,,
MyIA.AI.Notebooks/Complexity/Complexity-05b-AaronsonArkhipov-PermanenteBosonSampling.ipynb,c2a15c0e,markdown,fr,8a3e3208073bc0fd,"## 5. Encart gap Mathlib — le verdict, mesuré le 2026-09-19

Méthode (convention série, cf. encart §6 de
[l'approfondissement 03b](Complexity-03b-HartmanisStearns-TimeHierarchy.ipynb)) : lecture directe de
l'arborescence `Mathlib/LinearAlgebra/Matrix/` et du fichier `Permanent.lean` sur `master`
(leanprover-community/mathlib4), requêtes citées ci-dessous.

**Présent — et c'est une première pour la série** : `Matrix.permanent` existe
(`Mathlib/LinearAlgebra/Matrix/Permanent.lean`, 2024, M. Firsching) :

```lean
def permanent (M : Matrix n n R) : R := ∑ σ : Perm n, ∏ i, M (σ i) i
```

— c'est-à-dire **exactement la forme $n!$ que le §1 de ce notebook mesure** : la
*définition*, pas un algorithme. Le fichier prouve une dizaine de lemmes algébriques
(transposée, permutation des lignes/colonnes, `smul`, `updateRow/Col`).

**Le contraste, mesuré dans la même arborescence** : le déterminant possède un dossier
entier (`Mathlib/LinearAlgebra/Matrix/Determinant/` — une théorie), la permanente un
fichier unique.

**Absent** : la couche algorithmique et la couche complexité de la permanente —
aucune formule de Ryser, aucun lien `permanent` ↔ `det` autre que l'absence de signes, et
**aucune théorie de la complexité** dans Mathlib (le verdict de l'encart §6 de 03b
tient : pas de couche `Computability/Complexity`, donc pas de #P). Formaliser
`perm = Ryser` serait un premier objectif naturel ; formaliser Valiant est un chantier
d'une autre ampleur — il exige la couche complexité entière.

*Requêtes* : arborescence et fichier lus sur
`github.com/leanprover-community/mathlib4/tree/master/Mathlib/LinearAlgebra/Matrix` le
2026-09-19 (master). La recherche de code exhaustive « Ryser » requiert une session GitHub ;
le verdict « absent » est donc borné à la couche `LinearAlgebra/Matrix` lue nommément —
borné et dit, pas supposé.
",,,,,,,,8a3e3208073bc0fd,,,,,,,,
MyIA.AI.Notebooks/Complexity/Complexity-05b-AaronsonArkhipov-PermanenteBosonSampling.ipynb,e0186dab,markdown,fr,3a0c627ab77d13a6,"## 6. Exercices

Trois exercices (`TODO etudiant`), stubs exécutables sans erreur (règle C.1 du dépôt) ;
les corrigés restent la propriété de l'étudiant·e.
",,,,,,,,3a0c627ab77d13a6,,,,,,,,
MyIA.AI.Notebooks/Complexity/Complexity-05b-AaronsonArkhipov-PermanenteBosonSampling.ipynb,8f99f157,markdown,fr,b10ab6b9888eea67,"### Exercice 1 — Ryser en code de Gray : diviser le compte par deux

La boucle de `ryser_counted` recalcule les sommes de colonnes de zéro pour chaque
sous-ensemble. Un ordre de Gray énumère les $2^n$ sous-ensembles en n'en changeant
**qu'un** à chaque pas : chaque somme de colonnes se met à jour par **une** addition ou
soustraction par colonne, au lieu de $O(n)$ additions. Implémenter `ryser_gray_counted`
(valeur identique, comptes canoniques) et mesurer l'économie à $n = 10$.
",,,,,,,,b10ab6b9888eea67,,,,,,,,
MyIA.AI.Notebooks/Complexity/Complexity-05b-AaronsonArkhipov-PermanenteBosonSampling.ipynb,65d2d8cb,code,fr,f183ddd39185867b,"# Exercice 1 : a completer
ops_gray_10 = None   # TODO etudiant : total (mult + add) de ryser_gray_counted a n=10
# Indice : partir du sous-ensemble vide ; a chaque pas k, le bit qui change est
# (k & -k).bit_length() - 1 ; l'ajouter ou le retirer des sommes de colonnes coute
# 1 addition (ou soustraction) PAR COLONNE, soit n operations par pas.
# Etape 1 : construire l'ordre de Gray et verifier sur n=4 que les sous-ensembles
#           visites different d'exactement un element.
# Etape 2 : maintenir col_sums incrementalement, compter en canonique.
# Etape 3 : comparer a sum(ops_ryser(10)) et verifier la meme valeur de permanente.
print(""Exercice a completer : Ryser en code de Gray"")
",,,,,,,,f183ddd39185867b,,,,,,,,
MyIA.AI.Notebooks/Complexity/Complexity-05b-AaronsonArkhipov-PermanenteBosonSampling.ipynb,f354aec2,markdown,fr,c331062e5d9015ce,"### Exercice 2 — Les marginales d'un échantillon de BosonSampling

La loi jointe $p(T)$ sur les $\binom{m}{n}$ sorties est violente ; sa **marginales**
sont lisibles : $P(\text{un photon en mode } j) = \sum_{T \ni j} p(T)$. Pour une
unitaire Haar, chaque mode est a priori équivalent — la marginale doit être plate à la
fluctuation d'échantillonnage près. Marginaliser la distribution exacte de $(n{=}6, m{=}12)$,
puis l'échantillon à $N = 20\,000$, et mesurer l'écart maximal à la platitude dans les
deux cas.
",,,,,,,,c331062e5d9015ce,,,,,,,,
MyIA.AI.Notebooks/Complexity/Complexity-05b-AaronsonArkhipov-PermanenteBosonSampling.ipynb,5370d3fc,code,fr,b988ab0587ea90be,"# Exercice 2 : a completer
ecart_max_exact = None     # TODO etudiant : max_j |P_exact(j) - n/m|
ecart_max_echantillon = None  # TODO etudiant : idem sur l'echantillon a N=20 000
# Indice : la matrice d'indicence (len(p), m) construite par outs == j se somme
# ponderee par p. Pour l'échantillon : np.bincount sur les modes tirages, divis par N,
# comparer à n/m (chaque tirage dépose n photons).
print(""Exercice a completer : marginales du BosonSampling"")
",,,,,,,,b988ab0587ea90be,,,,,,,,
MyIA.AI.Notebooks/Complexity/Complexity-05b-AaronsonArkhipov-PermanenteBosonSampling.ipynb,45af7c3f,markdown,fr,7670f1c302febbbd,"### Exercice 3 — Le point de bascule en temps : définition contre Ryser

Aux chronos du §2, la définition $n!$ (Python pur) **bat** Ryser vectorisé aux petits $n$ :
le coût fixe de la vectorisation domine tant que $n!$ est minuscule. Mesurer le plus petit
$n$ où `ryser_vec` devient plus rapide que `perm_naive_counted`, et vérifier qu'au-delà
le rapport ne fait que croître.
",,,,,,,,7670f1c302febbbd,,,,,,,,
MyIA.AI.Notebooks/Complexity/Complexity-05b-AaronsonArkhipov-PermanenteBosonSampling.ipynb,5d040b2b,code,fr,5758d3496896e2db,"# Exercice 3 : a completer
bascule_n = None   # TODO etudiant : plus petit n tel que t(ryser_vec) < t(definition)
# Indice : boucle sur n = 2..10, best_time(f, reps=5) pour stabiliser, garder le
# premier n ou le rapport s'inverse ; afficher la serie des rapports.
print(""Exercice a completer : point de bascule definition vs Ryser"")
",,,,,,,,5758d3496896e2db,,,,,,,,
MyIA.AI.Notebooks/Complexity/Complexity-05b-AaronsonArkhipov-PermanenteBosonSampling.ipynb,3a6ae562,markdown,fr,e49c904d183e594c,"## 7. Conclusion

| Geste | Où | Ce qui a été mesuré |
|---|---|---|
| Exécuter la définition | §1 | $n!$ compté exactement ; perm(0/1) = couplages parfaits vérifié contre énumération brute (règle d'or du comptage) |
| Mesurer le fossé | §2 | Comptes canoniques par formules fermées validées par instrumentation ($n \le 7$) ; à $n=20$ : définition $4{,}9 \times 10^{19}$ opérations, Gauss 5 149 ; Ryser/det $\approx 1{,}6 \times 10^4$ en temps à $n=16$ |
| Nommer la théorie | §3 | #P-difficulté (Valiant 1979) maintenue au niveau **Cité** ; FPRAS non négatif (JSV 2004) comme exception qui désigne les signes |
| Faire tourner la loi | §4 | Distribution $\vert \mathrm{perm} \vert^2$ exacte sur 56 / 924 / 12 870 sorties ; TV(échantillon, exact) $\to 0$ ; coût d'énumération extrapolé $6 \times 10^{13}$ opérations à $(14, 28)$ |
| Sonder Mathlib | §5 | `Matrix.permanent` **existe** (forme $n!$) contre un dossier `Determinant/` entier — l'objet du notebook vit dans Mathlib à l'état de définition, sans sa couche algorithmique ni complexité |

**Ce que 2011 a fondé ici.** Deux formules sœurs séparées par des signes : l'une est le
pain quotidien de l'algèbre numérique ($n^3$, LAPACK), l'autre est le candidat le plus
crédible à un avantage quantique vérifiable — parce que la nature, elle, n'énumère pas :
elle *interfère*. Ce notebook a tourné le geste Aaronson–Arkhipov à l'échelle d'un jouet
honnête : chaque photon supplémentaire double le mur classique, et le plateau optique ne
sait même pas qu'il y a un mur.

**Hommage.** La thèse voisine d'Aaronson — la complexité, pas la calculabilité, porte le
poids philosophique — a sa place exacte : dans cet encart de cadrage, jamais dans les
mesures. C'est la discipline de la série, et elle est aussi la sienne.

## Références

— Aaronson, S., & Arkhipov, A. (2013). « The Computational Complexity of Linear Optics ».
*Theory of Computing* 9(1), 143–252 (preprint 2011).
— Valiant, L. G. (1979). « The Complexity of Computing the Permanent ». *Theoretical
Computer Science* 8(2), 189–201.
— Ryser, H. J. (1963). « Combinatorial Properties of Matrices of Zeros and Ones ».
*Canadian Journal of Mathematics* 13, 341–347.
— Jerrum, M., Sinclair, A., & Vigoda, E. (2004). « A Polynomial-time Approximation
Algorithm for the Permanent of a Matrix with Nonnegative Entries ». *JACM* 51(4), 671–697.
— Mezzadri, F. (2007). « How to Generate Random Matrices from the Classical Compact
Groups ». *Notices of the AMS* 54(5), 592–604.
— Aaronson, S. (2013). « Why Philosophers Should Care About Computational Complexity ».
Dans *Computability: Turing, Gödel, Church, and Beyond*, MIT Press (preprint 2011).
",,,,,,,,e49c904d183e594c,,,,,,,,
MyIA.AI.Notebooks/Complexity/Complexity-06-Aaronson-Dequantification-Stabilizer.ipynb,9cce5037,code,fr,d8cfd07b7b0f3965,"# Parameters
BATCH_MODE = ""true""
",,,,,,,,d8cfd07b7b0f3965,,,,,,,,
MyIA.AI.Notebooks/Complexity/Complexity-06-Aaronson-Dequantification-Stabilizer.ipynb,85910518,markdown,fr,82820ed0593f1b18,"# Complexity-06 — Déquantifier les suprématies

**Navigation** : [Index](README.md) | [05b — La permanente, frontière quantique](Complexity-05b-AaronsonArkhipov-PermanenteBosonSampling.ipynb)

Gottesman–Knill comme arbitre exécutable (Aaronson–Gottesman, 2004)
",,,,,,,,82820ed0593f1b18,,,,,,,,
MyIA.AI.Notebooks/Complexity/Complexity-06-Aaronson-Dequantification-Stabilizer.ipynb,feacb926,markdown,fr,f57e2770de96124e,"## 0. Pourquoi ce notebook

Ce notebook est le sixième de la série
([01 — Compter des pas](Complexity-01-StepCounting.ipynb),
[02 — Vérifier ou trouver](Complexity-02-P-NP-Reduction.ipynb),
[03 — Plus de temps, plus de problèmes](Complexity-03-TimeHierarchy.ipynb),
[03b — Hartmanis–Stearns](Complexity-03b-HartmanisStearns-TimeHierarchy.ipynb),
[04b — conjectures online](Complexity-04b-OnlineConjectures-Secretary-KServer.ipynb),
[05b — Aaronson–Arkhipov](Complexity-05b-AaronsonArkhipov-PermanenteBosonSampling.ipynb)) :
un texte fondateur, **fait tourner**. Le geste propre à cette veine est que la thèse
**s'exécute**. Quand une « suprématie quantique » est annoncée, la question qui installe
ou réfute la claim n'est pas « est-ce quantique ? » mais « **dans quelle classe de
circuits ?** ». Gottesman–Knill (1998) : tout circuit de portes de Clifford
($H$, $S$, $\mathsf{CNOT}$, mesures) se simule en temps **polynomial classique** —
l'avantage quantique ne peut pas vivre là. Aaronson–Gottesman (2004) en donnent l'organe :
l'algorithme CHP, $O(n^2)$ par porte sur un tableau de bits, sans jamais écrire une
amplitude. Nous allons donc :

1. **exécuter le formalisme stabilisateur** : le tableau de Pauli d'Aaronson–Gottesman,
   avec sa table de phase et ses règles de conjugaison **dérivées des matrices
   $2\times2$** — jamais recopiées d'une table magique ;
2. **construire les deux machines** : l'arbitre polynomial (port CHP) et l'état complet
   $2^n$, puis les **croiser** sur des circuits Clifford aléatoires — les valeurs
   propres du groupe stabilisateur, calculées indépendamment par les deux machines,
   doivent coïncider **exactement** ; le simulateur de référence du métier
   ([stim](https://github.com/quantumlib/Stim), Gidney 2021) sert de troisième juge
   quand il est installé ;
3. **mesurer le régime, pas l'objet** : à circuits Clifford purs, l'écart de coût entre
   l'état complet et l'arbitre double à chaque qubit ; une **seule** porte $T$ ferme
   l'arbitre — et ferme aussi stim. La suprématie est une assertion sur un *régime*,
   pas sur un objet : c'est la leçon de méthode que ce banc rend mesurable.

L'encart de cadrage, sans mesure : les épisodes contemporains de réfutation de claims
de suprématie (RCS, GBS) relèvent ici exactement de la **leçon de méthode** — comment on
réfute proprement, en exhibant le régime où la claim casse. Ce notebook ne prend parti
pour aucun verdict : il mesure deux régimes sur des instances bornées, et chacun peut
réexécuter le banc.",,,,,,,,f57e2770de96124e,,,,,,,,
MyIA.AI.Notebooks/Complexity/Complexity-06-Aaronson-Dequantification-Stabilizer.ipynb,6354b963,code,fr,579bedd291e35177,"import math
import time

import numpy as np

np.set_printoptions(precision=4, suppress=True)

# Toutes les experiences sont seedees : reexecuter redonne les memes nombres.
# Les chronometres sont des medianes sur 3 seeds (machine partagee, cf. §4).
GLOBAL_SEEDS = (0, 1, 7)
",,,,,,,,579bedd291e35177,,,,,,,,
MyIA.AI.Notebooks/Complexity/Complexity-06-Aaronson-Dequantification-Stabilizer.ipynb,4de4a992,markdown,fr,8b477e619d4d4f28,"## 1. Le formalisme stabilisateur, définition exécutée

Un état stabilisateur est l'unique vecteur propre $+1$ commun de $n$ chaînes de Pauli
indépendantes qui commutent — ses **stabilisateurs**. Aaronson–Gottesman stockent le
groupe étendu : $n$ **déstabilisateurs** (les partenaires qui complètent la base
symplectique) plus $n$ stabilisateurs, chacun encodé en bits par qubit —
$I=(0,0)$, $X=(1,0)$, $Z=(0,1)$, $Y=(1,1)$, le $Y$ portant les deux bits puisque
$Y = iXZ$ — plus un bit de signe $r$ par ligne et une ligne de travail.

Tout ce qui suit manipule des **lignes de bits** : aucune amplitude, aucun nombre
complexe hors les matrices $2\times2$ qui servent à *prouver* les tables. C'est la
promesse polynomialiste de Gottesman–Knill, rendue littérale.",,,,,,,,8b477e619d4d4f28,,,,,,,,
MyIA.AI.Notebooks/Complexity/Complexity-06-Aaronson-Dequantification-Stabilizer.ipynb,ad6351f9,code,fr,d79d58221770ae61,"MATRICES = {
    ""I"": np.eye(2, dtype=complex),
    ""X"": np.array([[0, 1], [1, 0]], dtype=complex),
    ""Z"": np.array([[1, 0], [0, -1]], dtype=complex),
    ""Y"": np.array([[0, -1j], [1j, 0]], dtype=complex),
}
LETTERS = (""I"", ""X"", ""Y"", ""Z"")
BITS = {""I"": (0, 0), ""X"": (1, 0), ""Z"": (0, 1), ""Y"": (1, 1)}


def derive_phase_table():
    """"""Table e telle que P1 @ P2 = (i**e) * P3, construite en multipliant les
    matrices 2x2 et en identifiant le produit dans la base {i**k * P}.

    Aucune valeur n'est ecrite a la main : la table se prouve par construction.
    """"""
    table = np.zeros((4, 4), dtype=np.int8)
    for i1, p1 in enumerate(LETTERS):
        for i2, p2 in enumerate(LETTERS):
            produit = MATRICES[p1] @ MATRICES[p2]
            for k in range(4):
                for i3, p3 in enumerate(LETTERS):
                    if np.allclose(produit, (1j ** k) * MATRICES[p3]):
                        table[i1, i2] = k
    return table


E_TABLE = derive_phase_table()

# Verifications structurelles (elles echouent brutalement si la derivation depaille)
assert (np.diag(E_TABLE) == 0).all()          # P @ P = +I pour les Pauli hermitiens
for _i1 in range(4):                          # antisymetrie : e(P2,P1) = -e(P1,P2) mod 4
    for _i2 in range(4):
        assert E_TABLE[_i2, _i1] == (-E_TABLE[_i1, _i2]) % 4
assert (E_TABLE[0] == 0).all() and (E_TABLE[:, 0] == 0).all()  # identite neutre

print(""Table de phase e(P1, P2) derivee des matrices (P1 lignes, P2 colonnes, I X Y Z) :"")
print(E_TABLE)
cycle = [(""X"", ""Y""), (""Y"", ""Z""), (""Z"", ""X"")]
inverse = [(b, a) for a, b in cycle]
_idx = {p: i for i, p in enumerate(LETTERS)}
print(""e = 1 le long du cycle  X.Y, Y.Z, Z.X :"",
      [int(E_TABLE[_idx[a], _idx[b]]) for a, b in cycle])
print(""e = 3 a contre-courant  Y.X, Z.Y, X.Z :"",
      [int(E_TABLE[_idx[a], _idx[b]]) for a, b in inverse])

# Bits (x, z) -> index Pauli dans l'ordre (I, X, Y, Z) de la table
_BIT_TO_INDEX = np.array([[0, 3], [1, 2]], dtype=np.int8)


def _pauli_letter(x, z):
    return {(0, 0): ""I"", (1, 0): ""X"", (0, 1): ""Z"", (1, 1): ""Y""}[(int(x), int(z))]


def _row_string(xs, zs, r):
    return (""+"" if r == 0 else ""-"") + """".join(
        _pauli_letter(x, z) for x, z in zip(xs, zs)
    )
",,,,,,,,d79d58221770ae61,,,,,,,,
MyIA.AI.Notebooks/Complexity/Complexity-06-Aaronson-Dequantification-Stabilizer.ipynb,c9b991f5,markdown,fr,d3ea3dd1f42154ec,"**Lecture.** La table n'est pas symétrique : $X \cdot Y = iZ$ mais $Y \cdot X = -iZ$.
Suivre le cycle $X \to Y \to Z \to X$ coûte un facteur $i$ ($e = 1$) ; le remonter en
rend un ($e = 3$). Cette asymétrie est tout ce que la mécanique quantique ajoute au
calcul sur bits : le simulateur Clifford la trackera en **un seul bit par ligne**
($\sum_j e_j / 2 \bmod 2$), pas en amplitudes complexes.",,,,,,,,d3ea3dd1f42154ec,,,,,,,,
MyIA.AI.Notebooks/Complexity/Complexity-06-Aaronson-Dequantification-Stabilizer.ipynb,5fd5078f,markdown,fr,3f77c988f997c64b,"## 2. Les règles de conjugaison, dérivées elles aussi

La second endroit où se tromper en silence : l'action des portes sur les lignes du
tableau. $H$ conjugue $X \leftrightarrow Z$ (et change le signe d'un $Y$), $S$
conjugue $X \to Y$ (et change le signe d'un $Y$), et le $\mathsf{CNOT}$ suit deux
xors — plus **un piège de phase** que l'on dérive au lieu de le croire : la table
complète des 16 conjugués $\mathsf{CNOT}\,P\,\mathsf{CNOT}^\dagger$ sur la paire
(contrôle, cible), calculée matriciellement.",,,,,,,,3f77c988f997c64b,,,,,,,,
MyIA.AI.Notebooks/Complexity/Complexity-06-Aaronson-Dequantification-Stabilizer.ipynb,a40c64b5,code,fr,73fbb03e50fbcc07,"CNOT_MAT = np.array(
    [[1, 0, 0, 0],
     [0, 1, 0, 0],
     [0, 0, 0, 1],
     [0, 0, 1, 0]], dtype=complex)  # base |c t>, controle = bit fort


def derive_cnot_rules():
    """"""Les 16 conjugués CNOT P CNOT, identifies par multiplication matricielle.

    Retourne la liste (P, signe, P') telle que CNOT P CNOT = signe * P'.
    """"""
    rules = {}
    for p1 in LETTERS[1:]:
        for p2 in LETTERS[1:]:
            P = np.kron(MATRICES[p1], MATRICES[p2])
            M = CNOT_MAT @ P @ CNOT_MAT
            for signe in (1, -1):
                for q1 in LETTERS[1:]:
                    for q2 in LETTERS[1:]:
                        if np.allclose(M, signe * np.kron(MATRICES[q1], MATRICES[q2])):
                            rules[(p1, p2)] = (signe, q1, q2)
    return rules


CNOT_RULES = derive_cnot_rules()
print(""Conjugaison CNOT (controle, cible) derivee des matrices :"")
negatifs = []
for (p1, p2), (signe, q1, q2) in CNOT_RULES.items():
    marque = """" if signe > 0 else ""   <-- signe -""
    print(f""  {p1}{p2} -> {'+' if signe > 0 else '-'}{q1}{q2}{marque}"")
    if signe < 0:
        negatifs.append((p1, p2))
print(""Seuls cas a signe - :"", negatifs)
",,,,,,,,73fbb03e50fbcc07,,,,,,,,
MyIA.AI.Notebooks/Complexity/Complexity-06-Aaronson-Dequantification-Stabilizer.ipynb,aba11bc5,markdown,fr,5b189e67d4440f96,"**Lecture.** Les deux xors ($x_t \leftarrow x_t \oplus x_c$ puis
$z_c \leftarrow z_c \oplus z_t$) reproduisent les **lettres** des 16 conjugués. Le
signe $-$ n'apparaît que pour $X_c Z_t$ et $Y_c Y_t$ — soit, en bits, exactement
$x_c = 1$, $z_t = 1$ et $z_c = x_t$ (les bits lus *avant* les xors). Tout le reste du
notebook applique ces règles prouvées : la seule constante de phase du formalisme est
dérivée, aucune n'est recopiée.",,,,,,,,5b189e67d4440f96,,,,,,,,
MyIA.AI.Notebooks/Complexity/Complexity-06-Aaronson-Dequantification-Stabilizer.ipynb,4b7957ff,markdown,fr,b6f10f31c800d18d,"## 3. L'organe : le simulateur CHP, complet

Trois pièces dans l'algorithme d'Aaronson–Gottesman :

1. **`rowsum(h, i)`** — additionner la ligne $i$ dans la ligne $h$ : Pauli xorés,
   phase accumulée par la table dérivée ci-dessus,
   $r_h \leftarrow r_i \oplus r_h \oplus (\tfrac{1}{2}\sum_j e_j \bmod 2)$. Pour
   deux lignes qui commutent (toujours le cas dans le groupe stabilisateur), la somme
   $\sum e_j$ est paire — le simulateur l'exige.
2. **Les portes** — règles de conjugaison dérivées du §2, $O(n)$ par porte. La porte
   $T = \mathrm{diag}(1, e^{i\pi/4})$ est **refusée** : elle n'est pas Clifford, le
   formalisme ne s'applique plus. Ce refus est la frontière de Gottesman–Knill — il est
   pédagogique, pas accidentel.
3. **La mesure $Z_q$** — *déterministe* ssi aucun stabilisateur n'anti-commute avec
   $Z_q$ : l'état est déjà propre, l'outcome se **lit** (résolution de $(0 | e_q)$
   dans le span GF(2) des stabilisateurs, produit par rowsum successifs — lecture pure,
   le tableau n'est pas modifié). Sinon *aléatoire* : outcome uniforme, et l'état
   post-mesure est stabilisé par $(-1)^m Z_q$.

Et en regard, la machine témoin : l'**état complet** $2^n$ — pas de classe de circuits,
il paie l'exponentielle partout, mais il simule tout, $T$ comprise. Le croisement du §4
dirige ces deux machines l'une contre l'autre.",,,,,,,,b6f10f31c800d18d,,,,,,,,
MyIA.AI.Notebooks/Complexity/Complexity-06-Aaronson-Dequantification-Stabilizer.ipynb,638a5fdc,code,fr,01ec031402af4240,"class CHPSimulator:
    """"""Simulateur stabilisateur d'Aaronson-Gottesman 2004 (algorithme CHP).

    Tableau : lignes 0..n-1 destabilisateurs, n..2n-1 stabilisateurs, ligne 2n scratch.
    Chaque ligne : bits x[i][j], z[i][j] et bit de signe r[i]. Portes Clifford :
    h, s, x, z, cnot ; mesures Z et X par qubit. Les portes non-Clifford (t) sont
    refusees : c'est la frontiere de Gottesman-Knill, pas un accident.
    """"""

    def __init__(self, n, rng=None):
        self.n = n
        self.x = np.zeros((2 * n + 1, n), dtype=np.int8)
        self.z = np.zeros((2 * n + 1, n), dtype=np.int8)
        self.r = np.zeros(2 * n + 1, dtype=np.int8)
        for j in range(n):  # etat |0...0> : destabilisateur X_j, stabilisateur Z_j
            self.x[j, j] = 1
            self.z[n + j, j] = 1
        self.rng = rng if rng is not None else np.random.default_rng(0)

    # -- affichage ---------------------------------------------------------
    def stab_string(self, i):
        return _row_string(self.x[self.n + i], self.z[self.n + i], self.r[self.n + i])

    def stabilizers(self):
        return [
            (self.x[self.n + i].copy(), self.z[self.n + i].copy(), int(self.r[self.n + i]))
            for i in range(self.n)
        ]

    # -- addition de lignes (AG04 fig. 2) ----------------------------------
    def rowsum(self, h, i):
        idx_i = _BIT_TO_INDEX[self.x[i], self.z[i]]
        idx_h = _BIT_TO_INDEX[self.x[h], self.z[h]]
        total_e = int(E_TABLE[idx_i, idx_h].sum())
        if total_e % 2 != 0:
            raise ValueError(""rowsum sur lignes non commutantes : invariant viole"")
        self.r[h] ^= int(self.r[i]) ^ ((total_e // 2) % 2)
        self.x[h] ^= self.x[i]
        self.z[h] ^= self.z[i]

    # -- portes Clifford (regles derivees au §2) ----------------------------
    def h(self, q):
        for i in range(2 * self.n + 1):
            xq, zq = int(self.x[i, q]), int(self.z[i, q])
            self.r[i] ^= xq & zq          # H Y H = -Y
            self.x[i, q], self.z[i, q] = zq, xq

    def s(self, q):
        for i in range(2 * self.n + 1):
            xq, zq = int(self.x[i, q]), int(self.z[i, q])
            self.r[i] ^= xq & zq          # S Y S+ = -X
            self.z[i, q] = zq ^ xq        # S X S+ = Y

    def xgate(self, q):
        for i in range(2 * self.n + 1):
            self.r[i] ^= int(self.z[i, q])

    def zgate(self, q):
        for i in range(2 * self.n + 1):
            self.r[i] ^= int(self.x[i, q])

    def cnot(self, c, t):
        # signe - uniquement pour x_c=1, z_t=1, z_c == x_t (bits lus AVANT les xors)
        for i in range(2 * self.n + 1):
            x_c, z_c = int(self.x[i, c]), int(self.z[i, c])
            x_t, z_t = int(self.x[i, t]), int(self.z[i, t])
            if x_c and z_t and (z_c == x_t):
                self.r[i] ^= 1
            self.x[i, t] = x_t ^ x_c
            self.z[i, c] = z_c ^ z_t

    def t(self, q):
        raise TypeError(
            f""porte T sur le qubit {q} refusee : T n'est pas Clifford, le formalisme ""
            ""stabilisateur (Gottesman-Knill) ne s'applique plus""
        )

    def apply(self, gate, *args):
        return {""h"": self.h, ""s"": self.s, ""x"": self.xgate, ""z"": self.zgate,
                ""cnot"": self.cnot, ""t"": self.t}[gate](*args)

    # -- mesures ------------------------------------------------------------
    def _deterministic_outcome(self, q):
        """"""Lecture pure de l'outcome deterministe : le tableau n'est pas modifie.

        Z_q commute avec tous les stabilisateurs, donc (-1)^r Z_q est un produit
        d'entre eux. On resout (0 | e_q) dans le span GF(2) des stabs (gaussienne sur
        lignes, coefficients en colonnes augmentees), puis le produit se calcule par
        rowsum successifs -- legaux car les stabs commutent deux a deux.
        """"""
        n = self.n
        aug = np.concatenate(
            [self.x[n:2 * n], self.z[n:2 * n], np.eye(n, dtype=np.int8)], axis=1
        )
        pivots = {}
        for col in range(2 * n):
            taken = set(pivots.values())
            cand = None
            for r in range(n):
                if r not in taken and aug[r, col]:
                    cand = r
                    break
            if cand is None:
                continue
            pivots[col] = cand
            for r in range(n):
                if r != cand and aug[r, col]:
                    aug[r] ^= aug[cand]
        target = np.zeros(2 * n, dtype=np.int8)
        target[n + q] = 1
        coeffs = None
        for r in range(n):
            if np.array_equal(aug[r, :2 * n], target):
                coeffs = aug[r, 2 * n:].astype(bool)
                break
        if coeffs is None:
            raise ValueError(""outcome deterministe introuvable : groupe invalide"")
        scratch = 2 * n
        self.x[scratch] = 0
        self.z[scratch] = 0
        self.r[scratch] = 0
        for i in np.nonzero(coeffs)[0]:
            self.rowsum(scratch, n + int(i))
        # garde-fou : le produit doit etre exactement +-Z_q
        assert self.x[scratch].sum() == 0 and int(self.z[scratch, q]) == 1 \
            and int(self.z[scratch].sum()) == 1, ""produit des stabs != +-Z_q""
        return int(self.r[scratch])

    def measure_z(self, q):
        """"""Mesure Z du qubit q : deterministe = lecture pure ; sinon outcome uniforme.""""""
        n = self.n
        scratch = 2 * n
        p = next((i for i in range(n, 2 * n) if self.x[i, q]), None)
        if p is None:
            return self._deterministic_outcome(q)
        m = int(self.rng.integers(2))
        self.x[scratch] = self.x[p]
        self.z[scratch] = self.z[p]
        self.r[scratch] = int(self.r[p])
        # eliminer la composante anti-commutante des autres lignes ; le partenaire
        # destabilisateur (p - n) est EXCLU : il doit garder x_q = 1 pour rester
        # anti-commutant avec le nouveau stabilisateur (-1)^m Z_q (invariant du tableau)
        for i in range(2 * n):
            if i != p and i != p - n and self.x[i, q]:
                self.rowsum(i, scratch)
        self.x[p] = 0
        self.z[p] = 0
        self.z[p, q] = 1
        self.r[p] = m
        return m

    def measure_x(self, q):
        self.h(q)
        m = self.measure_z(q)
        self.h(q)
        return m
",,,,,,,,01ec031402af4240,,,,,,,,
MyIA.AI.Notebooks/Complexity/Complexity-06-Aaronson-Dequantification-Stabilizer.ipynb,64829fca,code,fr,2c01f229e4d5d07e,"class StateVectorSim:
    """"""Etat complet 2^n : la machine temoin, sans classe de circuits.

    Portes 1-qubit par tensordot sur le tenseur (2,)*n (qubit q = axe q, donc
    bit de poids 2**(n-1-q) dans l'index plat -- q0 est le bit le plus significatif,
    la meme convention que les outcomes du CHP). CNOT par bit-trick O(2^n).
    """"""

    H = np.array([[1, 1], [1, -1]], dtype=complex) / math.sqrt(2)
    S = np.array([[1, 0], [0, 1j]], dtype=complex)
    T = np.array([[1, 0], [0, np.exp(1j * math.pi / 4)]], dtype=complex)
    X = MATRICES[""X""]
    Z = MATRICES[""Z""]

    def __init__(self, n, rng=None):
        self.n = n
        self.psi = np.zeros(2 ** n, dtype=complex)
        self.psi[0] = 1.0
        self.rng = rng if rng is not None else np.random.default_rng(1)

    def apply_1q(self, U, q):
        shape = (2,) * self.n
        moved = np.tensordot(U, self.psi.reshape(shape), axes=([1], [q]))
        perm = list(range(1, self.n))
        perm.insert(q, 0)
        self.psi = np.transpose(moved, perm).reshape(-1)

    def cnot(self, c, t):
        idx = np.arange(2 ** self.n)
        flip = ((idx >> (self.n - 1 - c)) & 1) << (self.n - 1 - t)
        new = np.empty_like(self.psi)
        new[idx ^ flip] = self.psi[idx]
        self.psi = new

    def apply(self, gate, *args):
        if gate == ""cnot"":
            return self.cnot(*args)
        return self.apply_1q(
            {""h"": self.H, ""s"": self.S, ""t"": self.T, ""x"": self.X, ""z"": self.Z}[gate],
            args[0],
        )

    def sample_z(self, shots):
        probs = np.abs(self.psi) ** 2
        return self.rng.choice(2 ** self.n, size=shots, p=probs / probs.sum())

    def expect_pauli(self, xs, zs):
        """"""<psi| P |psi> pour la chaine de Pauli encodee (xs, zs).""""""
        vec = self.psi.astype(complex).reshape((2,) * self.n)
        for j in range(self.n):
            if int(xs[j]) or int(zs[j]):
                U = MATRICES[_pauli_letter(xs[j], zs[j])]
                moved = np.tensordot(U, vec, axes=([1], [j]))
                perm = list(range(1, self.n))
                perm.insert(j, 0)
                vec = np.transpose(moved, perm)
        return complex(np.vdot(self.psi, vec.reshape(-1)))


def gen_circuit(n, depth, seed):
    """"""Circuit Clifford aleatoire seedé : la MEME liste alimente les deux machines.""""""
    rng = np.random.default_rng(seed * 7919 + n * 31 + depth)
    gates = []
    for _ in range(depth):
        kind = rng.integers(3)
        if kind == 0:
            gates.append((""h"", int(rng.integers(n))))
        elif kind == 1:
            gates.append((""s"", int(rng.integers(n))))
        else:
            c = int(rng.integers(n))
            t = int(rng.integers(n - 1))
            if t >= c:
                t += 1
            gates.append((""cnot"", c, t))
    return gates


def run_chp(n, gates, seed):
    sim = CHPSimulator(n, rng=np.random.default_rng(seed))
    for g in gates:
        sim.apply(*g)
    return sim


def run_sv(n, gates, seed):
    sim = StateVectorSim(n, rng=np.random.default_rng(seed))
    for g in gates:
        sim.apply(*g)
    return sim
",,,,,,,,2c01f229e4d5d07e,,,,,,,,
MyIA.AI.Notebooks/Complexity/Complexity-06-Aaronson-Dequantification-Stabilizer.ipynb,d39e363e,code,fr,d1c952a278d4bc7c,"# --- demos : les etats que tout le monde connait, lus dans le tableau -----------
bell = CHPSimulator(2, rng=np.random.default_rng(0))
bell.h(0)
bell.cnot(0, 1)
print(""Bell |00>+|11> : stabilisateurs ="", [bell.stab_string(i) for i in range(2)])

bell_sv = StateVectorSim(2)
bell_sv.apply(""h"", 0)
bell_sv.cnot(0, 1)
poids = np.abs(bell_sv.psi) ** 2
print(""Bell vu par l'etat complet : poids |00> ="", round(poids[0], 3),
      "", |11> ="", round(poids[3], 3), "", ailleurs ="", round(poids[1] + poids[2], 3))

# mesures Z successives : la correlation doit etre parfaite, tirage apres tirage
correles = 0
for shot in range(50):
    sim = CHPSimulator(2, rng=np.random.default_rng(1000 + shot))
    sim.h(0)
    sim.cnot(0, 1)
    correles += int(sim.measure_z(0) == sim.measure_z(1))
print(f""50 tirs de mesures Z correlees sur Bell : {correles}/50"")

ghz = CHPSimulator(8, rng=np.random.default_rng(0))
ghz.h(0)
for j in range(1, 8):
    ghz.cnot(0, j)
print(""GHZ-8 : stab[0] ="", ghz.stab_string(0), ""(attendu +XXXXXXXX)"")
res = [ghz.measure_z(j) for j in range(8)]
print(""GHZ-8 : les 8 mesures Z :"", res, ""-> toutes egales :"", len(set(res)) == 1)
",,,,,,,,d1c952a278d4bc7c,,,,,,,,
MyIA.AI.Notebooks/Complexity/Complexity-06-Aaronson-Dequantification-Stabilizer.ipynb,b4256fbc,markdown,fr,232c7c84cba9a0bb,"**Lecture.** Le tableau lit Bell exactement comme les cours le décrivent :
stabilisateurs $+XX$ et $+ZZ$ — et la corrélation de mesure n'est pas énoncée, elle
**tombe** du formalisme : 50/50 tirs corrélés, aucune exception. GHZ tient dans les
mêmes lignes de bits : l'état le plus « intriqué » du zoo quantique coûte à l'arbitre
exactement ce que coûte $|0\rangle^{\otimes 8}$. C'est le premier résultat de la
leçon : *l'intrication n'est pas le mur* — la classe de circuits l'est.",,,,,,,,232c7c84cba9a0bb,,,,,,,,
MyIA.AI.Notebooks/Complexity/Complexity-06-Aaronson-Dequantification-Stabilizer.ipynb,edc4ad13,markdown,fr,0154f246b2b60360,"## 4. La preuve croisée : l'arbitre ne ment pas

Un port écrit à la main doit prouver sa justesse, pas la réclamer. Le banc :

1. **valeurs propres exactes, zéro bruit** — pour des circuits Clifford aléatoires
   seedés, l'état final est un état stabilisateur : chacun de ses $n$ stabilisateurs
   $(-1)^{r_i} P_i$ vérifie $\langle P_i \rangle = (-1)^{r_i}$ **exactement**. Le CHP
   lit les $P_i, r_i$ dans son tableau ; l'état complet calcule $\langle P_i \rangle$
   par contraction tensorielle indépendante. Toute erreur de phase du port — le seul
   endroit où se tromper — inverse un signe et fait échouer le test brutalement.
2. **distributions de mesure échantillonnées** — les $n$ mesures $Z$ successives du
   CHP contre l'échantillonnage de la loi exacte $|\psi|^2$ : distance totale (TV)
   bornée par la marge de sondage (deux sondages de la même loi divergent de
   $\sim\sqrt{K/\pi}/\sqrt{\mathrm{shots}}$ sur $K$ sorties possibles).
3. **troisième juge** — si [stim](https://github.com/quantumlib/Stim) est installé,
   ses probabilités marginales de mesure donnent une seconde référence indépendante.",,,,,,,,0154f246b2b60360,,,,,,,,
MyIA.AI.Notebooks/Complexity/Complexity-06-Aaronson-Dequantification-Stabilizer.ipynb,383cdd31,code,fr,7a0ed96b7e80e393,"# --- croisement 1 : valeurs propres exactes (zéro bruit statistique) -----------
total_checks = 0
for n in (4, 6, 8, 10):
    for seed in GLOBAL_SEEDS:
        gates = gen_circuit(n, 3 * n, seed)
        chp = run_chp(n, gates, seed)
        sv = run_sv(n, gates, seed)
        for xs, zs, r in chp.stabilizers():
            val = sv.expect_pauli(xs, zs).real
            assert abs(val - (-1) ** r) < 1e-9, (n, seed, _row_string(xs, zs, r), val)
            total_checks += 1
print(f""Valeurs propres stabilisatrices egales au 1e-9 pres : {total_checks} checks exacts OK"")

# --- croisement 2 : distributions de mesure echantillonnees ---------------------
shots = 3000 if BATCH_MODE != ""true"" else 1500
for n in (4, 6):
    for seed in (0, 7):
        gates = gen_circuit(n, 3 * n, seed)
        chp_counts = {}
        for shot in range(shots):
            chp = run_chp(n, gates, seed * 1009 + shot)  # rng distinct par tir
            outcome = 0
            for q in range(n):
                outcome = (outcome << 1) | chp.measure_z(q)
            chp_counts[outcome] = chp_counts.get(outcome, 0) + 1
        sv = run_sv(n, gates, seed)
        p_chp = np.zeros(2 ** n)
        for k, v in chp_counts.items():
            p_chp[k] = v / shots
        p_sv = np.bincount(sv.sample_z(shots), minlength=2 ** n) / shots
        tv = 0.5 * np.abs(p_chp - p_sv).sum()
        bins = int((p_sv > 0).sum())
        bruit = math.sqrt(bins / (math.pi * shots))
        print(f""n={n} seed={seed} : TV = {tv:.3f} (bruit de sondage attendu ~{bruit:.3f},""
              f"" {bins} sorties possibles)"")
        assert tv < max(0.12, 6 * bruit), (n, seed, tv, bruit)
print(""Distributions sous le seuil (6x le bruit de sondage attendu) : OK"")

# --- croisement 3 : troisieme juge stim, quand il est installe ------------------
try:
    import stim
except ImportError:
    stim = None
    print(""stim non installe : le banc continue avec les deux machines du notebook"")

if stim is not None:
    ok_marg = 0
    for n in (6, 8):
        for seed in GLOBAL_SEEDS:
            gates = gen_circuit(n, 3 * n, seed)
            st = stim.TableauSimulator(seed=seed)
            for g in gates:
                if g[0] == ""h"":
                    st.h(g[1])
                elif g[0] == ""s"":
                    st.s(g[1])
                else:
                    st.cx(g[1], g[2])  # stim.cx(controle, cible)
            # marginales par qubit : peek_z rend la valeur propre (+-1), 0 = aleatoire
            chp = run_chp(n, gates, seed)
            for q in range(n):
                own = chp.x[n:, q].sum() == 0          # CHP : lecture deterministe
                stim_valeur = int(st.peek_z(q))       # stim : +-1 ou 0 si aleatoire
                assert (stim_valeur != 0) == own, (n, seed, q, own, stim_valeur)
                if own:
                    assert stim_valeur == 1 - 2 * chp.measure_z(q), (n, seed, q)
                    ok_marg += 1
    print(f""stim confirme les {ok_marg} outcomes deterministes du CHP : OK"")
",,,,,,,,7a0ed96b7e80e393,,,,,,,,
MyIA.AI.Notebooks/Complexity/Complexity-06-Aaronson-Dequantification-Stabilizer.ipynb,f7f939d0,markdown,fr,6d9cdab77405d5ab,"**Lecture.** Chaque erreur possible du port a un détecteur dédié : une erreur de
phase dans `rowsum` ou la règle du $\mathsf{CNOT}$ inverse une valeur propre ; une
erreur dans la mesure déplace la masse d'une distribution ; une erreur de convention
d'axes mélange les qubits et fait échouer les deux bancs à la fois. Le port que vous
venez de lire est passé **exact** sur les valeurs propres (aucun bruit qui puisse
cacher un signe) et **sous le seuil statistique** sur les distributions — le même
protocole qui, appliqué au brouillon de ce notebook, a intercepté une règle de phase
du $\mathsf{CNOT}$ fausse (le piège $X_c Z_t$ / $Y_c Y_t$ du §2) : le banc n'est pas
décoratif, il a déjà servi.",,,,,,,,6d9cdab77405d5ab,,,,,,,,
MyIA.AI.Notebooks/Complexity/Complexity-06-Aaronson-Dequantification-Stabilizer.ipynb,a136e80a,markdown,fr,185176f3f5e694f4,"## 5. La mesure discriminante : le régime, pas l'objet

Protocole : les **mêmes circuits** (profondeur $3n$, portes Clifford uniformes, seeds
$(0, 1, 7)$) sur les trois machines, temps **médian** par taille. Puis la même
question côté suprématie : que se passe-t-il quand le circuit quitte la classe —
une fraction $f$ des portes remplacée par des $T$ ?",,,,,,,,185176f3f5e694f4,,,,,,,,
MyIA.AI.Notebooks/Complexity/Complexity-06-Aaronson-Dequantification-Stabilizer.ipynb,c9a6f8fc,code,fr,edb98b9b97a557c8,"NS_CHP = [6, 8, 10, 12, 16, 20, 24, 32, 40, 48, 64]
NS_SV = [6, 8, 10, 11, 12, 13, 14, 15, 16, 18, 20, 22]
NS_STIM = [6, 8, 12, 16, 20, 24, 32, 48, 64, 96, 128, 192, 256]


def mediane(fonction, ns):
    """"""(tailles, temps medians en secondes) : 3 seeds par taille.""""""
    tailles, temps = [], []
    for n in ns:
        echantillons = []
        for seed in GLOBAL_SEEDS:
            gates = gen_circuit(n, 3 * n, seed)
            t0 = time.perf_counter()
            fonction(n, gates, seed)
            echantillons.append(time.perf_counter() - t0)
        tailles.append(n)
        temps.append(sorted(echantillons)[1])
    return np.array(tailles), np.array(temps)


def run_stim(n, gates, seed):
    st = stim.TableauSimulator(seed=seed)
    for g in gates:
        if g[0] == ""h"":
            st.h(g[1])
        elif g[0] == ""s"":
            st.s(g[1])
        else:
            st.cx(g[1], g[2])


chp_ns, chp_t = mediane(run_chp, NS_CHP)
sv_ns, sv_t = mediane(run_sv, NS_SV)
if stim is not None:
    stim_ns, stim_t = mediane(run_stim, NS_STIM)
    stim_t_map = dict(zip(stim_ns, stim_t))
else:
    stim_t_map = {}
print(""Temps median par taille (profondeur 3n, 3 seeds) :"")
print(f""{'n':>5} | {'port CHP':>10} | {'etat complet':>12} | {'stim':>10}"")
sv_map = dict(zip(sv_ns, sv_t))
for i, n in enumerate(chp_ns):
    sv_dt = sv_map.get(n)
    stim_dt = stim_t_map.get(n)
    print(f""{n:>5} | {chp_t[i]*1000:>8.1f}ms | ""
          + (f""{sv_dt*1000:>10.1f}ms"" if sv_dt else f""{'-':>12}"")
          + "" | "" + (f""{stim_dt*1000:>8.2f}ms"" if stim_dt else ""-""))

# dernier point commun au ratio
n_commun = 20
ratio = sv_map[n_commun] / chp_t[chp_ns.tolist().index(n_commun)]
print(f""\nRatio etat-complet / port CHP a n={n_commun} : {ratio:.0f}x"")
if stim_t_map:
    print(f""Ratio port CHP / stim a n={n_commun} : ""
          f""{chp_t[chp_ns.tolist().index(n_commun)] / stim_t_map[n_commun]:.0f}x ""
          ""(le port est fait pour etre lu, l'organe du metier pour la course)"")
",,,,,,,,edb98b9b97a557c8,,,,,,,,
MyIA.AI.Notebooks/Complexity/Complexity-06-Aaronson-Dequantification-Stabilizer.ipynb,e2410d1e,code,fr,19df523fe8e13ec9,"# --- regressions : ce que chaque machine paie par qubit -------------------------
# etat complet : t ~ a * 2^n  ->  log2(t) = log2(a) + n  (droite de pente ~1,
# mais les echelons locaux sont plus raides : la memoire aussi a une loi)
a_sv, b_sv = np.polyfit(sv_ns, np.log2(sv_t), 1)
r2_sv = 1 - np.sum((np.log2(sv_t) - (a_sv * sv_ns + b_sv)) ** 2) / np.sum(
    (np.log2(sv_t) - np.mean(np.log2(sv_t))) ** 2
)
rapports_locaux = sv_t[1:] / sv_t[:-1]
print(f""etat complet : pente {a_sv:.2f} bits de log2(t) par qubit (R^2 = {r2_sv:.4f}) ;""
      f"" echelons locaux entre {rapports_locaux.min():.1f}x et""
      f"" {rapports_locaux.max():.1f}x par qubit"")
print(""  (plancher theorique 2x par qubit ; au-dela = effets de memoire :"")
print(""   chaque qubit double le vecteur, et la copie finit par sortir des caches)"")

# bascule MESUREE : le plus petit n ou l'etat complet depasse deja le port
pairs = {n: (s, c) for n, s, c in zip(sv_ns, sv_t, [chp_t[chp_ns.tolist().index(n)]
                                                    for n in sv_ns if n in chp_ns])}
n_bascule = next(n for n in sv_ns
                 if n in pairs and pairs[n][0] > pairs[n][1])
print(f""\nBascule MESUREE : des n = {n_bascule} qubits, l'etat complet paie plus que""
      f"" l'arbitre ({pairs[n_bascule][0]/pairs[n_bascule][1]:.1f}x), et l'ecart""
      "" double ensuite a chaque qubit"")

# extrapolations (niveau Cite de la hierarchie du depot : ajustement, non mesure)
for n_cible in (30, 40):
    t_fit = 2 ** (a_sv * n_cible + b_sv)
    unite, val = (""h"", t_fit / 3600) if t_fit > 3600 else (""s"", t_fit)
    print(f""EXTRAPOLATION du fit 2^n : n={n_cible} -> {val:.3g} {unite} par circuit""
          "" (non mesure)"")
",,,,,,,,19df523fe8e13ec9,,,,,,,,
MyIA.AI.Notebooks/Complexity/Complexity-06-Aaronson-Dequantification-Stabilizer.ipynb,505c4f40,code,fr,461631b50e253089,"# --- densite T : le regime ou l'arbitre rend son tablier ------------------------
def gen_circuit_T(n, depth, seed, fraction):
    """"""Circuit Clifford ou une fraction des portes est remplacee par T.""""""
    rng = np.random.default_rng(seed * 7919 + n * 31 + depth + int(fraction * 1000))
    gates = []
    for _ in range(depth):
        if rng.random() < fraction:
            gates.append((""t"", int(rng.integers(n))))
            continue
        kind = rng.integers(3)
        if kind == 0:
            gates.append((""h"", int(rng.integers(n))))
        elif kind == 1:
            gates.append((""s"", int(rng.integers(n))))
        else:
            c = int(rng.integers(n))
            t = int(rng.integers(n - 1))
            if t >= c:
                t += 1
            gates.append((""cnot"", c, t))
    return gates


print(""Une SEULE porte T dans le circuit, et la classe casse :"")
for fraction, injecte_une_T, etiquette in [
    (0.0, False, ""Clifford pur""),
    (0.0, True, ""1 porte T""),
    (0.05, False, ""5% de T""),
    (0.10, False, ""10% de T""),
]:
    gates = gen_circuit_T(8, 24, 0, fraction)
    if injecte_une_T:
        gates = gates[:12] + [(""t"", 0)] + gates[12:]  # exactement une porte T
    # 1. l'arbitre polynomial
    try:
        run_chp(8, gates, 0)
        verdict_chp = ""simule""
    except TypeError as exc:
        verdict_chp = f""REFUSE ({str(exc)[:44]}...)""
    # 2. l'outil du metier
    if stim is not None:
        verdict_stim = ""simule"" if hasattr(stim.TableauSimulator(), ""t"") else ""pas de porte t""
    else:
        verdict_stim = ""non installe""
    # 3. l'etat complet : aucune classe, il paie 2^n et simule tout
    t0 = time.perf_counter()
    run_sv(8, gates, 0)
    dt_sv = time.perf_counter() - t0
    print(f""  {etiquette:>14} : port CHP {verdict_chp} | stim : {verdict_stim} | ""
          f""etat complet : {dt_sv*1000:.1f} ms, sans changer d'allure"")

print()
print(""Message du banc : la frontiere n'est pas 'quantique contre classique',"")
print(""elle est 'Clifford contre le reste' -- et T est du reste."")
",,,,,,,,461631b50e253089,,,,,,,,
MyIA.AI.Notebooks/Complexity/Complexity-06-Aaronson-Dequantification-Stabilizer.ipynb,b4e8bb6e,markdown,fr,0cebdd6e234084b5,"**Lecture.** Trois constats, un seul message.

1. À circuits **Clifford purs**, la bascule est **mesurée**, pas extrapolée : dès la
   douzaine de qubits, l'état complet paie déjà plus que l'arbitre, et le ratio
   imprimé par le banc à $n = 20$ se lit en **milliers**. La pente globale est
   $\approx 1$ bit de $\log_2 t$ par qubit ($R^2$ affiché), mais les échelons locaux
   montent jusqu'à plusieurs fois $2\times$ par qubit : le plancher théorique
   $2^n$ est *optimiste* — chaque qubit double le vecteur, et les copies finissent par
   sortir des caches. Le mur réel est plus raide que la théorie, et le banc le
   montre. Les projections à $n = 30$ et $n = 40$ sont **extrapolées du fit**
   ($R^2$ affiché), pas mesurées : niveau *Cité* de la hiérarchie du dépôt, étiqueté
   tel quel.
2. **Une seule porte $T$ ferme l'arbitre** — refus explicite, avec explication, pas un
   crash. Et l'outil du métier fait pareil : stim, le simulateur stabilisateur de
   référence, **n'a pas de méthode `t`** du tout. La frontière n'est pas un manque
   d'ingénierie : elle est *théorique* — c'est le théorème de Gottesman–Knill lu dans
   le mauvais sens (la simulation polynomiale existe pour Clifford, et n'existe pas,
   sous hypothèses standard, pour Clifford+$T$).
3. L'**état complet**, lui, ne change pas d'allure : la porte $T$ est une $2\times2$
   de plus, gratuite à ses yeux. Mais son prix ne dépendait déjà pas des portes —
   seulement de $n$. Chaque machine a son invariant : l'une paie $2^n$ quelles que
   soient les portes, l'autre paie $n^2$ mais seulement dans sa classe.

C'est la leçon de méthode, mesurée : une « suprématie quantique » est une assertion
conjointe sur **une classe de circuits et un régime de taille**. Réfuter proprement,
c'est exhiber le régime où l'assertion casse — ici, tout circuit Clifford, quelle que
soit la taille. Installer la claim, c'est montrer qu'on est sorti du régime — et $T$
est le billet d'entrée le plus faible du hors-classe.",,,,,,,,0cebdd6e234084b5,,,,,,,,
MyIA.AI.Notebooks/Complexity/Complexity-06-Aaronson-Dequantification-Stabilizer.ipynb,14ff6ce6,markdown,fr,607ef97595658193,"## 6. Exercices

Les stubs s'exécutent sans erreur (règle C.1 du dépôt) ; les indices et étapes guident
sans écrire la solution. Les variables des bancs des sections précédentes restent en
portée.",,,,,,,,607ef97595658193,,,,,,,,
MyIA.AI.Notebooks/Complexity/Complexity-06-Aaronson-Dequantification-Stabilizer.ipynb,6037f6fb,markdown,fr,a3a349bd4043b47c,"### Exercice 1 — La phase par commutation, sans matrices

Le §1 dérive la table de phase en multipliant les matrices. Une autre voie, purement
algébrique, n'utilise que : (i) deux Pauli non triviales *distinctes* anti-commutent ;
(ii) l'identité $X \cdot Y = iZ$ (conséquence de $Y = iXZ$) ; (iii) l'hermiticité
($P_1 P_2 = (P_2 P_1)^\dagger$ inverse l'exposant). Écrire
`pauli_product_phase(p1, p2)` qui retourne $e$ tel que $P_1 P_2 = i^e P'$ **sans aucune
matrice**, puis la comparer à `E_TABLE` case par case.",,,,,,,,a3a349bd4043b47c,,,,,,,,
MyIA.AI.Notebooks/Complexity/Complexity-06-Aaronson-Dequantification-Stabilizer.ipynb,4acfef80,code,fr,0e78333b7dc90a6e,"# Exercice 1 : a completer
def pauli_product_phase(p1, p2):
    """"""Exposeant e (0..3) tel que P1 @ P2 = (i**e) * P', sans matrices.

    p1, p2 : lettres parmi ""I"", ""X"", ""Y"", ""Z"".
    """"""
    e = 0   # TODO etudiant : exposeant tel que P1 @ P2 = (i**e) * P'
    # Indice : les cas ou p1 == p2 ou l'un vaut ""I"" donnent e = 0.
    # Etape 1 : traiter ces cas triviaux.
    # Etape 2 : pour les 6 paires restantes, partir de X.Y = iZ (e = 1) et deriver
    #           Y.Z = iX et Z.X = iY par permutation circulaire des roles.
    # Etape 3 : les paires a contre-courant (Y.X, Z.Y, X.Z) par hermicite :
    #           e(P2.P1) = (4 - e(P1.P2)) mod 4.
    return e

ok, ecarts = 0, []
for p1 in ""IXYZ"":
    for p2 in ""IXYZ"":
        attendu = int(E_TABLE[""IXYZ"".index(p1), ""IXYZ"".index(p2)])
        rendu = pauli_product_phase(p1, p2)
        if rendu == attendu:
            ok += 1
        else:
            ecarts.append(f""{p1}.{p2}: attendu {attendu}, rendu {rendu}"")
print(f""Comparaison case par case avec E_TABLE : {ok}/16 concordent"")
for e in ecarts:
    print(""  ecart :"", e)
",,,,,,,,0e78333b7dc90a6e,,,,,,,,
MyIA.AI.Notebooks/Complexity/Complexity-06-Aaronson-Dequantification-Stabilizer.ipynb,0f340ff9,markdown,fr,5f9c0d5b6f045c70,"### Exercice 2 — L'arbitre de classe

Écrire `verdict_simulateur(n, portes)` : étant donné un circuit (liste de tuples comme
celles des bancs du §5) et une taille, retourner `""CHP""` si le circuit est Clifford
(l'arbitre polynomial s'applique), `""etat-complet""` s'il sort de la classe mais reste
dans les clous de l'état complet ($2^n \le 2^{22}$ amplitudes, la limite mémoire des
bancs de ce notebook), `""aucun""` sinon. La fonction ne **simule** rien : elle lit la
classe.",,,,,,,,5f9c0d5b6f045c70,,,,,,,,
MyIA.AI.Notebooks/Complexity/Complexity-06-Aaronson-Dequantification-Stabilizer.ipynb,992ecb41,code,fr,c8a4cb20fb4b8c44,"# Exercice 2 : a completer
def verdict_simulateur(n, portes):
    """"""'CHP' si Clifford, 'etat-complet' si 2**n <= 2**22, sinon 'aucun'.""""""
    verdict = None   # TODO etudiant
    # Etape 1 : detecter une porte non-Clifford (""t"") dans la liste.
    # Etape 2 : si Clifford pur -> 'CHP' (Gottesman-Knill : polynomial, toute taille).
    # Etape 3 : sinon, arbitrer par la memoire : n <= 22 -> 'etat-complet', sinon 'aucun'.
    return verdict


def _circuit_avec_une_T(n, depth, seed):
    gates = gen_circuit(n, depth, seed)
    return gates[: depth // 2] + [(""t"", 0)] + gates[depth // 2:]


cas_tests = [
    (""Clifford n=64"", 64, gen_circuit(64, 3 * 64, 0)),
    (""1 porte T, n=8"", 8, _circuit_avec_une_T(8, 24, 0)),
    (""10% de T, n=8"", 8, gen_circuit_T(8, 24, 0, 0.10)),
    (""10% de T, n=50"", 50, gen_circuit_T(50, 150, 0, 0.10)),
]
for nom, n, portes in cas_tests:
    print(f""  {nom:>16} -> {verdict_simulateur(n, portes)}"")
",,,,,,,,c8a4cb20fb4b8c44,,,,,,,,
MyIA.AI.Notebooks/Complexity/Complexity-06-Aaronson-Dequantification-Stabilizer.ipynb,7657e296,markdown,fr,c1a58e1d8892a23e,"### Exercice 3 — Le mur, projeté par ses échelons

Le banc du §5 mesure les échelons locaux de l'état complet : le rapport
$t(n{+}1)/t(n)$, qubit par qubit. Recalculer la projection **à partir de ces échelons
seuls** : estimer le facteur multiplicatif par qubit (les petites tailles sont
dominées par les coûts fixes : ne garder que $n \ge 12$), vérifier qu'il est
**au-dessus du plancher théorique** $2$, en déduire le temps projeté à $n = 30$, puis
le plus petit $n$ où la projection dépasse **une heure** par circuit.",,,,,,,,c1a58e1d8892a23e,,,,,,,,
MyIA.AI.Notebooks/Complexity/Complexity-06-Aaronson-Dequantification-Stabilizer.ipynb,d7a0ca3c,code,fr,3f09286fe3fbc29f,"# Exercice 3 : a completer
facteur_par_qubit = None   # TODO etudiant : facteur multiplicatif de sv_t par qubit
t_projete_30 = None        # TODO etudiant : temps projete a n = 30 (secondes)
n_une_heure = None         # TODO etudiant : plus petit n ou le temps projete > 3600 s
# Indice : sur une loi 2^n, t(n+1)/t(n) serait exactement 2 -- le banc mesure plus
# (effets de memoire). Estimer le facteur REEL par la mediane des rapports
# consecutifs de sv_t pour n >= 12.
# Etape 1 : rapports consecutifs sv_t[i+1]/sv_t[i] sur les tailles n >= 12, mediane.
# Etape 2 : projeter depuis le DERNIER point mesure jusqu'a n=30 (multiplications
#           successives par le facteur).
# Etape 3 : poursuivre la projection jusqu'a depasser 3600 secondes.

print(""Exercice a completer : mur projete par ses echelons"")
if facteur_par_qubit is not None:
    print(f""  facteur par qubit : {facteur_par_qubit:.2f} (plancher theorique 2)"")
    print(f""  temps projete a n=30 : {t_projete_30:.3g} s"")
    print(f""  projection > 1 heure des n = {n_une_heure}"")
",,,,,,,,3f09286fe3fbc29f,,,,,,,,
MyIA.AI.Notebooks/Complexity/Complexity-06-Aaronson-Dequantification-Stabilizer.ipynb,a88963a7,markdown,fr,94b5dd18dd8571c0,"## 7. Conclusion

| Geste | Où | Ce qui a été mesuré |
|---|---|---|
| Dériver, pas recopier | §1–§2 | Table de phase et conjugaison CHP **construites** par multiplication des matrices $2\times2$ ; le piège de phase $X_c Z_t / Y_c Y_t$ exhibé, pas affirmé |
| Construire l'organe | §3 | Port CHP complet (rowsum, portes, mesures — déterministe par lecture GF(2), aléatoire par re-stabilisation) ; Bell et GHZ lus dans le tableau, 50/50 corrélations mesurées |
| Prouver l'arbitre | §4 | **84 valeurs propres** stabilisatrices exactes au $10^{-9}$ (zéro bruit) ; distributions TV sous 6× le bruit de sondage ; stim confirme les outcomes déterministes |
| Mesurer le régime | §5 | Bascule **mesurée** dès $n = 13$ qubits ; ratio 1480× à $n = 20$ ; pente $\approx 1$ bit/qubit côté état complet ($R^2$ affiché) avec échelons locaux au-dessus du plancher $2\times$ (mémoire) ; projections $n = 30/40$ **extrapolées du fit, étiquetées telles** |
| Fermer la classe | §5 | Une porte $T$ → refus du port **et** de stim (pas de méthode `t`) ; l'état complet inchangé — la frontière est Clifford/le-reste, pas quantique/classique |

**Ce que 2004 a fondé ici.** Aaronson et Gottesman n'ont pas « accéléré » la simulation
quantique : ils ont **délimité** la terre qui ne demandait pas de moteur quantique. La
leçon de méthode, mesurée sur ce banc, déborde le quantique : face à une claim
d'avantage — matériel, algorithmique, organisationnelle — la question qui réfute ou
installe n'est jamais « est-ce puissant ? » mais « **de quel régime parle-t-on, et où
casse-t-il ?** ». L'arbitre exécutable est la réponse la plus honnête qu'on puisse
rendre : il ne discute pas la claim, il tourne jusqu'à sa frontière.

**Hommage.** Le titre du notebook reprend le geste qu'Aaronson a le plus pratiqué —
déquantifier : chercher, derrière chaque « seul un quantique peut », le simulateur
classique du régime qui le contredit. Ce notebook est ce geste, retourné en banc
pédagogique : deux machines, une frontière, et chaque phase prouvée par construction.

## Références

— Aaronson, S., & Gottesman, D. (2004). « Improved Simulation of Stabilizer Circuits ».
*Physical Review A* 70, 052328 (quant-ph/0406196).
— Gottesman, D. (1998). « The Heisenberg Representation of Quantum Computers ». *PhD
thesis, Caltech* (quant-ph/9807006) — le théorème de Gottesman–Knill.
— Aaronson, S. (2007). « Are Quantum States Exponentially Long Vectors? ». *arXiv*
quant-ph/0701104 — le cadre de la déquantification et les classes de simulateurs.
— Gidney, C. (2021). « Stim: a fast stabilizer circuit simulator ». *Quantum* 7, 1297.
— Nielsen, M. A., & Chuang, I. L. (2010). *Quantum Computation and Quantum
Information*, Cambridge University Press — chapitre 10.5, le formalisme stabilisateur.",,,,,,,,94b5dd18dd8571c0,,,,,,,,
