{
  "n_seeds": 4,
  "seeds": [
    0,
    1,
    7,
    42
  ],
  "mean_composite_sharpe": 1.0473168220493498,
  "mean_s4v2_sharpe": 1.0536738782685529,
  "mean_eqw_sharpe": 0.8583209770528671,
  "mean_delta_vs_s4v2": -0.0063570562192031,
  "se_delta": 0.019751187563918648,
  "t_stat": -0.32185691106574943,
  "n_positive": 1,
  "p_binom": 0.9375,
  "mean_stress_delta": -0.0063570562192031,
  "verdict": "NO BEATS",
  "gate_delta": 0.1,
  "seed_results": [
    {
      "seed": 0,
      "sharpe_composite": 1.1020970041286662,
      "sharpe_s4v2": 1.1326255409300159,
      "sharpe_eqw": 0.9931532996413256,
      "delta_vs_s4v2": -0.030528536801349704,
      "delta_vs_eqw": 0.10894370448734059,
      "cum_ret_composite": 2.186607625560593,
      "cum_ret_s4v2": 2.396258623925975,
      "cum_ret_eqw": 2.613530139111599,
      "max_dd_composite": -0.27817596772473013,
      "max_dd_s4v2": -0.29675110256413473,
      "vol_composite": 0.14475241008880427,
      "vol_s4v2": 0.14858192474540496,
      "n_obs": 1960,
      "n_folds": 5,
      "n_gates_skipped": 0,
      "n_total_rebalances": 1960,
      "skip_rate": 0.0,
      "tx_bps": 10,
      "gate_k": 1.5
    },
    {
      "seed": 1,
      "sharpe_composite": 2.1047752481021273,
      "sharpe_s4v2": 2.056483625680916,
      "sharpe_eqw": 1.7505475387360168,
      "delta_vs_s4v2": 0.04829162242121132,
      "delta_vs_eqw": 0.3542277093661106,
      "cum_ret_composite": 4.572487394169835,
      "cum_ret_s4v2": 4.701766860758445,
      "cum_ret_eqw": 4.522077278084909,
      "max_dd_composite": -0.17811002022839395,
      "max_dd_s4v2": -0.18407948415239278,
      "vol_composite": 0.10773917537839946,
      "vol_s4v2": 0.11192835746998138,
      "n_obs": 1960,
      "n_folds": 5,
      "n_gates_skipped": 0,
      "n_total_rebalances": 1960,
      "skip_rate": 0.0,
      "tx_bps": 10,
      "gate_k": 1.5
    },
    {
      "seed": 7,
      "sharpe_composite": 0.32713367794421244,
      "sharpe_s4v2": 0.36670354486932843,
      "sharpe_eqw": 0.2550762248340794,
      "delta_vs_s4v2": -0.03956986692511599,
      "delta_vs_eqw": 0.07205745311013306,
      "cum_ret_composite": 0.32854837539906256,
      "cum_ret_s4v2": 0.39321895214882896,
      "cum_ret_eqw": 0.25724990120104096,
      "max_dd_composite": -0.46352648439702687,
      "max_dd_s4v2": -0.4800709719501124,
      "vol_composite": 0.1433019684368276,
      "vol_s4v2": 0.1452692143085229,
      "n_obs": 1960,
      "n_folds": 5,
      "n_gates_skipped": 0,
      "n_total_rebalances": 1960,
      "skip_rate": 0.0,
      "tx_bps": 10,
      "gate_k": 1.5
    },
    {
      "seed": 42,
      "sharpe_composite": 0.6552613580223932,
      "sharpe_s4v2": 0.6588828015939512,
      "sharpe_eqw": 0.43450684500004716,
      "delta_vs_s4v2": -0.003621443571558025,
      "delta_vs_eqw": 0.220754513022346,
      "cum_ret_composite": 1.0130208568490398,
      "cum_ret_s4v2": 1.0510107069270345,
      "cum_ret_eqw": 0.6665488324251394,
      "max_dd_composite": -0.38454133499146,
      "max_dd_s4v2": -0.4191127175855597,
      "vol_composite": 0.15584112437745729,
      "vol_s4v2": 0.1594994021134695,
      "n_obs": 1960,
      "n_folds": 5,
      "n_gates_skipped": 0,
      "n_total_rebalances": 1960,
      "skip_rate": 0.0,
      "tx_bps": 10,
      "gate_k": 1.5
    }
  ],
  "stress_results": [
    {
      "seed": 0,
      "stress_delta_vs_s4v2": -0.030528536801349704,
      "stress_sharpe_composite": 1.1020970041286662,
      "stress_sharpe_s4v2": 1.1326255409300159
    },
    {
      "seed": 1,
      "stress_delta_vs_s4v2": 0.04829162242121132,
      "stress_sharpe_composite": 2.1047752481021273,
      "stress_sharpe_s4v2": 2.056483625680916
    },
    {
      "seed": 7,
      "stress_delta_vs_s4v2": -0.03956986692511599,
      "stress_sharpe_composite": 0.32713367794421244,
      "stress_sharpe_s4v2": 0.36670354486932843
    },
    {
      "seed": 42,
      "stress_delta_vs_s4v2": -0.003621443571558025,
      "stress_sharpe_composite": 0.6552613580223932,
      "stress_sharpe_s4v2": 0.6588828015939512
    }
  ]
}