date,ticker,origin,rv21_vol_offqc,rv21_logvar,har_logvar,target_logvar,tsfm_logvar,tsfm_logvar_run2,placebo_0_logvar,placebo_1_logvar,placebo_7_logvar,placebo_42_logvar,placebo_99_logvar,placebo_123_logvar,placebo_256_logvar,placebo_1000_logvar
2007-01-03,SPY,2006-12-29,0.065913492,-10.968253,-10.905338,-10.403335,-10.696601,-10.696601,-8.8272419,-7.7275283,-10.645737,-10.757154,-10.195218,-10.000427,-11.55495,-9.5467487
2007-02-01,SPY,2007-01-31,0.07811287,-10.62863,-10.715084,-9.6581631,-10.644956,-10.644956,-10.000427,-9.9249869,-10.686764,-9.7296422,-9.8980408,-10.6649,-10.004371,-10.199032
2007-03-01,SPY,2007-02-28,0.1577932,-9.222369,-10.526907,-9.3423931,-10.353929,-10.353929,-10.715733,-9.0367837,-10.987284,-10.485384,-11.494326,-10.141325,-10.62396,-10.079091
2007-04-02,SPY,2007-03-30,0.13137818,-9.5887795,-10.340441,-10.330548,-10.281103,-10.281103,-10.315494,-10.046251,-10.281988,-10.566533,-11.239065,-11.325303,-9.8799995,-11.574509
2007-05-01,SPY,2007-04-30,0.074994583,-10.710108,-10.650186,-10.183942,-10.573163,-10.573163,-10.64004,-10.005392,-8.8272419,-10.340441,-10.762428,-10.8491,-10.686764,-10.285898
2007-06-01,SPY,2007-05-31,0.080646767,-10.564782,-10.645737,-9.6932647,-10.584352,-10.584352,-10.460097,-10.369399,-10.336676,-10.307289,-10.625562,-9.2922777,-11.325303,-11.381161
2007-07-02,SPY,2007-06-29,0.14556176,-9.3837387,-10.297829,-9.2492655,-10.019692,-10.019692,-10.310399,-6.8329151,-10.994618,-10.025379,-10.485384,-11.319488,-10.84102,-9.4186345
2007-08-01,SPY,2007-07-31,0.16831267,-9.0932928,-10.046251,-8.2404351,-9.4962497,-9.4962497,-11.381909,-9.5198193,-10.012061,-10.260425,-9.7191525,-8.6654042,-9.4750645,-10.521474
2007-09-04,SPY,2007-08-31,0.21476243,-8.6058748,-9.6575453,-9.5163674,-9.5208604,-9.5208604,-10.339116,-8.9016182,-9.8463536,-10.987284,-10.058279,-10.994618,-10.906574,-10.623041
2007-10-01,SPY,2007-09-28,0.1418681,-9.4351441,-10.266027,-9.1112756,-9.9527562,-9.9527562,-10.342899,-10.336676,-11.494326,-10.999455,-10.521474,-10.786716,-9.8743124,-11.494326
2007-11-01,SPY,2007-10-31,0.1412493,-9.4438868,-10.094011,-8.5571908,-9.7670505,-9.7670505,-10.905338,-11.536809,-9.2698655,-10.194584,-9.8619036,-9.3256289,-8.1263385,-11.133783
2007-12-03,SPY,2007-11-30,0.25373979,-8.2723211,-9.453094,-8.9252977,-8.9607952,-8.9607952,-10.285898,-10.995622,-10.623041,-10.432879,-10.460097,-10.285898,-8.9016182,-10.219789
2008-01-02,SPY,2007-12-31,0.17586425,-9.0055149,-10.073361,-7.8087847,-9.766122,-9.766122,-10.260425,-9.8619036,-9.6064063,-9.4557385,-9.7140444,-10.762834,-10.485841,-9.5759936
2008-02-01,SPY,2008-01-31,0.22480371,-8.5144844,-8.9016182,-8.7155698,-8.889527,-8.889527,-8.9784559,-8.8455358,-10.508873,-10.8545,-10.609743,-7.7275283,-10.212814,-10.602476
2008-03-03,SPY,2008-02-29,0.17759144,-8.9859684,-9.4750645,-8.1378898,-9.0902165,-9.0902165,-9.2922777,-10.757154,-9.8590426,-9.8435717,-10.645737,-8.9784559,-10.194584,-10.646697
2008-04-01,SPY,2008-03-31,0.26904634,-8.1551724,-9.395017,-9.1541232,-9.1301101,-9.1301101,-9.6632103,-11.381909,-10.339116,-10.510586,-11.215222,-10.342899,-10.987284,-9.9382399
2008-05-01,SPY,2008-04-30,0.13558731,-9.5257081,-9.981382,-9.5329819,-9.4888515,-9.4888515,-11.271534,-9.4750645,-8.6225409,-11.574509,-10.86252,-10.72678,-10.510586,-9.350805
2008-06-02,SPY,2008-05-30,0.13162826,-9.5849762,-10.179688,-9.0436686,-9.6459084,-9.6459084,-10.297829,-11.605264,-10.025379,-10.460097,-9.8449599,-9.5467487,-10.521474,-10.814243
2008-07-01,SPY,2008-06-30,0.18853447,-8.8663779,-9.7140444,-8.5098083,-9.280851,-9.280851,-10.8491,-10.744448,-10.603736,-10.686764,-8.0827216,-9.6632103,-8.6225409,-9.6355389
2008-08-01,SPY,2008-07-31,0.21612751,-8.5932025,-9.4110413,-9.0389148,-8.8755901,-8.8755901,-10.179688,-8.0827216,-10.72678,-10.046251,-10.225228,-10.432879,-10.073361,-9.9249869
2008-09-02,SPY,2008-08-29,0.19489425,-8.8000254,-9.8743124,-7.013182,-9.3194163,-9.3194163,-10.8545,-10.715084,-10.433019,-11.494326,-9.4411485,-9.2698655,-10.485384,-9.7782725
2008-10-01,SPY,2008-09-30,0.48716512,-6.9677334,-8.0827216,-5.7173705,-8.0162576,-8.0162576,-10.012061,-10.715733,-10.526907,-10.995859,-9.8590426,-10.433019,-10.219789,-10.012061
2008-11-03,SPY,2008-10-31,0.91592346,-5.705074,-6.8329151,-6.4241909,-6.8567237,-6.8567237,-10.875834,-9.539258,-11.239065,-11.067396,-10.744448,-10.315494,-11.319488,-10.266027
2008-12-01,SPY,2008-11-28,0.67630716,-6.3116449,-7.7275283,-7.0508761,-7.8268957,-7.8268957,-9.3611427,-9.8799995,-11.038607,-11.180177,-9.3352814,-10.999455,-10.159825,-10.8545
2009-01-02,SPY,2008-12-31,0.31629397,-7.8315955,-8.7303179,-7.3245219,-8.370079,-8.370079,-10.742174,-10.35216,-11.427975,-10.242507,-10.141325,-10.526907,-10.260425,-11.186985
2009-02-02,SPY,2009-01-30,0.37914211,-7.4691174,-8.1947422,-7.1305951,-7.6739179,-7.6739179,-11.325303,-10.609743,-9.4750645,-10.327193,-10.485841,-9.7140444,-10.141325,-9.4699677
2009-03-02,SPY,2009-02-27,0.33285951,-7.7294986,-8.1263385,-7.2297098,-7.4749911,-7.4749911,-11.136518,-9.6575453,-10.62496,-9.6857588,-10.602476,-10.485841,-10.199032,-10.508873
2009-04-01,SPY,2009-03-31,0.44741521,-7.1379655,-8.2531037,-7.8085849,-7.6245118,-7.6245118,-8.1947422,-10.751469,-10.875834,-9.8590426,-10.369399,-10.64004,-11.211012,-9.7471696
2009-05-01,SPY,2009-04-30,0.29005245,-8.0048161,-8.6654042,-8.283042,-7.9283651,-7.9283651,-10.025379,-11.215222,-10.625562,-10.72678,-11.067396,-9.981382,-10.6649,-10.141325
2009-06-01,SPY,2009-05-29,0.26765932,-8.1655097,-8.8455358,-8.7626714,-8.192923,-8.192923,-10.645644,-10.508873,-10.046251,-11.381161,-11.211012,-9.8051083,-10.005392,-9.9189664
2009-07-01,SPY,2009-06-30,0.1847808,-8.9065991,-9.4699677,-8.6696941,-8.929665,-8.929665,-9.8619036,-8.8808127,-9.6857588,-9.9569694,-10.297829,-10.814243,-9.3256289,-9.8051083
2009-08-03,SPY,2009-07-31,0.16920386,-9.0827311,-9.5467487,-8.9524563,-9.0770974,-9.0770974,-10.603736,-11.203218,-9.5759936,-10.920787,-10.629885,-9.7393113,-9.5299042,-10.025379
2009-09-01,SPY,2009-08-31,0.15534997,-9.2535788,-9.5343418,-9.1113233,-9.0578835,-9.0578835,-10.485841,-10.645737,-11.381161,-10.6649,-10.327193,-10.508873,-9.176799,-10.046251
2009-10-01,SPY,2009-09-30,0.12389307,-9.706102,-9.7471696,-8.7895991,-9.2468879,-9.2468879,-10.86841,-10.340573,-10.260425,-11.55495,-8.7303179,-11.437924,-10.8545,-9.6064063
2009-11-02,SPY,2009-10-30,0.1985676,-8.7626805,-9.5679404,-8.8508656,-9.0419307,-9.0419307,-10.814243,-8.7303179,-10.650186,-10.609743,-10.539013,-10.609743,-10.307289,-10.875834
2009-12-01,SPY,2009-11-30,0.14827362,-9.346821,-9.6064063,-9.5870418,-8.9693467,-8.9693467,-10.645737,-9.4110413,-10.073361,-10.762428,-9.5403389,-10.860925,-11.35837,-10.342899
2010-01-04,SPY,2009-12-31,0.098583473,-10.163132,-10.742174,-9.2718833,-10.34511,-10.34511,-10.304595,-10.219789,-11.55495,-11.319488,-10.510586,-10.575521,-11.605264,-9.3100025
2010-02-01,SPY,2010-01-29,0.1611561,-9.1801927,-9.7296422,-9.1132326,-8.8383748,-8.8383748,-10.625562,-10.566533,-10.905338,-10.342899,-9.4750645,-9.350805,-10.548177,-11.644198
2010-03-01,SPY,2010-02-26,0.17231108,-9.0463368,-9.8435717,-9.8292475,-9.3012737,-9.3012737,-10.609743,-9.5467487,-10.307289,-8.1263385,-11.289821,-10.625562,-11.136518,-11.239065
2010-04-01,SPY,2010-03-31,0.073530125,-10.749549,-10.315494,-9.5829903,-9.8624151,-9.8624151,-9.9105772,-10.199032,-8.0827216,-9.8743124,-9.453094,-11.35837,-10.860238,-10.6649
2010-05-03,SPY,2010-04-30,0.14978135,-9.3265866,-10.14853,-7.3587371,-9.8235511,-9.8235511,-11.797634,-10.594282,-11.460431,-10.575521,-10.62496,-10.539013,-10.326587,-8.6225409
2010-06-01,SPY,2010-05-28,0.31150048,-7.8621379,-8.8272419,-8.4032162,-8.4387052,-8.4387052,-11.180177,-10.93436,-9.1021607,-10.860238,-9.6355389,-9.9569694,-10.814243,-7.7275283
2010-07-01,SPY,2010-06-30,0.23655262,-8.4125983,-9.3352814,-8.7828202,-8.9562816,-8.9562816,-10.433019,-11.494326,-10.62396,-9.7471696,-9.9569694,-10.336676,-10.012061,-11.136518
2010-08-02,SPY,2010-07-30,0.19457693,-8.8032844,-9.5198193,-8.84846,-9.1098511,-9.1098511,-11.605264,-10.079091,-8.6654042,-9.6575453,-10.342899,-11.381161,-10.339116,-10.307289
2010-09-01,SPY,2010-08-31,0.15699263,-9.232542,-9.5299042,-9.3129937,-9.0795345,-9.0795345,-11.133783,-9.8743124,-10.990072,-8.7303179,-10.755603,-10.304595,-7.8374258,-10.242104
2010-10-01,SPY,2010-09-30,0.1251931,-9.6852249,-9.9390361,-9.4228969,-9.4720159,-9.4720159,-10.539013,-11.038607,-10.84102,-9.4411485,-10.000427,-10.485384,-10.195218,-10.762834
2010-11-01,SPY,2010-10-29,0.10286023,-10.078198,-10.194584,-9.2240637,-9.6798211,-9.6798211,-8.9016182,-10.828168,-8.9784559,-10.828168,-11.136518,-10.546292,-10.566533,-9.9105772
2010-12-01,SPY,2010-11-30,0.1489431,-9.337811,-9.7882037,-10.197825,-9.427494,-9.427494,-10.001886,-10.546292,-10.199032,-10.089613,-10.242104,-9.5759936,-11.427975,-8.1947422
2011-01-03,SPY,2010-12-31,0.042372236,-11.851953,-11.35837,-9.9368149,-11.031098,-11.031098,-10.485384,-11.136518,-9.8799995,-10.369399,-11.325303,-10.004371,-8.1947422,-10.304595
2011-02-01,SPY,2011-01-31,0.099801427,-10.138575,-10.62396,-9.781984,-10.308894,-10.308894,-11.067396,-10.990072,-10.194584,-8.1947422,-10.046251,-10.789541,-11.271534,-9.6857588
2011-03-01,SPY,2011-02-28,0.11268134,-9.895812,-10.432879,-8.8784617,-10.161289,-10.161289,-11.127517,-9.9189664,-10.089613,-10.994618,-10.646697,-10.001886,-10.058279,-10.715733
2011-04-01,SPY,2011-03-31,0.14867091,-9.3414692,-10.327193,-9.7453966,-10.280912,-10.280912,-10.479949,-9.5403389,-10.814243,-8.8455358,-9.981382,-11.133783,-10.742174,-10.715084
2011-05-02,SPY,2011-04-29,0.086023233,-10.435705,-10.744448,-9.5550039,-10.302397,-10.302397,-7.8374258,-9.2107683,-11.644198,-10.875834,-10.898619,-10.327193,-9.3476294,-10.539013
2011-06-01,SPY,2011-05-31,0.10742808,-9.9912964,-10.141325,-9.2686486,-9.8443183,-9.8443183,-10.744448,-9.8449599,-11.211012,-9.7782725,-10.199032,-10.715084,-11.091383,-9.7140444
2011-07-01,SPY,2011-06-30,0.14979332,-9.3264267,-10.025379,-9.1035333,-9.694262,-9.694262,-10.745096,-10.625562,-9.6794944,-7.8374258,-10.64004,-8.5828767,-10.508873,-10.62496
2011-08-01,SPY,2011-07-29,0.15245821,-9.2911586,-9.8463536,-7.2464089,-9.4926107,-9.4926107,-11.494326,-10.920787,-11.203218,-10.310399,-10.6649,-11.211012,-9.9105772,-10.408141
2011-09-01,SPY,2011-08-31,0.47772236,-7.0068802,-8.5828767,-7.7471841,-8.5481893,-8.5481893,-10.510905,-11.644198,-10.326587,-9.9666966,-11.644198,-10.266027,-9.8435717,-9.8449599
2011-10-03,SPY,2011-09-30,0.29011947,-8.004354,-8.6225409,-8.1796792,-8.1585107,-8.1585107,-11.215222,-10.667816,-10.539013,-9.9105772,-8.8455358,-10.759897,-9.6064063,-9.3256289
2011-11-01,SPY,2011-10-31,0.26113198,-8.2148877,-9.1021607,-7.9493086,-8.6959518,-8.6959518,-10.686764,-10.860925,-11.437924,-11.321416,-9.8743124,-10.628022,-9.9382399,-10.179688
2011-12-01,SPY,2011-11-30,0.28859871,-8.0148653,-8.8808127,-8.928075,-8.492879,-8.492879,-11.033409,-9.7799684,-10.310399,-10.266027,-11.35837,-10.93436,-9.981382,-9.3611427
2012-01-03,SPY,2011-12-30,0.18799388,-8.8721209,-10.195218,-9.4166103,-9.8438485,-9.8438485,-9.9382399,-9.8590426,-9.8743124,-9.5759936,-9.3476294,-10.755603,-9.5383085,-11.271534
2012-02-01,SPY,2012-01-31,0.084752901,-10.46546,-10.058812,-9.998376,-9.5435903,-9.5435903,-10.195218,-11.211012,-10.485841,-10.755603,-9.2922777,-11.605264,-10.141519,-10.510586
2012-03-01,SPY,2012-02-29,0.081131451,-10.552798,-10.540117,-10.104825,-10.149422,-10.149422,-11.218893,-9.7882037,-9.5198193,-11.381909,-11.381161,-10.928539,-8.9784559,-10.281988
2012-04-02,SPY,2012-03-30,0.11473124,-9.859755,-10.546292,-9.5351497,-10.168495,-10.168495,-9.4411485,-10.510905,-9.9390361,-10.8491,-9.5467487,-10.242104,-10.62496,-10.625562
2012-05-01,SPY,2012-04-30,0.14044283,-9.4553386,-10.408141,-9.1269727,-10.139338,-10.139338,-10.602476,-10.266027,-9.2836386,-9.0367837,-11.218893,-8.8272419,-10.990072,-10.141519
2012-06-01,SPY,2012-05-31,0.1288432,-9.6277474,-9.6632103,-8.988125,-9.4187043,-9.4187043,-9.9666966,-10.260425,-10.058279,-9.8799995,-10.742174,-10.906574,-10.757154,-11.218893
2012-07-02,SPY,2012-06-29,0.18116617,-8.9461103,-9.6355389,-9.3062836,-9.2058036,-9.2058036,-10.84102,-10.460097,-10.479949,-10.650186,-10.623041,-9.8435717,-9.7393113,-10.990072
2012-08-01,SPY,2012-07-31,0.14003029,-9.4612221,-10.079091,-9.8616727,-9.5972311,-9.5972311,-11.186985,-8.2531037,-8.5828767,-10.995622,-11.038607,-11.494326,-11.038607,-8.2531037
2012-09-04,SPY,2012-08-31,0.05858679,-11.203921,-10.745096,-10.144174,-10.084925,-10.084925,-9.350805,-11.271534,-10.860238,-10.079091,-9.4110413,-9.5198193,-10.266027,-10.86841
2012-10-01,SPY,2012-09-28,0.11049594,-9.9349821,-10.628022,-9.8397755,-9.8998319,-9.8998319,-11.289821,-10.307289,-10.510586,-10.326587,-10.35216,-9.4750645,-8.2531037,-10.987284
2012-11-01,SPY,2012-10-31,0.10656775,-10.007378,-10.260425,-9.4561268,-9.6040499,-9.6040499,-10.094011,-10.14853,-10.136028,-10.602476,-10.905338,-10.479949,-8.7303179,-9.8743124
2012-12-03,SPY,2012-11-30,0.14831396,-9.3462769,-10.339116,-9.5537044,-9.8139629,-9.8139629,-9.2698655,-9.7007259,-10.906574,-10.058279,-10.628022,-9.9189664,-10.285898,-9.981382
2013-01-02,SPY,2012-12-31,0.11260087,-9.8972407,-10.342899,-10.127072,-9.7512937,-9.7512937,-10.72678,-10.001886,-10.485384,-11.605264,-11.271534,-11.381909,-10.315494,-9.953486
2013-02-01,SPY,2013-01-31,0.053559611,-11.383349,-11.091383,-10.016622,-10.612005,-10.612005,-10.757154,-11.325303,-11.133783,-10.508873,-8.2531037,-11.186985,-10.460097,-10.757154
2013-03-01,SPY,2013-02-28,0.12769962,-9.6455781,-10.479949,-10.148849,-9.8943511,-9.8943511,-9.6064063,-9.5299042,-11.289821,-10.786716,-9.953486,-10.340573,-10.999455,-9.8463536
2013-04-01,SPY,2013-03-28,0.074143059,-10.732947,-10.686764,-9.8739475,-10.279806,-10.279806,-10.575521,-10.650186,-9.9189664,-8.2531037,-9.8463536,-11.427975,-11.218893,-9.9390361
2013-05-01,SPY,2013-04-30,0.14361373,-9.4106852,-10.618527,-9.7706567,-10.269658,-10.269658,-10.242507,-10.058812,-10.755603,-10.667816,-9.6632103,-10.762428,-10.310399,-9.8435717
2013-06-03,SPY,2013-05-31,0.09811763,-10.172606,-10.225228,-9.1252517,-9.8255508,-9.8255508,-9.3100025,-9.9382399,-10.645644,-8.5828767,-10.285898,-10.025379,-9.539258,-11.215222
2013-07-01,SPY,2013-06-28,0.16964638,-9.0775074,-9.8449599,-9.9856112,-9.4965254,-9.4965254,-11.321416,-10.62496,-10.751469,-11.127517,-10.786716,-9.953486,-10.136028,-11.321416
2013-08-01,SPY,2013-07-31,0.069749074,-10.855131,-10.786716,-10.017419,-10.231363,-10.231363,-10.521474,-11.460431,-9.6632103,-10.526907,-10.136028,-9.9249869,-10.14853,-9.539258
2013-09-03,SPY,2013-08-30,0.095017852,-10.23681,-10.508873,-10.027256,-10.150416,-10.150416,-9.7393113,-9.7140444,-9.7782725,-9.5343418,-10.432879,-9.395017,-10.225228,-10.566533
2013-10-01,SPY,2013-09-30,0.082954001,-10.508367,-10.703812,-10.084074,-10.249672,-10.249672,-10.789541,-10.703812,-10.742174,-10.745096,-10.759897,-10.212814,-10.603736,-9.2836386
2013-11-01,SPY,2013-10-31,0.12067919,-9.7586682,-10.86252,-10.670764,-10.396614,-10.396614,-9.395017,-10.64004,-11.136518,-9.7007259,-9.9666966,-11.797634,-10.645737,-10.860925
2013-12-02,SPY,2013-11-29,0.086093138,-10.43408,-11.325303,-10.31072,-10.787043,-10.787043,-10.212814,-10.786716,-10.242507,-10.86841,-9.1021607,-11.536809,-9.6575453,-10.339116
2014-01-02,SPY,2013-12-31,0.095992487,-10.2164,-11.605264,-9.8448362,-11.076102,-11.076102,-10.508873,-10.759897,-10.898619,-10.62496,-9.9390361,-10.62396,-11.133783,-9.5403389
2014-02-03,SPY,2014-01-31,0.1232236,-9.7169385,-10.242104,-9.8209932,-10.031536,-10.031536,-9.3352814,-9.981382,-8.1263385,-11.327918,-11.319488,-9.5679404,-11.067396,-11.427975
2014-03-03,SPY,2014-02-28,0.12176099,-9.7408196,-10.594282,-9.8045752,-10.369364,-10.369364,-9.9189664,-7.8374258,-10.000427,-9.8463536,-10.141519,-10.744448,-9.8449599,-11.797634
2014-04-01,SPY,2014-03-31,0.096915034,-10.19727,-10.336676,-9.8626213,-10.152127,-10.152127,-10.906574,-10.485841,-10.266027,-9.6355389,-10.987284,-11.392533,-10.745096,-10.315494
2014-05-01,SPY,2014-04-30,0.12854956,-9.6323106,-10.62496,-10.553877,-10.358521,-10.358521,-9.8980408,-8.1263385,-10.460097,-10.744448,-10.001886,-11.218893,-9.9249869,-10.645737
2014-06-02,SPY,2014-05-30,0.080467596,-10.569231,-11.321416,-10.980987,-10.728286,-10.728286,-9.9249869,-10.898619,-10.297829,-9.2107683,-9.4186345,-9.3100025,-9.350805,-11.392533
2014-07-01,SPY,2014-06-30,0.056393707,-11.280224,-11.427975,-10.477409,-10.838737,-10.838737,-10.141325,-11.55495,-10.762834,-10.594282,-10.906574,-10.225228,-9.8980408,-8.0827216
2014-08-01,SPY,2014-07-31,0.10259251,-10.08341,-10.789541,-10.281443,-10.468794,-10.468794,-11.574509,-10.025379,-10.14853,-8.6654042,-6.8329151,-8.0827216,-9.9390361,-11.067396
2014-09-02,SPY,2014-08-29,0.075190958,-10.704878,-11.289821,-10.347804,-10.747952,-10.747952,-10.432879,-9.6632103,-11.067396,-10.281988,-10.304595,-10.005392,-10.479949,-11.381909
2014-10-01,SPY,2014-09-30,0.093212134,-10.275184,-10.645644,-8.9201345,-10.36932,-10.36932,-10.995859,-8.6225409,-10.8545,-10.703812,-10.575521,-10.703812,-10.094011,-11.536809
2014-11-03,SPY,2014-10-31,0.17858144,-8.9748501,-9.9105772,-10.598157,-10.027845,-10.027845,-10.990072,-9.6355389,-11.186985,-10.073361,-9.7296422,-10.725696,-10.510905,-9.7393113
2014-12-01,SPY,2014-11-28,0.053193199,-11.397079,-11.319488,-9.1061007,-10.719732,-10.719732,-10.266027,-10.629885,-10.408141,-11.239065,-9.5198193,-10.35216,-11.797634,-10.650186
2015-01-02,SPY,2014-12-31,0.15406124,-9.2702393,-10.755603,-9.034584,-10.532154,-10.532154,-10.510586,-9.8435717,-11.321416,-10.100279,-9.539258,-10.715733,-10.100279,-10.185499
2015-02-02,SPY,2015-01-30,0.16406691,-9.1443909,-9.7393113,-10.101868,-9.8759669,-9.8759669,-8.6654042,-9.2836386,-10.304595,-10.521474,-9.7471696,-9.2836386,-9.953486,-11.203218
2015-03-02,SPY,2015-02-27,0.10375697,-10.060837,-11.127517,-9.9026278,-10.696061,-10.696061,-11.427975,-10.814243,-10.715084,-10.905338,-9.4699677,-10.540117,-10.72678,-10.93436
2015-04-01,SPY,2015-03-31,0.14222502,-9.4301187,-10.510905,-10.146511,-10.25539,-10.25539,-10.281988,-11.327918,-9.8449599,-9.3256289,-11.321416,-11.271534,-11.381909,-10.409681
2015-05-01,SPY,2015-04-30,0.084032968,-10.482521,-10.510586,-10.258837,-10.158127,-10.158127,-10.336676,-9.5759936,-11.536809,-10.789541,-10.326587,-9.453094,-10.744448,-10.995859
2015-06-01,SPY,2015-05-29,0.10434533,-10.049528,-10.987284,-10.010314,-10.536594,-10.536594,-9.7140444,-10.623041,-10.058812,-10.548177,-11.605264,-10.623041,-10.575521,-10.094011
2015-07-01,SPY,2015-06-30,0.11382553,-9.875606,-10.433019,-9.6258435,-10.114568,-10.114568,-9.7296422,-11.186985,-10.715733,-10.540117,-10.8545,-9.3611427,-11.327918,-10.000427
2015-08-03,SPY,2015-07-31,0.11654606,-9.8283665,-10.715733,-7.6177022,-10.395909,-10.395909,-10.667816,-9.2698655,-9.8619036,-11.203218,-8.8272419,-11.574509,-10.623041,-10.84102
2015-09-01,SPY,2015-08-31,0.26843781,-8.1597011,-9.4557385,-8.543175,-9.8965947,-9.8965947,-9.5383085,-9.5679404,-11.271534,-10.86252,-10.185499,-9.4411485,-8.6654042,-10.14853
2015-10-01,SPY,2015-09-30,0.19932805,-8.7550357,-9.539258,-9.5854891,-9.4521075,-9.4521075,-11.392533,-9.5343418,-10.6649,-10.64004,-10.8491,-10.281988,-10.179688,-10.485841
2015-11-02,SPY,2015-10-30,0.12182898,-9.7397031,-10.64004,-10.242631,-10.400834,-10.400834,-9.981382,-10.539013,-9.4186345,-10.315494,-10.540117,-10.875834,-10.786716,-10.999455
2015-12-01,SPY,2015-11-30,0.11784775,-9.8061525,-10.995622,-9.279435,-10.435209,-10.435209,-9.7882037,-10.755603,-7.7275283,-9.8051083,-10.548177,-10.650186,-9.7296422,-10.603736
2016-01-04,SPY,2015-12-31,0.17989188,-8.9602277,-10.307289,-8.1543238,-10.120888,-10.120888,-9.539258,-10.875834,-10.995859,-11.186985,-11.091383,-9.6575453,-9.8051083,-10.906574
2016-02-01,SPY,2016-01-29,0.2295416,-8.4727711,-9.3100025,-8.7484011,-9.2799676,-9.2799676,-9.5198193,-11.35837,-10.141325,-10.199032,-10.260425,-10.594282,-9.7799684,-11.289821
2016-03-01,SPY,2016-02-29,0.18349615,-8.9205523,-9.7799684,-9.7280235,-9.4209572,-9.4209572,-11.211012,-9.4411485,-9.5343418,-9.8980408,-11.180177,-9.5383085,-9.1021607,-10.336676
2016-04-01,SPY,2016-03-31,0.087514289,-10.401335,-10.625562,-9.9760505,-10.181408,-10.181408,-9.6575453,-11.180177,-9.5383085,-8.9016182,-9.3256289,-10.199032,-9.395017,-10.744448
2016-05-02,SPY,2016-04-29,0.099483364,-10.144959,-10.548177,-10.127001,-9.9481327,-9.9481327,-10.762834,-9.4699677,-10.004371,-9.3476294,-11.536809,-9.7296422,-9.7471696,-10.72678
2016-06-01,SPY,2016-05-31,0.10691,-10.000965,-10.93436,-8.8215205,-10.412038,-10.412038,-10.408141,-10.72678,-9.0367837,-11.536809,-10.72678,-10.995859,-10.327193,-8.8272419
2016-07-01,SPY,2016-06-30,0.19116306,-8.8386861,-10.004371,-10.445194,-10.020506,-10.020506,-10.185499,-10.297829,-10.327193,-10.539013,-9.6575453,-9.7782725,-9.8463536,-10.905338
2016-08-01,SPY,2016-07-29,0.072493424,-10.777948,-10.994618,-10.835041,-10.58292,-10.58292,-9.7799684,-11.091383,-10.185499,-11.289821,-10.928539,-10.860238,-10.079091,-11.35837
2016-09-01,SPY,2016-08-31,0.051446484,-11.463855,-11.218893,-10.015976,-10.850778,-10.850778,-10.86252,-9.9105772,-9.4110413,-10.898619,-9.9105772,-9.9666966,-10.025379,-10.260425
2016-10-03,SPY,2016-09-30,0.14246847,-9.4266982,-10.485841,-10.255316,-10.327714,-10.327714,-10.860238,-9.7296422,-11.325303,-10.645737,-10.920787,-10.987284,-10.539013,-9.5198193
2016-11-01,SPY,2016-10-31,0.067246612,-10.928206,-10.86841,-10.17671,-10.466682,-10.466682,-9.4699677,-9.7393113,-10.64004,-10.242104,-9.7007259,-11.289821,-9.7882037,-9.3476294
2016-12-01,SPY,2016-11-30,0.0994725,-10.145177,-11.136518,-10.902325,-10.717986,-10.717986,-10.058279,-10.100279,-9.2107683,-8.8808127,-9.9189664,-11.327918,-9.8619036,-9.7007259
2017-01-03,SPY,2016-12-30,0.078169562,-10.627179,-11.327918,-10.715174,-10.979925,-10.979925,-10.409681,-9.8051083,-11.574509,-11.35837,-9.6064063,-10.920787,-9.5679404,-9.453094
2017-02-01,SPY,2017-01-31,0.06449544,-11.011751,-11.203218,-10.944095,-10.828191,-10.828191,-11.536809,-10.995859,-10.521474,-11.038607,-10.566533,-10.310399,-10.409681,-9.7882037
2017-03-01,SPY,2017-02-28,0.043878818,-11.782076,-11.392533,-10.50749,-11.073756,-11.073756,-10.199032,-10.304595,-9.3256289,-10.005392,-10.179688,-11.038607,-10.725696,-11.319488
2017-04-03,SPY,2017-03-31,0.068675039,-10.886168,-11.211012,-10.400462,-11.046232,-11.046232,-9.5299042,-10.521474,-10.629885,-10.928539,-9.2107683,-10.990072,-10.64004,-9.5679404
2017-05-01,SPY,2017-04-28,0.07209457,-10.788982,-11.180177,-11.230152,-10.938461,-10.938461,-9.3256289,-9.3100025,-9.953486,-10.001886,-8.6225409,-9.6857588,-7.7275283,-11.437924
2017-06-01,SPY,2017-05-31,0.078786842,-10.611448,-11.644198,-10.696778,-11.257913,-11.257913,-10.715084,-10.141519,-10.540117,-9.5383085,-10.860238,-10.603736,-10.000427,-10.089613
2017-07-03,SPY,2017-06-30,0.069888592,-10.851135,-10.995859,-11.109884,-10.846425,-10.846425,-10.762428,-11.427975,-8.1947422,-10.814243,-10.340441,-9.4110413,-9.4110413,-9.8799995
2017-08-01,SPY,2017-07-31,0.054400367,-11.352198,-11.55495,-10.714961,-11.326192,-11.326192,-10.526907,-10.479949,-10.094011,-11.460431,-9.5383085,-10.521474,-11.574509,-10.510905
2017-09-01,SPY,2017-08-31,0.09778155,-10.179468,-10.999455,-11.314765,-10.959847,-10.959847,-10.623041,-10.339116,-10.195218,-10.603736,-10.757154,-9.4186345,-10.304595,-10.327193
2017-10-02,SPY,2017-09-29,0.052576102,-11.420416,-11.797634,-11.261775,-11.449955,-11.449955,-10.136028,-10.987284,-10.8491,-9.8449599,-10.004371,-11.215222,-10.625562,-11.325303
2017-11-01,SPY,2017-10-31,0.04973432,-11.531549,-11.536809,-10.90775,-11.351344,-11.351344,-9.5403389,-10.548177,-10.079091,-10.304595,-10.510905,-10.548177,-10.650186,-10.194584
2017-12-01,SPY,2017-11-30,0.064549377,-11.010079,-11.381909,-10.532937,-11.321462,-11.321462,-10.548177,-11.067396,-11.797634,-11.136518,-10.526907,-10.179688,-9.7140444,-9.5343418
2018-01-02,SPY,2017-12-29,0.053625282,-11.380898,-11.574509,-10.353536,-11.481586,-11.481586,-9.453094,-9.176799,-11.327918,-10.159825,-10.594282,-10.751469,-9.4557385,-10.35216
2018-02-01,SPY,2018-01-31,0.084935841,-10.461147,-10.757154,-8.4475448,-10.723607,-10.723607,-9.0367837,-10.179688,-11.091383,-10.004371,-9.8799995,-10.100279,-8.8272419,-10.64004
2018-03-01,SPY,2018-02-28,0.26583681,-8.1791744,-9.8051083,-8.9521649,-9.9667921,-9.9667921,-11.35837,-10.725696,-10.315494,-11.325303,-11.127517,-10.339116,-9.4186345,-10.073361
2018-04-02,SPY,2018-03-29,0.19571079,-8.7916637,-9.7007259,-8.907464,-9.4186252,-9.4186252,-9.7782725,-8.6654042,-10.759897,-11.211012,-10.703812,-10.340441,-8.5828767,-10.546292
2018-05-01,SPY,2018-04-30,0.15152795,-9.3033995,-10.141519,-9.9379096,-10.123317,-10.123317,-10.62496,-10.285898,-9.981382,-9.9390361,-10.686764,-11.136518,-10.86841,-10.004371
2018-06-01,SPY,2018-05-31,0.10222394,-10.090608,-10.646697,-10.122742,-10.379441,-10.379441,-9.7007259,-10.485384,-9.7296422,-10.715733,-10.408141,-8.6225409,-10.340573,-10.828168
2018-07-02,SPY,2018-06-29,0.07802082,-10.630988,-10.521474,-10.463658,-10.270518,-10.270518,-7.7275283,-9.953486,-9.3352814,-11.427975,-9.6794944,-10.8545,-10.089613,-10.297829
2018-08-01,SPY,2018-07-31,0.084094578,-10.481055,-11.033409,-10.708459,-10.738109,-10.738109,-10.898619,-9.6064063,-9.395017,-9.7140444,-11.460431,-10.905338,-10.789541,-10.759897
2018-09-04,SPY,2018-08-31,0.069891406,-10.851054,-11.271534,-10.70624,-10.893992,-10.893992,-10.629885,-9.4186345,-10.745096,-10.409681,-10.005392,-10.602476,-10.86252,-9.3352814
2018-10-01,SPY,2018-09-28,0.053047299,-11.402572,-11.215222,-8.4898963,-11.081282,-11.081282,-9.8435717,-9.3476294,-9.3476294,-10.336676,-11.797634,-9.1021607,-9.453094,-11.605264
2018-11-01,SPY,2018-10-31,0.2308845,-8.4611045,-9.350805,-9.1243303,-9.3745392,-9.3745392,-9.8463536,-10.686764,-10.86841,-10.625562,-8.1263385,-9.7799684,-11.437924,-9.395017
2018-12-03,SPY,2018-11-30,0.18429792,-8.9118324,-10.005392,-7.9674409,-9.8428774,-9.8428774,-9.8743124,-11.033409,-10.100279,-11.091383,-10.310399,-10.079091,-10.629885,-10.920787
2019-01-02,SPY,2018-12-31,0.28525353,-8.0381829,-9.0367837,-9.0418142,-8.8698123,-8.8698123,-10.646697,-9.7191525,-10.35216,-9.8619036,-10.079091,-9.8463536,-10.703812,-8.6654042
2019-02-01,SPY,2019-01-31,0.18143279,-8.943169,-10.100279,-10.031142,-9.6968247,-9.6968247,-9.5679404,-9.350805,-10.609743,-8.0827216,-10.194584,-7.8374258,-9.7007259,-10.540117
2019-03-01,SPY,2019-02-28,0.080644703,-10.564833,-10.928539,-9.8789808,-10.602421,-10.602421,-8.2531037,-10.242507,-9.7393113,-10.645644,-10.159825,-8.1947422,-9.6355389,-9.9569694
2019-04-01,SPY,2019-03-29,0.11625027,-9.833449,-10.460097,-10.653691,-9.9710221,-9.9710221,-10.004371,-9.8463536,-10.789541,-10.725696,-10.828168,-10.742174,-11.289821,-10.340573
2019-05-01,SPY,2019-04-30,0.050010052,-11.520492,-11.186985,-9.0318281,-10.680182,-10.680182,-8.6225409,-11.321416,-10.618527,-9.6632103,-9.350805,-10.012061,-10.759897,-10.725696
2019-06-03,SPY,2019-05-31,0.14968762,-9.3278384,-10.001886,-9.7892475,-9.762648,-9.762648,-10.141519,-9.7782725,-9.5299042,-10.212814,-9.5759936,-10.646697,-9.9666966,-10.340441
2019-07-01,SPY,2019-06-28,0.10312315,-10.073092,-10.898619,-10.397242,-10.322458,-10.322458,-10.14853,-9.9390361,-9.350805,-10.510905,-11.574509,-9.8799995,-10.526907,-10.479949
2019-08-01,SPY,2019-07-31,0.081133401,-10.55275,-10.875834,-8.7606801,-10.094162,-10.094162,-10.35216,-11.133783,-10.432879,-10.339116,-10.84102,-9.176799,-11.392533,-11.091383
2019-09-03,SPY,2019-08-30,0.23421652,-8.4324477,-9.8619036,-9.8616019,-9.7206071,-9.7206071,-10.159825,-10.999455,-10.828168,-9.9249869,-11.55495,-10.995622,-9.5343418,-10.745096
2019-10-01,SPY,2019-09-30,0.084035011,-10.482473,-10.667816,-9.875871,-10.209907,-10.209907,-6.8329151,-10.089613,-8.7303179,-10.990072,-9.8051083,-9.4699677,-9.3611427,-11.033409
2019-11-01,SPY,2019-10-31,0.1036015,-10.063836,-10.906574,-10.823412,-10.377215,-10.377215,-9.4110413,-11.437924,-10.225228,-10.906574,-8.9784559,-10.828168,-10.715084,-8.1263385
2019-12-02,SPY,2019-11-29,0.055014285,-11.329754,-11.494326,-10.52701,-10.981853,-10.981853,-10.326587,-9.6857588,-11.35837,-11.644198,-10.86841,-10.260425,-11.239065,-10.594282
2020-01-02,SPY,2019-12-31,0.065736932,-10.973618,-11.460431,-9.720901,-10.291396,-10.291396,-10.369399,-10.8491,-10.602476,-9.176799,-8.5828767,-10.14853,-10.898619,-10.433019
2020-02-03,SPY,2020-01-31,0.11730647,-9.8153598,-10.35216,-7.9208408,-9.7128535,-9.7128535,-10.307289,-10.195218,-9.7140444,-10.485841,-8.9016182,-9.6355389,-9.5403389,-9.5383085
2020-03-02,SPY,2020-02-28,0.24508107,-8.3417615,-9.2107683,-5.7210226,-8.7204698,-8.7204698,-9.8799995,-10.004371,-10.762428,-10.479949,-10.339116,-10.046251,-10.432879,-9.7191525
2020-04-01,SPY,2020-03-31,0.90618343,-5.7264561,-7.8374258,-7.1938291,-8.3467971,-8.3467971,-10.650186,-10.603736,-9.7007259,-9.3611427,-10.508873,-9.5343418,-10.715733,-10.703812
2020-05-01,SPY,2020-04-30,0.35411336,-7.6057055,-8.9784559,-8.2065839,-9.0573043,-9.0573043,-10.725696,-10.058279,-9.4557385,-10.094011,-10.715084,-11.644198,-6.8329151,-10.526907
2020-06-01,SPY,2020-05-29,0.21832448,-8.5729748,-9.3611427,-8.1274103,-9.101294,-9.101294,-10.703812,-10.408141,-11.218893,-11.218893,-10.994618,-11.033409,-10.281988,-9.8590426
2020-07-01,SPY,2020-06-30,0.29732421,-7.9552933,-9.4411485,-9.0848234,-9.1309359,-9.1309359,-10.786716,-10.012061,-6.8329151,-10.340573,-11.392533,-9.7882037,-10.755603,-9.2922777
2020-08-03,SPY,2020-07-31,0.13210217,-9.5777883,-9.953486,-10.145554,-9.4033929,-9.4033929,-10.100279,-11.289821,-10.179688,-10.35216,-9.0367837,-6.8329151,-10.342899,-8.9784559
2020-09-01,SPY,2020-08-31,0.080517178,-10.567999,-10.762834,-8.3282183,-10.269384,-10.269384,-10.242104,-10.762428,-9.8051083,-10.546292,-10.089613,-9.9382399,-11.321416,-9.1021607
2020-10-01,SPY,2020-09-30,0.24255821,-8.3624562,-9.5383085,-8.7181007,-9.2433401,-9.2433401,-10.340441,-9.395017,-10.141519,-10.715084,-9.6857588,-11.180177,-11.203218,-10.994618
2020-11-02,SPY,2020-10-30,0.2057736,-8.6913866,-9.5759936,-8.5206314,-8.9376731,-8.9376731,-10.340573,-10.315494,-10.159825,-9.3352814,-10.603736,-10.307289,-9.7782725,-10.62396
2020-12-01,SPY,2020-11-30,0.15761096,-9.2246802,-10.285898,-9.2749762,-9.9992104,-9.9992104,-10.566533,-9.2922777,-10.242104,-11.392533,-9.2698655,-10.094011,-10.93436,-10.629885
2021-01-04,SPY,2020-12-31,0.081555476,-10.542373,-10.6649,-9.0659039,-10.150038,-10.150038,-10.005392,-10.602476,-8.8455358,-10.179688,-11.203218,-11.127517,-11.460431,-10.898619
2021-02-01,SPY,2021-01-29,0.1603069,-9.1907595,-9.9569694,-9.0645838,-9.5901331,-9.5901331,-9.2107683,-10.860238,-8.9016182,-10.285898,-10.100279,-11.239065,-10.340441,-10.195218
2021-03-01,SPY,2021-02-26,0.15570068,-9.2490687,-9.8799995,-8.8784193,-9.4698464,-9.4698464,-9.6355389,-11.392533,-9.539258,-10.185499,-11.033409,-10.86841,-10.408141,-10.618527
2021-04-01,SPY,2021-03-31,0.13738161,-9.4994146,-10.340573,-10.340865,-10.106957,-10.106957,-9.953486,-8.5828767,-10.575521,-10.141325,-11.133783,-11.460431,-10.994618,-9.7799684
2021-05-03,SPY,2021-04-30,0.10027362,-10.129134,-10.814243,-9.6229704,-10.403949,-10.403949,-11.381161,-9.9666966,-9.9382399,-10.618527,-10.409681,-10.629885,-10.546292,-10.628022
2021-06-01,SPY,2021-05-28,0.13705173,-9.5042228,-10.72678,-10.390386,-10.35329,-10.35329,-10.995622,-10.789541,-10.999455,-9.6794944,-11.437924,-9.9105772,-10.297829,-10.742174
2021-07-01,SPY,2021-06-30,0.087650739,-10.39822,-11.381161,-9.7419609,-10.794677,-10.794677,-10.219789,-10.340441,-9.5679404,-10.14853,-11.186985,-8.9016182,-8.0827216,-9.4750645
2021-08-02,SPY,2021-07-30,0.11238252,-9.9011227,-10.751469,-10.491957,-10.037502,-10.037502,-11.460431,-10.86252,-10.594282,-10.628022,-11.327918,-9.7007259,-10.001886,-10.326587
2021-09-01,SPY,2021-08-31,0.080537955,-10.567483,-11.437924,-9.6420474,-11.127888,-11.127888,-10.928539,-10.326587,-7.8374258,-10.629885,-10.745096,-10.136028,-10.185499,-9.6575453
2021-10-01,SPY,2021-09-30,0.12773286,-9.6450576,-10.326587,-9.7220776,-10.102701,-10.102701,-9.8051083,-10.540117,-9.7191525,-11.797634,-9.5343418,-11.321416,-9.2836386,-8.8808127
2021-11-01,SPY,2021-10-29,0.10394689,-10.057179,-10.762428,-9.8061325,-10.469722,-10.469722,-10.079091,-11.319488,-11.180177,-10.759897,-9.5679404,-10.510586,-11.215222,-10.762428
2021-12-01,SPY,2021-11-30,0.1286156,-9.6312835,-10.242507,-9.0602082,-9.6993738,-9.6993738,-10.759897,-9.3611427,-11.605264,-9.539258,-10.650186,-10.408141,-11.127517,-9.2107683
2022-01-03,SPY,2021-12-31,0.15976016,-9.1975923,-10.759897,-8.3096154,-10.74168,-10.74168,-8.7303179,-10.000427,-10.285898,-9.4186345,-10.340573,-9.3476294,-9.5198193,-9.8980408
2022-02-01,SPY,2022-01-31,0.18197481,-8.9372031,-9.2698655,-8.4448922,-9.0422801,-9.0422801,-11.239065,-10.745096,-11.381909,-9.453094,-10.433019,-10.242507,-9.5759936,-10.667816
2022-03-01,SPY,2022-02-28,0.22368082,-8.5244994,-9.2836386,-8.7170404,-8.7886575,-8.7886575,-8.0827216,-9.4557385,-10.786716,-9.350805,-9.395017,-8.7303179,-10.242104,-10.369399
2022-04-01,SPY,2022-03-31,0.22841093,-8.482647,-9.9666966,-8.726737,-9.1928162,-9.1928162,-9.3476294,-9.7471696,-9.6575453,-9.5198193,-7.8374258,-9.8743124,-9.7191525,-10.575521
2022-05-02,SPY,2022-04-29,0.2447724,-8.3442821,-9.4186345,-8.0313088,-8.7045236,-8.7045236,-10.751469,-10.159825,-9.2922777,-9.9189664,-10.058812,-10.369399,-10.667816,-11.211012
2022-06-01,SPY,2022-05-31,0.31347142,-7.8495233,-9.3256289,-8.201483,-8.7614817,-8.7614817,-10.999455,-8.8272419,-10.920787,-8.9784559,-10.14853,-8.1263385,-10.860925,-11.327918
2022-07-01,SPY,2022-06-30,0.29784069,-7.9518222,-9.3476294,-8.6877049,-8.5781626,-8.5781626,-10.540117,-9.8980408,-10.93436,-10.058812,-7.7275283,-11.067396,-11.494326,-10.058279
2022-08-01,SPY,2022-07-29,0.18569184,-8.8967626,-9.6794944,-9.1812369,-8.9479376,-8.9479376,-9.9390361,-10.994618,-10.409681,-8.6225409,-10.860925,-10.159825,-8.8808127,-10.460097
2022-09-01,SPY,2022-08-31,0.19277454,-8.821897,-9.9249869,-8.4847751,-9.3063256,-9.3063256,-10.594282,-8.1947422,-9.7882037,-9.2922777,-10.875834,-10.510905,-10.433019,-11.180177
2022-10-03,SPY,2022-09-30,0.23942324,-8.3884739,-9.2922777,-8.060162,-8.8241002,-8.8241002,-10.546292,-10.646697,-10.566533,-7.7275283,-10.336676,-11.55495,-9.2922777,-9.9666966
2022-11-01,SPY,2022-10-31,0.26556636,-8.1812102,-9.5403389,-8.3638416,-9.0159295,-9.0159295,-11.644198,-9.3256289,-9.5403389,-10.762834,-9.7393113,-10.058279,-10.540117,-7.8374258
2022-12-01,SPY,2022-11-30,0.27455951,-8.1146036,-9.8590426,-8.6416207,-9.1161269,-9.1161269,-8.1263385,-10.212814,-9.453094,-10.623041,-10.999455,-10.089613,-10.828168,-8.5828767
2023-01-03,SPY,2022-12-30,0.18024627,-8.9562914,-9.7782725,-8.9832217,-9.2119938,-9.2119938,-10.327193,-10.510586,-9.176799,-9.395017,-10.025379,-9.8449599,-9.3100025,-10.242507
2023-02-01,SPY,2023-01-31,0.16124887,-9.1790417,-10.012061,-8.9723325,-9.1797382,-9.1797382,-10.987284,-11.218893,-8.2531037,-11.437924,-9.7882037,-10.745096,-11.644198,-9.4557385
2023-03-01,SPY,2023-02-28,0.15783943,-9.2217832,-9.9382399,-8.8354651,-9.2678738,-9.2678738,-10.62396,-10.905338,-10.546292,-10.195218,-10.266027,-9.2107683,-9.9189664,-10.789541
2023-04-03,SPY,2023-03-31,0.18069379,-8.951332,-10.000427,-10.002869,-9.4579578,-9.4579578,-10.828168,-10.409681,-9.3100025,-9.3100025,-10.618527,-10.645644,-9.3352814,-6.8329151
2023-05-01,SPY,2023-04-28,0.12278369,-9.7240913,-10.603736,-9.7685792,-9.8441109,-9.8441109,-9.6794944,-10.86841,-10.219789,-10.646697,-10.546292,-10.460097,-10.751469,-11.460431
2023-06-01,SPY,2023-05-31,0.12367161,-9.7096802,-10.409681,-10.060365,-9.8730966,-9.8730966,-9.6857588,-10.225228,-10.646697,-9.5403389,-9.3100025,-10.195218,-10.35216,-10.645644
2023-07-03,SPY,2023-06-30,0.10205196,-10.093975,-10.629885,-10.137139,-10.193272,-10.193272,-10.6649,-10.575521,-10.340441,-9.5467487,-10.073361,-10.86252,-9.6632103,-11.55495
2023-08-01,SPY,2023-07-31,0.077755492,-10.637801,-10.725696,-9.7510569,-10.31999,-10.31999,-10.755603,-10.62396,-9.7799684,-11.133783,-10.93436,-8.8808127,-10.762834,-9.0367837
2023-09-01,SPY,2023-08-31,0.11888559,-9.7886164,-10.623041,-9.9213712,-10.535686,-10.535686,-10.860925,-10.928539,-10.86252,-9.981382,-10.814243,-10.185499,-10.905338,-10.8491
2023-10-02,SPY,2023-09-29,0.10681564,-10.002731,-10.304595,-9.4015266,-9.811157,-9.811157,-10.058812,-11.574509,-9.9666966,-9.5299042,-11.427975,-9.3352814,-9.6794944,-10.928539
2023-11-01,SPY,2023-10-31,0.13611566,-9.5179298,-10.136028,-10.06283,-9.725852,-9.725852,-10.073361,-10.242104,-8.8808127,-9.7191525,-10.995622,-9.8619036,-11.033409,-10.100279
2023-12-01,SPY,2023-11-30,0.10879869,-9.9659411,-10.990072,-10.203493,-10.311656,-10.311656,-9.5343418,-9.5383085,-10.510905,-10.860925,-8.1947422,-9.8980408,-9.2107683,-10.058812
2024-01-02,SPY,2023-12-29,0.09238347,-10.293044,-11.133783,-10.166499,-10.465921,-10.465921,-8.5828767,-10.645644,-10.369399,-10.000427,-9.2836386,-10.757154,-10.645644,-9.6794944
2024-02-01,SPY,2024-01-31,0.10926036,-9.9574724,-10.84102,-9.928795,-10.36519,-10.36519,-10.194584,-11.797634,-10.995622,-9.5679404,-8.6654042,-10.219789,-10.762428,-10.755603
2024-03-01,SPY,2024-02-29,0.11788685,-9.805489,-10.828168,-10.081897,-10.465833,-10.465833,-9.1021607,-9.453094,-9.3611427,-9.4699677,-9.9249869,-9.6794944,-9.4411485,-10.686764
2024-04-01,SPY,2024-03-28,0.094731949,-10.242837,-11.038607,-9.4040264,-10.584917,-10.584917,-9.4750645,-10.073361,-11.215222,-9.1021607,-10.281988,-9.8590426,-10.594282,-10.225228
2024-05-01,SPY,2024-04-30,0.13427884,-9.5451025,-10.159825,-10.015305,-9.859173,-9.859173,-11.091383,-10.185499,-10.212814,-10.136028,-10.762834,-8.8455358,-11.381161,-9.5299042
2024-06-03,SPY,2024-05-31,0.091710478,-10.307666,-10.609743,-10.248554,-10.151675,-10.151675,-9.5759936,-10.310399,-9.4699677,-9.6064063,-9.4557385,-10.409681,-11.186985,-10.786716
2024-07-01,SPY,2024-06-28,0.065414612,-10.983448,-10.8545,-9.7610971,-10.498273,-10.498273,-9.7191525,-10.281988,-10.703812,-10.225228,-10.479949,-8.2531037,-10.609743,-10.995622
2024-08-01,SPY,2024-07-31,0.14560181,-9.3831884,-10.058279,-8.5302238,-9.8353949,-9.8353949,-10.920787,-10.6649,-10.928539,-9.2836386,-9.176799,-10.058812,-9.6857588,-9.176799
2024-09-03,SPY,2024-08-30,0.17271112,-9.041699,-10.212814,-9.3635806,-10.005159,-10.005159,-10.994618,-10.094011,-9.5467487,-10.62396,-9.7782725,-9.4557385,-9.9569694,-11.038607
2024-10-01,SPY,2024-09-30,0.1331475,-9.5620246,-10.485384,-10.127949,-10.288316,-10.288316,-9.5467487,-9.1021607,-9.4411485,-10.297829,-10.725696,-9.9390361,-10.646697,-9.8619036
2024-11-01,SPY,2024-10-31,0.11254283,-9.8982718,-10.566533,-9.7376159,-10.250944,-10.250944,-9.176799,-11.239065,-10.757154,-10.433019,-10.219789,-10.686764,-10.875834,-10.609743
2024-12-02,SPY,2024-11-29,0.11521511,-9.8513378,-10.860925,-9.707974,-10.423945,-10.423945,-9.4557385,-10.906574,-11.392533,-10.751469,-10.751469,-9.5403389,-11.536809,-10.310399
2025-01-02,SPY,2024-12-31,0.14380164,-9.4080699,-10.369399,-9.1339177,-10.163082,-10.163082,-11.437924,-10.762834,-10.342899,-11.033409,-10.62396,-10.297829,-10.628022,-9.2698655
2025-02-03,SPY,2025-01-31,0.13587615,-9.521452,-10.185499,-9.319757,-9.9778861,-9.9778861,-10.225228,-10.194584,-10.725696,-10.219789,-10.789541,-10.141519,-9.2698655,-10.485384
2025-03-03,SPY,2025-02-28,0.12580936,-9.6754042,-10.219789,-8.6350139,-9.8230453,-9.8230453,-10.618527,-10.141325,-9.7471696,-8.8272419,-9.9382399,-9.7471696,-10.046251,-10.212814
2025-04-01,SPY,2025-03-31,0.20041631,-8.7441462,-9.7191525,-7.1406413,-9.6204271,-9.6204271,-10.046251,-10.432879,-9.9105772,-9.7799684,-10.995859,-9.5299042,-10.8491,-10.001886
2025-05-01,SPY,2025-04-30,0.51905387,-6.8409243,-9.176799,-8.7887533,-9.2599747,-9.2599747,-9.8590426,-11.127517,-10.005392,-6.8329151,-8.8808127,-10.62496,-11.180177,-10.005392
2025-06-02,SPY,2025-05-30,0.16765664,-9.1011035,-9.8980408,-9.9785344,-9.3646235,-9.3646235,-10.089613,-10.526907,-9.8980408,-9.4110413,-9.5299042,-10.073361,-10.336676,-10.136028
2025-07-01,SPY,2025-06-30,0.096813405,-10.199369,-10.602476,-10.679301,-10.063019,-10.063019,-10.628022,-9.3352814,-9.8435717,-9.953486,-9.7799684,-9.539258,-10.920787,-10.432879
2025-08-01,SPY,2025-07-31,0.065797014,-10.971791,-10.860238,-10.29261,-10.239884,-10.239884,-10.93436,-10.618527,-10.548177,-10.408141,-10.307289,-11.203218,-10.058812,-10.548177
2025-09-02,SPY,2025-08-29,0.10124688,-10.109816,-11.067396,-10.252757,-10.440408,-10.440408,-11.55495,-10.136028,-10.860925,-9.7882037,-10.715733,-9.0367837,-10.602476,-10.86252
2025-10-01,SPY,2025-09-30,0.063613301,-11.039294,-10.920787,-9.5750726,-10.475871,-10.475871,-11.203218,-10.327193,-10.744448,-10.93436,-10.990072,-11.091383,-10.242507,-8.8455358
2025-11-03,SPY,2025-10-31,0.14410214,-9.4038949,-10.310399,-9.1162151,-9.9663002,-9.9663002,-9.8449599,-10.742174,-10.667816,-11.271534,-11.381909,-10.618527,-10.995622,-10.860238
2025-12-01,SPY,2025-11-28,0.14616358,-9.3754868,-10.281988,-10.277402,-10.099521,-10.099521,-11.327918,-10.628022,-10.628022,-9.2698655,-10.212814,-10.566533,-10.928539,-11.127517
2026-01-02,SPY,2025-12-31,0.087141097,-10.409882,-11.239065,-9.8320332,-10.517514,-10.517514,-8.8808127,-10.342899,-10.340573,-9.4750645,-10.242507,-10.326587,-9.8590426,-9.4110413
2026-02-02,SPY,2026-01-30,0.10045544,-10.125511,-10.539013,-9.2599754,-10.13401,-10.13401,-9.2836386,-8.9784559,-9.6355389,-11.215222,-10.012061,-10.645737,-10.995859,-9.4411485
2026-03-02,SPY,2026-02-27,0.12718805,-9.6536063,-10.199032,-8.8837628,-9.8887451,-9.8887451,-8.8455358,-9.9569694,-11.319488,-9.9382399,-9.8435717,-10.194584,-9.5467487,-9.6632103
2026-04-01,SPY,2026-03-31,0.1822865,-8.9337804,-9.6857588,-9.3534029,-9.4542434,-9.4542434,-9.9569694,-11.381161,-11.127517,-10.742174,-9.3611427,-10.898619,-8.8455358,-10.159825
2026-05-01,SPY,2026-04-30,0.11579253,-9.8413395,-10.575521,-10.125876,-10.025879,-10.025879,-9.4186345,-10.8545,-9.9249869,-9.7393113,-10.094011,-9.7191525,-10.369399,-8.7303179
2026-06-01,SPY,2026-05-29,0.095024079,-10.236679,-10.8491,-8.8901847,-10.27086,-10.27086,-9.7471696,-10.84102,-10.001886,-10.012061,-10.645644,-9.6064063,-10.618527,-8.9016182
2026-07-01,SPY,2026-06-30,0.17863529,-8.9742472,-9.9189664,-9.6213576,-9.6734404,-9.6734404,-11.038607,-9.6794944,-9.9569694,-10.84102,-10.315494,-10.667816,-9.0367837,-9.7296422
2026-08-03,SPY,2026-07-31,0.12373787,-9.7086089,-10.089613,-10.483631,-9.4796527,-9.4796527,-11.319488,-10.433019,-11.033409,-10.141519,-10.667816,-10.84102,-9.4699677,-10.751469
2007-01-03,QQQ,2006-12-29,0.11134015,-9.9197598,-9.9257613,-9.1435461,-9.7523937,-9.7523937,-10.23018,-9.6753973,-9.9503415,-10.103564,-8.8835707,-9.4740364,-10.965803,-9.7993418
2007-02-01,QQQ,2007-01-31,0.14842679,-9.344756,-9.783987,-9.0048388,-9.6317282,-9.6317282,-9.6873311,-8.7707377,-9.4527035,-9.8808877,-10.082168,-8.284458,-10.173301,-10.246815
2007-03-01,QQQ,2007-02-28,0.18152909,-8.9421078,-9.7471995,-8.9579108,-9.6021991,-9.6021991,-9.6167685,-10.087048,-10.197958,-9.260731,-8.1125397,-9.2859816,-10.058366,-10.079527
2007-04-02,QQQ,2007-03-30,0.14782788,-9.3528423,-9.7533234,-9.9447817,-9.6164951,-9.6164951,-8.5357434,-10.366292,-7.7907133,-9.9257613,-10.087048,-9.4814864,-9.4083889,-9.8986466
2007-05-01,QQQ,2007-04-30,0.101588,-10.103089,-9.9627553,-9.7012149,-9.8554962,-9.8554962,-9.2559451,-10.59311,-10.246815,-9.4994467,-9.261975,-9.0407105,-9.8445146,-9.7061264
2007-06-01,QQQ,2007-05-31,0.11771676,-9.8083769,-9.9145784,-9.6271472,-9.82594,-9.82594,-9.0585224,-9.1674678,-9.9412088,-9.8986466,-8.8524748,-9.3051618,-9.3746384,-8.8187182
2007-07-02,QQQ,2007-06-29,0.130518,-9.6019173,-9.8445146,-9.294267,-9.7366813,-9.7366813,-9.4994467,-10.400635,-9.9648272,-10.34607,-9.7471995,-10.658444,-9.9895013,-10.965803
2007-08-01,QQQ,2007-07-31,0.15435766,-9.2663949,-9.6746498,-8.5059208,-9.3696729,-9.3696729,-9.7533234,-10.579615,-9.1837231,-10.136152,-9.7479791,-8.8835707,-9.3949515,-9.5935572
2007-09-04,QQQ,2007-08-31,0.22830086,-8.483611,-9.4912987,-9.2685416,-9.3248437,-9.3248437,-10.331834,-10.679988,-9.5935572,-11.008628,-9.582002,-9.6934774,-9.7479791,-10.297642
2007-10-01,QQQ,2007-09-28,0.15174178,-9.3005791,-9.7824767,-8.8422562,-9.5284336,-9.5284336,-9.981575,-9.6333484,-10.079527,-9.6457982,-9.4783219,-11.008628,-9.7041934,-10.659763
2007-11-01,QQQ,2007-10-31,0.19429421,-8.8061925,-9.528375,-8.0715126,-9.1687621,-9.1687621,-9.8838072,-10.285292,-8.5946319,-10.679988,-9.6092659,-10.346899,-9.8737945,-9.6597148
2007-12-03,QQQ,2007-11-30,0.30663816,-7.8936028,-9.078437,-8.672371,-8.670469,-8.670469,-8.1125397,-8.848388,-10.237094,-9.3131421,-8.5946319,-10.596128,-10.197081,-7.9000556
2008-01-02,QQQ,2007-12-31,0.19963893,-8.7519189,-9.6092659,-7.3844842,-9.2501065,-9.2501065,-8.8835707,-9.4240607,-9.4083889,-10.238129,-9.7498922,-10.835204,-9.9756914,-9.7824767
2008-02-01,QQQ,2008-01-31,0.28065402,-8.0706943,-8.7350329,-8.2827552,-8.6156524,-8.6156524,-10.674403,-10.237094,-10.136152,-9.7350192,-9.5935572,-9.9615408,-9.671686,-9.8263743
2008-03-03,QQQ,2008-02-29,0.20941686,-8.6562861,-9.1837231,-8.1249785,-8.8000268,-8.8000268,-9.6597148,-9.6597148,-8.7707377,-9.671686,-9.6597148,-9.3131421,-9.4438756,-9.3219333
2008-04-01,QQQ,2008-03-31,0.31335009,-7.8502975,-9.1674678,-8.5487433,-8.7287311,-8.7287311,-9.5238991,-10.934166,-10.238129,-9.1224819,-10.331834,-9.9412088,-8.6695762,-9.2859816
2008-05-01,QQQ,2008-04-30,0.21065722,-8.6444751,-9.3746384,-8.9681699,-8.9118265,-8.9118265,-8.7809539,-9.8465499,-10.745575,-9.0585224,-8.7350329,-9.6013518,-9.8452152,-10.11187
2008-06-02,QQQ,2008-05-30,0.16415147,-9.1433605,-9.6261379,-8.5316929,-9.1490745,-9.1490745,-7.9000556,-10.558079,-8.7809539,-9.4081596,-10.238129,-10.815034,-9.6013518,-8.8524748
2008-07-01,QQQ,2008-06-30,0.26053271,-8.2194828,-9.2097595,-8.1998173,-8.8084446,-8.8084446,-9.078437,-10.659763,-9.7361461,-9.7361461,-9.0407105,-9.528375,-9.783987,-10.539345
2008-08-01,QQQ,2008-07-31,0.23378712,-8.4361177,-8.9579802,-8.7128204,-8.4495756,-8.4495756,-9.8501947,-9.4814864,-9.9257613,-10.400635,-10.136152,-8.7351887,-9.9627553,-10.005226
2008-09-02,QQQ,2008-08-29,0.2154515,-8.599468,-9.3175743,-7.115299,-8.7996881,-8.7996881,-9.8986466,-9.5987409,-9.7533234,-9.8426048,-10.815034,-9.671686,-9.9257613,-9.1674678
2008-10-01,QQQ,2008-09-30,0.46712799,-7.0517331,-8.1125397,-5.9340056,-7.974576,-7.974576,-9.9145784,-10.816066,-10.59311,-9.3827041,-10.202905,-10.781684,-9.3823828,-9.2077624
2008-11-03,QQQ,2008-10-31,0.80248006,-5.9695256,-6.9545094,-6.7376563,-6.8917593,-6.8917593,-10.11187,-9.4994467,-9.3131421,-9.4438756,-9.528375,-9.756676,-9.0078811,-10.799043
2008-12-01,QQQ,2008-11-28,0.58554986,-6.599837,-7.7907133,-7.266081,-7.608103,-7.608103,-9.9824179,-9.4081596,-10.11187,-10.087048,-9.9145784,-10.558079,-9.2336567,-9.7977586
2009-01-02,QQQ,2008-12-31,0.35086693,-7.6241256,-8.7636641,-7.6324881,-8.5084687,-8.5084687,-9.9035784,-10.986459,-10.799043,-10.34871,-9.3219333,-10.136152,-10.032656,-9.5238991
2009-02-02,QQQ,2009-01-30,0.38587715,-7.4339016,-8.3719218,-7.56198,-7.8504705,-7.8504705,-10.251954,-10.370739,-9.7977586,-10.501147,-10.246815,-9.7498922,-9.398403,-11.024649
2009-03-02,QQQ,2009-02-27,0.32452421,-7.7802194,-8.3402001,-7.4091782,-7.8292522,-7.8292522,-10.768415,-10.411112,-9.8445146,-9.5935572,-9.9648272,-10.539345,-10.246815,-9.9412088
2009-04-01,QQQ,2009-03-31,0.417892,-7.2744936,-8.284458,-7.9987134,-7.7143068,-7.7143068,-8.6711405,-9.8189643,-7.9000556,-9.9842666,-9.4377253,-8.7145033,-10.366292,-9.3175743
2009-05-01,QQQ,2009-04-30,0.26355597,-8.1964081,-8.6711405,-8.1956744,-8.0386782,-8.0386782,-10.06687,-9.7824767,-10.251954,-9.9627553,-8.7145033,-10.564272,-10.816066,-8.1125397
2009-06-01,QQQ,2009-05-29,0.24206182,-8.3665534,-8.7707377,-8.697623,-8.2570548,-8.2570548,-9.1674678,-10.058366,-9.1595913,-10.539345,-9.9824179,-9.5987409,-9.2077624,-9.981575
2009-07-01,QQQ,2009-06-30,0.17980017,-8.9612476,-9.2419499,-8.7851131,-8.7230678,-8.7230678,-10.195318,-9.4562453,-10.816066,-10.816066,-10.11187,-8.6944632,-10.596128,-8.8404047
2009-08-03,QQQ,2009-07-31,0.18629248,-8.8903038,-9.398403,-8.8010774,-8.9505019,-8.9505019,-9.9648272,-9.078437,-9.9615408,-9.3175743,-9.3131421,-9.378279,-10.06687,-9.3131421
2009-09-01,QQQ,2009-08-31,0.17294134,-9.0390348,-9.2859816,-8.9773635,-8.9377001,-8.9377001,-9.7471995,-10.768415,-9.8808877,-9.2346496,-9.4620946,-9.4912987,-9.9772198,-9.6167685
2009-10-01,QQQ,2009-09-30,0.12359348,-9.710944,-9.4438756,-9.0723988,-9.0143679,-9.0143679,-6.9545094,-10.197958,-10.34607,-8.7351887,-9.7350192,-10.501147,-8.8187182,-8.6944632
2009-11-02,QQQ,2009-10-30,0.18039557,-8.9546356,-9.3823828,-8.9162383,-8.9938905,-8.9938905,-10.305429,-9.0130861,-10.331834,-10.282657,-9.9035784,-10.498829,-9.4081596,-10.266074
2009-12-01,QQQ,2009-11-30,0.15876895,-9.2100397,-9.6597148,-9.4073145,-9.1800092,-9.1800092,-9.0252207,-10.564272,-8.6944632,-9.1674678,-10.745575,-9.783987,-8.1125397,-9.1354537
2010-01-04,QQQ,2009-12-31,0.11975105,-9.7741097,-10.564272,-8.9319182,-10.304355,-10.304355,-9.3051618,-8.5357434,-9.9035784,-9.9922816,-9.703192,-9.8998582,-9.6873311,-11.050444
2010-02-01,QQQ,2010-01-29,0.1968319,-8.7802395,-9.3144827,-9.1245121,-8.6140565,-8.6140565,-11.024649,-9.8445146,-9.3949515,-10.046719,-8.7707377,-9.8808877,-9.6261379,-9.9789724
2010-03-01,QQQ,2010-02-26,0.17204316,-9.0494489,-9.6485613,-9.8321639,-9.2717754,-9.2717754,-9.4740364,-9.6149466,-11.050444,-9.8010702,-9.5451669,-9.4377253,-9.7824767,-9.2419499
2010-04-01,QQQ,2010-03-31,0.079966531,-10.581723,-10.197958,-9.3723732,-9.8223431,-9.8223431,-9.783987,-9.8501947,-9.9922816,-8.3402001,-10.34871,-9.9035784,-8.8835707,-10.305429
2010-05-03,QQQ,2010-04-30,0.14697574,-9.3644046,-9.8452152,-7.0799666,-9.5309006,-9.5309006,-9.3827041,-10.965803,-9.4994467,-9.2077624,-10.223262,-9.9842666,-8.7350329,-10.815034
2010-06-01,QQQ,2010-05-28,0.34723948,-7.6449103,-8.5357434,-8.351649,-8.4237502,-8.4237502,-9.5987409,-9.7939246,-10.658444,-9.7471995,-9.981575,-9.5238991,-9.7498922,-10.197958
2010-07-01,QQQ,2010-06-30,0.25641674,-8.2513316,-9.0407105,-8.5399982,-8.7274444,-8.7274444,-9.0130861,-9.783987,-10.195318,-9.9772198,-9.8986466,-10.046719,-9.5987409,-10.195318
2010-08-02,QQQ,2010-07-30,0.19787807,-8.7696376,-9.2077624,-8.6647218,-8.8674635,-8.8674635,-9.6746498,-10.251954,-9.1671161,-9.3051618,-9.4438756,-9.0585224,-10.934166,-9.9817311
2010-09-01,QQQ,2010-08-31,0.16855622,-9.090401,-9.2346496,-9.1805217,-8.9061726,-8.9061726,-10.173301,-8.6711405,-10.815034,-10.674403,-10.176153,-9.8547386,-8.9736996,-9.6092659
2010-10-01,QQQ,2010-09-30,0.12345018,-9.7132643,-9.671686,-9.1429308,-9.2931768,-9.2931768,-11.008628,-10.498829,-9.9842666,-10.119493,-9.8426048,-8.1125397,-10.432017,-10.285292
2010-11-01,QQQ,2010-10-29,0.13509178,-9.5330308,-9.9412088,-8.9390229,-9.5476769,-9.5476769,-9.9615408,-10.297642,-9.4783219,-10.781684,-10.251954,-9.2419499,-8.284458,-10.596128
2010-12-01,QQQ,2010-11-30,0.16344271,-9.1520146,-9.4562453,-9.8628871,-9.2451622,-9.2451622,-8.8153438,-9.7041934,-9.2097595,-8.8835707,-10.068509,-8.5946319,-10.564272,-9.9824179
2011-01-03,QQQ,2010-12-31,0.05268943,-11.41611,-10.768415,-9.5569517,-10.389534,-10.389534,-9.9503415,-9.9503415,-9.9756914,-9.9615408,-10.197958,-9.9789724,-7.7907133,-9.3746384
2011-02-01,QQQ,2011-01-31,0.14169383,-9.4376025,-9.9615408,-9.5477035,-9.7863793,-9.7863793,-9.0078811,-9.3746384,-9.7824767,-9.783987,-9.0261426,-9.9627553,-9.582002,-9.7939246
2011-03-01,QQQ,2011-02-28,0.14513463,-9.389616,-9.9789724,-8.5005716,-9.8296665,-9.8296665,-9.6934774,-9.9145784,-9.8801693,-9.378279,-9.7977586,-9.9824179,-8.8524748,-10.238129
2011-04-01,QQQ,2011-03-31,0.1709054,-9.0627193,-9.8808877,-9.3468315,-9.8806167,-9.8806167,-9.4527035,-9.7361461,-8.9579802,-9.8263743,-10.934166,-9.6753973,-10.768415,-10.373602
2011-05-02,QQQ,2011-04-29,0.10543943,-10.028666,-10.223262,-9.4508122,-9.8892544,-9.8892544,-7.7907133,-10.596128,-9.8501947,-9.4377253,-9.4994467,-9.398403,-10.674403,-8.6695762
2011-06-01,QQQ,2011-05-31,0.13366539,-9.5542605,-10.103564,-9.2064885,-9.8269794,-9.8269794,-8.284458,-9.3051618,-9.3827041,-10.733611,-10.596128,-9.6149466,-9.9789724,-9.0585224
2011-07-01,QQQ,2011-06-30,0.18547106,-8.8991419,-9.8838072,-8.8958761,-9.5999593,-9.5999593,-10.733611,-9.378279,-9.756676,-10.267826,-10.266074,-9.6746498,-10.250873,-9.6753973
2011-08-01,QQQ,2011-07-29,0.1800072,-8.958946,-9.4783219,-7.3745709,-9.2471655,-9.2471655,-9.2097595,-10.501147,-9.078437,-10.197958,-9.6167685,-10.202905,-10.659763,-9.9895013
2011-09-01,QQQ,2011-08-31,0.48393856,-6.9810237,-8.6695762,-7.8404561,-8.7303052,-8.7303052,-10.815034,-9.7350192,-9.7471995,-9.8998582,-9.8452152,-9.0261426,-8.5357434,-9.2332086
2011-10-03,QQQ,2011-09-30,0.25864419,-8.234033,-8.5946319,-8.2698101,-8.1147856,-8.1147856,-10.539345,-10.781684,-10.674403,-9.1671161,-10.297642,-10.297642,-9.8426048,-9.2346496
2011-11-01,QQQ,2011-10-31,0.25219356,-8.2845459,-9.1671161,-8.1841535,-8.7816316,-8.7816316,-10.197958,-9.1671161,-9.8465499,-10.038576,-10.133517,-10.51049,-10.305429,-9.6333484
2011-12-01,QQQ,2011-11-30,0.29446924,-7.9745905,-8.9736996,-8.9471605,-8.5787137,-8.5787137,-9.8808877,-9.9756914,-10.579615,-9.9789724,-9.1837231,-10.119493,-8.5946319,-9.2474556
2012-01-03,QQQ,2011-12-30,0.18480774,-8.9063075,-9.9817311,-9.3095178,-9.5371435,-9.5371435,-10.816066,-8.9691989,-9.1149458,-8.5946319,-8.7351887,-9.8801693,-9.8010702,-9.4994467
2012-02-01,QQQ,2012-01-31,0.094386387,-10.250146,-9.880955,-9.7575819,-9.5131545,-9.5131545,-9.8452152,-10.34871,-10.173357,-10.305429,-10.346899,-10.674403,-9.0585224,-9.5611882
2012-03-01,QQQ,2012-02-29,0.096927068,-10.197022,-10.176153,-9.902142,-9.858732,-9.858732,-10.297642,-9.528375,-10.4353,-10.11187,-9.4814864,-9.6167685,-9.9412088,-9.4083889
2012-04-02,QQQ,2012-03-30,0.11566031,-9.8436246,-10.195318,-9.0675592,-9.9243664,-9.9243664,-9.5451669,-10.250873,-9.0585224,-9.880955,-9.8801693,-10.23018,-9.756676,-9.0130861
2012-05-01,QQQ,2012-04-30,0.18197001,-8.9372558,-9.8189643,-8.9040039,-9.7032303,-9.7032303,-9.703192,-8.3402001,-10.154747,-10.262026,-9.9817311,-9.4240607,-9.7471995,-10.835204
2012-06-01,QQQ,2012-05-31,0.17055839,-9.0667842,-9.5238991,-8.9826535,-9.3845679,-9.3845679,-10.934166,-9.8263743,-10.176153,-9.0078811,-9.6013518,-9.078437,-10.133517,-9.9145784
2012-07-02,QQQ,2012-06-29,0.21383454,-8.6145346,-9.5156154,-9.0090657,-9.2512716,-9.2512716,-10.079527,-9.3219333,-9.8838072,-9.9035784,-10.248123,-10.237094,-9.6333484,-10.176153
2012-08-01,QQQ,2012-07-31,0.16518449,-9.1308137,-9.6934774,-9.6688529,-9.2562318,-9.2562318,-9.756676,-9.9842666,-9.8189643,-9.7977586,-9.0890567,-9.6457982,-10.068509,-10.564272
2012-09-04,QQQ,2012-08-31,0.081228278,-10.550413,-10.266074,-9.7726874,-9.5834553,-9.5834553,-10.058366,-10.346899,-9.0130861,-9.4527035,-10.432017,-10.432017,-9.2346496,-10.498829
2012-10-01,QQQ,2012-09-28,0.13832135,-9.4857805,-10.197081,-9.4910177,-9.5889719,-9.5889719,-9.8465499,-9.671686,-10.120396,-10.23018,-9.9895013,-8.7809539,-9.3664756,-9.6013518
2012-11-01,QQQ,2012-10-31,0.13656414,-9.5113508,-9.8801693,-9.3474343,-9.3649627,-9.3649627,-9.3949515,-9.4783219,-8.8404047,-8.8153438,-10.768415,-8.8187182,-9.0407105,-9.4377253
2012-12-03,QQQ,2012-11-30,0.16430677,-9.1414692,-10.058366,-9.0802602,-9.6116125,-9.6116125,-10.411112,-9.9257613,-9.8426048,-8.6711405,-10.305429,-9.9648272,-8.3719218,-10.173301
2013-01-02,QQQ,2012-12-31,0.14598882,-9.3778796,-9.7977586,-9.4950397,-9.3589985,-9.3589985,-9.6013518,-9.8808877,-10.986459,-10.346899,-10.733611,-8.8404047,-9.4814864,-8.7145033
2013-02-01,QQQ,2013-01-31,0.075535019,-10.695747,-10.372973,-9.7297991,-9.9367323,-9.9367323,-10.400635,-8.7636641,-10.06687,-10.977784,-9.9772198,-9.703192,-9.078437,-9.7533234
2013-03-01,QQQ,2013-02-28,0.14225662,-9.4296744,-10.133517,-9.8409173,-9.773431,-9.773431,-10.498829,-9.1354537,-9.8986466,-8.6944632,-9.7361461,-9.1595913,-11.050444,-9.0407105
2013-04-01,QQQ,2013-03-28,0.086671314,-10.420694,-10.331834,-9.4821094,-9.9777148,-9.9777148,-9.7993418,-10.079527,-10.032656,-8.7350329,-10.251346,-9.7939246,-10.238129,-8.9736996
2013-05-01,QQQ,2013-04-30,0.16960189,-9.078032,-10.136152,-9.7337305,-9.8045515,-9.8045515,-9.3131421,-10.238129,-9.0252207,-9.9895013,-10.23018,-10.038576,-8.7351887,-10.432017
2013-06-03,QQQ,2013-05-31,0.08457089,-10.469759,-10.038576,-9.2273906,-9.6879198,-9.6879198,-9.4081596,-8.5946319,-9.261975,-9.5611882,-10.038576,-9.6195396,-10.370739,-9.398403
2013-07-01,QQQ,2013-06-28,0.15726763,-9.2290417,-9.7479791,-9.8588613,-9.445627,-9.445627,-9.378279,-9.6873311,-8.5357434,-7.7907133,-9.4912987,-9.3949515,-9.1595913,-10.197081
2013-08-01,QQQ,2013-07-31,0.094261217,-10.2528,-10.400635,-9.7171523,-10.010309,-10.010309,-8.9579802,-9.5451669,-9.4912987,-10.195318,-9.8010702,-10.659763,-10.082168,-9.0261426
2013-09-03,QQQ,2013-08-30,0.11832759,-9.7980258,-10.119493,-9.7698614,-9.8397205,-9.8397205,-10.087048,-10.372973,-8.8187182,-10.659763,-9.6753973,-9.4994467,-10.235977,-9.4620946
2013-10-01,QQQ,2013-09-30,0.079034868,-10.605161,-10.202905,-9.6374345,-9.8445932,-9.8445932,-9.7041934,-9.4083889,-8.8835707,-10.251346,-9.7824767,-8.6695762,-9.7361461,-8.9579802
2013-11-01,QQQ,2013-10-31,0.13805971,-9.4895671,-10.173301,-10.170561,-9.856467,-9.856467,-9.6333484,-10.173301,-10.305429,-10.202905,-9.6934774,-9.1224819,-9.4562453,-9.756676
2013-12-02,QQQ,2013-11-29,0.11247456,-9.8994856,-10.674403,-10.049304,-10.217348,-10.217348,-10.262026,-10.251346,-9.7498922,-9.756676,-9.8445146,-10.872488,-10.679988,-10.370739
2014-01-02,QQQ,2013-12-31,0.090365107,-10.337223,-11.024649,-9.5695416,-10.546538,-10.546538,-10.370739,-9.0407105,-9.7350192,-10.745575,-8.9579802,-9.8263743,-9.261975,-10.038576
2014-02-03,QQQ,2014-01-31,0.1535955,-9.2762946,-9.8547386,-9.5812756,-9.7050937,-9.7050937,-9.6485613,-10.005226,-9.703192,-9.4783219,-9.6261379,-10.4353,-11.024649,-10.579615
2014-03-03,QQQ,2014-02-28,0.1308213,-9.5972751,-10.235977,-9.3198298,-10.031736,-10.031736,-8.848388,-9.4912987,-9.9627553,-9.4240607,-10.262026,-9.260731,-9.2559451,-10.133517
2014-04-01,QQQ,2014-03-31,0.12305146,-9.7197344,-9.756676,-8.7932249,-9.7088302,-9.7088302,-9.1354537,-10.4353,-9.3664756,-10.366292,-9.2097595,-9.2346496,-8.8153438,-9.5557708
2014-05-01,QQQ,2014-04-30,0.20202944,-8.7281128,-9.6013518,-9.8141551,-9.5511976,-9.5511976,-9.880955,-9.7061264,-10.659763,-9.7479791,-10.558079,-9.5451669,-9.3175743,-9.4740364
2014-06-02,QQQ,2014-05-30,0.1103514,-9.9376,-10.558079,-10.422664,-10.083217,-10.083217,-9.3144827,-10.046719,-9.2474556,-9.4912987,-9.0585224,-9.7533234,-10.815034,-8.7636641
2014-07-01,QQQ,2014-06-30,0.057155782,-11.253379,-10.934166,-9.8538155,-10.320638,-10.320638,-10.197081,-9.6167685,-9.9145784,-10.59311,-9.4240607,-9.0733748,-10.977784,-9.9257613
2014-08-01,QQQ,2014-07-31,0.12920498,-9.6221394,-10.216105,-10.105833,-9.9325557,-9.9325557,-9.6753973,-10.3198,-8.284458,-9.9412088,-9.3949515,-9.880955,-10.266074,-9.3949515
2014-09-02,QQQ,2014-08-29,0.066492008,-10.950776,-10.986459,-9.8778604,-10.359333,-10.359333,-8.7351887,-8.7145033,-10.934166,-9.3823828,-10.835204,-10.246815,-9.7939246,-9.3144827
2014-10-01,QQQ,2014-09-30,0.12438591,-9.6981618,-10.120396,-8.6948999,-9.8226338,-9.8226338,-10.564272,-9.1595913,-10.197081,-9.8445146,-9.078437,-10.032656,-9.5557708,-9.3823828
2014-11-03,QQQ,2014-10-31,0.21226283,-8.6292891,-9.5611882,-10.257449,-9.7217608,-9.7217608,-10.082168,-9.4740364,-9.4377253,-9.8189643,-9.3175743,-10.058366,-10.799043,-9.5156154
2014-12-01,QQQ,2014-11-28,0.06520149,-10.989975,-10.745575,-9.3156464,-10.199078,-10.199078,-10.250873,-10.133517,-9.6013518,-9.9145784,-8.6944632,-9.6597148,-10.34871,-9.783987
2015-01-02,QQQ,2014-12-31,0.15659015,-9.2376759,-10.305429,-8.7506584,-10.012926,-10.012926,-9.6195396,-10.103564,-11.024649,-10.079527,-7.7907133,-9.8986466,-9.2419499,-9.1224819
2015-02-02,QQQ,2015-01-30,0.18449368,-8.9097092,-9.4377253,-9.9816848,-9.6031982,-9.6031982,-10.346899,-10.539345,-9.6753973,-8.9691989,-8.284458,-9.2332086,-9.3219333,-9.8838072
2015-03-02,QQQ,2015-02-27,0.096626687,-10.20323,-10.815034,-9.8013506,-10.200425,-10.200425,-9.3175743,-10.674403,-9.3823828,-9.8465499,-9.4083889,-9.4438756,-9.5611882,-9.582002
2015-04-01,QQQ,2015-03-31,0.146047,-9.3770826,-10.297642,-9.620796,-9.9586123,-9.9586123,-9.8998582,-10.202905,-9.6167685,-8.7809539,-10.079527,-10.005226,-9.4740364,-10.34607
2015-05-01,QQQ,2015-04-30,0.12439638,-9.6979935,-9.9035784,-9.762176,-9.8315556,-9.8315556,-10.872488,-9.1149458,-9.398403,-9.5987409,-7.9000556,-9.7061264,-9.7977586,-9.0078811
2015-06-01,QQQ,2015-05-29,0.13216884,-9.5767793,-10.396134,-9.7037592,-10.005805,-10.005805,-10.246815,-10.173357,-9.8998582,-7.9000556,-10.579615,-9.2336567,-10.103564,-10.51049
2015-07-01,QQQ,2015-06-30,0.13338462,-9.558466,-10.068509,-9.2033706,-9.7263804,-9.7263804,-9.3664756,-8.8187182,-10.262026,-9.7498922,-10.119493,-9.1354537,-10.079527,-8.3719218
2015-08-03,QQQ,2015-07-31,0.14532425,-9.3870047,-10.06687,-6.5425961,-10.017615,-10.017615,-10.223262,-9.4620946,-9.9772198,-10.235977,-9.9503415,-9.1674678,-10.223262,-10.558079
2015-09-01,QQQ,2015-08-31,0.31915209,-7.8136041,-9.0733748,-8.2691889,-9.4436128,-9.4436128,-9.6149466,-9.7993418,-10.366292,-10.872488,-8.9736996,-10.11187,-11.008628,-9.9756914
2015-10-01,QQQ,2015-09-30,0.22646661,-8.4997446,-9.1595913,-9.0121386,-9.0326774,-9.0326774,-9.9895013,-9.0890567,-9.0890567,-10.498829,-10.216105,-10.197958,-9.1674678,-10.032656
2015-11-02,QQQ,2015-10-30,0.14299177,-9.4193655,-10.251346,-9.8586602,-10.20933,-10.20933,-10.068509,-9.8010702,-9.6457982,-9.6753973,-8.8153438,-10.34871,-9.4240607,-9.0733748
2015-12-01,QQQ,2015-11-30,0.13211968,-9.5775232,-10.34871,-9.1458969,-9.937187,-9.937187,-9.2474556,-10.835204,-9.2077624,-10.06687,-10.658444,-9.9756914,-9.4912987,-7.7907133
2016-01-04,QQQ,2015-12-31,0.20167592,-8.7316156,-10.154747,-7.7693196,-9.8673841,-9.8673841,-10.238129,-8.8404047,-9.6195396,-10.285292,-9.7993418,-9.1149458,-10.087048,-9.6261379
2016-02-01,QQQ,2016-01-29,0.28925056,-8.010353,-9.0252207,-8.3737447,-9.1578871,-9.1578871,-10.120396,-9.8998582,-10.373602,-9.3219333,-8.6695762,-8.6711405,-10.237094,-10.396134
2016-03-01,QQQ,2016-02-29,0.22954108,-8.4727757,-9.3827041,-9.4566472,-8.9883112,-8.9883112,-10.558079,-10.432017,-9.3219333,-10.058366,-9.6873311,-9.7361461,-9.0890567,-10.068509
2016-04-01,QQQ,2016-03-31,0.10379086,-10.060184,-10.262026,-9.394219,-9.9285726,-9.9285726,-9.2419499,-9.398403,-9.7041934,-9.4814864,-9.1224819,-10.282657,-9.880955,-8.5357434
2016-05-02,QQQ,2016-04-29,0.12823651,-9.637187,-9.8426048,-9.8048686,-9.4004735,-9.4004735,-9.3746384,-6.9545094,-10.3198,-9.1595913,-10.370739,-10.285292,-9.4620946,-9.9035784
2016-06-01,QQQ,2016-05-31,0.13136363,-9.5890012,-10.51049,-8.8725378,-10.079381,-10.079381,-9.7824767,-9.756676,-8.9691989,-9.703192,-9.398403,-10.267826,-9.528375,-9.528375
2016-07-01,QQQ,2016-06-30,0.21619465,-8.5925813,-9.7498922,-10.187211,-9.7622613,-9.7622613,-10.781684,-9.9922816,-9.2419499,-9.582002,-9.9257613,-10.733611,-10.262026,-9.261975
2016-08-01,QQQ,2016-07-29,0.081549778,-10.542512,-10.539345,-10.613914,-10.255407,-10.255407,-10.745575,-10.248123,-9.783987,-10.396134,-8.8404047,-9.7471995,-10.267826,-10.267826
2016-09-01,QQQ,2016-08-31,0.055345589,-11.317746,-10.835204,-9.9173152,-10.537985,-10.537985,-9.2346496,-10.396134,-9.880955,-9.6873311,-9.2859816,-10.103564,-10.297642,-10.23018
2016-10-03,QQQ,2016-09-30,0.15360864,-9.2761235,-10.366292,-9.9822067,-10.285159,-10.285159,-10.173357,-9.3823828,-9.5557708,-8.1125397,-9.9922816,-8.9579802,-9.5156154,-10.934166
2016-11-01,QQQ,2016-10-31,0.089409273,-10.358491,-10.432017,-9.2971291,-10.180495,-10.180495,-9.9842666,-8.6695762,-10.173301,-8.8187182,-10.282657,-9.8737945,-10.498829,-9.9772198
2016-12-01,QQQ,2016-11-30,0.14849185,-9.3438795,-10.411112,-10.108902,-10.164065,-10.164065,-8.7636641,-9.9615408,-10.51049,-10.173301,-10.674403,-9.1837231,-10.251346,-9.4814864
2017-01-03,QQQ,2016-12-30,0.092952525,-10.280762,-10.498829,-10.337988,-10.314472,-10.314472,-10.51049,-9.6934774,-9.0733748,-9.2097595,-10.373602,-9.9895013,-9.4527035,-10.679988
2017-02-01,QQQ,2017-01-31,0.06755099,-10.919174,-10.679988,-10.82442,-10.3004,-10.3004,-9.5557708,-10.23018,-10.119493,-9.6333484,-9.783987,-9.9503415,-9.8801693,-10.674403
2017-03-01,QQQ,2017-02-28,0.04605084,-11.685448,-11.050444,-10.394306,-10.84958,-10.84958,-9.8445146,-9.2097595,-9.6092659,-9.0407105,-10.267826,-8.7350329,-10.400635,-9.7350192
2017-04-03,QQQ,2017-03-31,0.073069774,-10.76211,-10.965803,-10.341707,-10.822357,-10.822357,-9.4783219,-10.11187,-9.4620946,-10.250873,-10.103564,-10.965803,-9.9145784,-10.411112
2017-05-01,QQQ,2017-04-28,0.072428372,-10.779743,-10.816066,-10.637248,-10.692711,-10.692711,-9.8547386,-9.9895013,-10.133517,-10.658444,-10.986459,-10.154747,-9.1224819,-10.733611
2017-06-01,QQQ,2017-05-31,0.11001637,-9.9436812,-11.008628,-9.262844,-10.820744,-10.820744,-10.038576,-10.136152,-9.7061264,-10.3198,-9.4740364,-10.396134,-10.248123,-9.8737945
2017-07-03,QQQ,2017-06-30,0.16141016,-9.1770422,-9.9503415,-9.8394708,-10.039038,-10.039038,-9.398403,-9.7977586,-9.1354537,-9.6261379,-10.058366,-10.816066,-10.346899,-9.2336567
2017-08-01,QQQ,2017-07-31,0.097784408,-10.179409,-10.373602,-9.8033936,-10.425095,-10.425095,-9.5611882,-10.267826,-10.564272,-8.9736996,-10.659763,-10.248123,-9.8263743,-10.781684
2017-09-01,QQQ,2017-08-31,0.1455708,-9.3836146,-10.34607,-10.105009,-10.224648,-10.224648,-9.2859816,-10.282657,-9.7939246,-8.7636641,-8.3402001,-10.173357,-10.558079,-10.34871
2017-10-02,QQQ,2017-09-29,0.091321725,-10.316162,-10.501147,-10.144887,-10.309794,-10.309794,-9.7361461,-9.2346496,-9.6333484,-10.934166,-9.756676,-9.4083889,-10.176153,-9.8465499
2017-11-01,QQQ,2017-10-31,0.11155737,-9.9158617,-10.658444,-10.277846,-10.478631,-10.478631,-9.1224819,-9.1224819,-10.046719,-10.246815,-10.372973,-9.8010702,-10.34607,-10.262026
2017-12-01,QQQ,2017-11-30,0.10420884,-10.052146,-10.733611,-9.9281222,-10.648587,-10.648587,-10.119493,-9.3144827,-10.087048,-9.9756914,-9.8189643,-9.7350192,-9.260731,-9.8808877
2018-01-02,QQQ,2017-12-29,0.084917609,-10.461577,-10.977784,-9.8435895,-10.904834,-10.904834,-10.154747,-11.050444,-8.6695762,-9.078437,-9.378279,-9.5557708,-9.9922816,-6.9545094
2018-02-01,QQQ,2018-01-31,0.09994618,-10.135676,-10.23018,-8.1746728,-10.148699,-10.148699,-9.5156154,-10.51049,-8.848388,-9.1837231,-9.5238991,-10.400635,-10.411112,-10.216105
2018-03-01,QQQ,2018-02-28,0.29583341,-7.9653467,-9.6149466,-8.4027895,-9.7974506,-9.7974506,-10.396134,-8.8153438,-10.285292,-10.266074,-9.3051618,-7.9000556,-10.373602,-9.8501947
2018-04-02,QQQ,2018-03-29,0.26400778,-8.1929825,-9.1354537,-8.3373225,-8.8846616,-8.8846616,-9.8263743,-9.2859816,-8.9736996,-8.6695762,-10.34607,-9.2474556,-10.745575,-9.8189643
2018-05-01,QQQ,2018-04-30,0.21063915,-8.6446467,-9.3051618,-9.5806407,-9.1187462,-9.1187462,-10.248123,-10.082168,-9.0261426,-9.7993418,-9.7041934,-9.261975,-9.4377253,-8.284458
2018-06-01,QQQ,2018-05-31,0.10718574,-9.9958132,-10.248123,-9.533592,-9.9538421,-9.9538421,-10.432017,-9.5935572,-10.282657,-8.9579802,-10.285292,-9.981575,-9.0130861,-9.4081596
2018-07-02,QQQ,2018-06-29,0.12709526,-9.6550658,-9.9922816,-9.3673384,-9.8485617,-9.8485617,-10.4353,-10.176153,-9.3051618,-10.173357,-10.679988,-10.251954,-9.5935572,-8.8835707
2018-08-01,QQQ,2018-07-31,0.15361276,-9.2760699,-9.8998582,-9.973719,-9.7109556,-9.7109556,-9.0733748,-9.0585224,-8.7351887,-9.0261426,-10.965803,-9.9145784,-9.6092659,-10.372973
2018-09-04,QQQ,2018-08-31,0.087310982,-10.405987,-10.59311,-9.6726796,-10.109375,-10.109375,-9.260731,-9.6092659,-8.7350329,-9.9648272,-10.237094,-9.3827041,-8.9691989,-8.9691989
2018-10-01,QQQ,2018-09-28,0.11201866,-9.9076086,-10.285292,-7.7926711,-10.042489,-10.042489,-10.005226,-10.745575,-8.7636641,-9.2336567,-9.4527035,-8.848388,-9.5451669,-9.0890567
2018-11-01,QQQ,2018-10-31,0.353669,-7.6082168,-8.7351887,-8.3680389,-8.6822461,-8.6822461,-8.6695762,-10.197081,-9.9789724,-9.9817311,-10.032656,-9.7479791,-9.2859816,-10.223262
2018-12-03,QQQ,2018-11-30,0.27549197,-8.1078227,-9.3664756,-7.629368,-9.0045176,-9.0045176,-9.9257613,-10.373602,-10.251346,-10.197081,-9.5156154,-10.366292,-9.3131421,-9.0252207
2019-01-02,QQQ,2018-12-31,0.3600239,-7.5725988,-8.6944632,-8.5425095,-8.6973788,-8.6973788,-9.9817311,-10.305429,-9.4740364,-10.372973,-10.781684,-8.7707377,-8.7145033,-8.5946319
2019-02-01,QQQ,2019-01-31,0.25424578,-8.2683368,-9.5451669,-9.573244,-9.0205605,-9.0205605,-9.2077624,-9.3949515,-10.370739,-9.8501947,-9.1354537,-10.238129,-9.6167685,-8.7350329
2019-03-01,QQQ,2019-02-28,0.106115,-10.015893,-10.251954,-9.437796,-9.6107361,-9.6107361,-9.9756914,-9.703192,-9.6261379,-9.7533234,-8.7809539,-10.068509,-10.038576,-10.173357
2019-04-01,QQQ,2019-03-29,0.14336227,-9.4141901,-9.9648272,-10.022499,-9.6593543,-9.6593543,-9.9412088,-10.068509,-9.4081596,-10.223262,-9.4081596,-9.3144827,-10.579615,-10.331834
2019-05-01,QQQ,2019-04-30,0.066298217,-10.956614,-10.4353,-8.5288559,-9.9629382,-9.9629382,-9.5935572,-9.9772198,-9.9817311,-9.3746384,-9.2077624,-6.9545094,-8.9579802,-10.058366
2019-06-03,QQQ,2019-05-31,0.20046059,-8.7437043,-9.6167685,-9.0304097,-9.157684,-9.157684,-10.34607,-9.261975,-8.6711405,-9.5238991,-9.0078811,-9.0130861,-9.5238991,-10.400635
2019-07-01,QQQ,2019-06-28,0.17349428,-9.0326504,-10.267826,-9.6916688,-9.6547921,-9.6547921,-8.8187182,-9.3175743,-9.7993418,-10.835204,-8.3719218,-9.6261379,-9.9035784,-9.703192
2019-08-01,QQQ,2019-07-31,0.10976124,-9.9483247,-10.11187,-8.4496225,-9.4098477,-9.4098477,-8.7145033,-8.9736996,-9.5238991,-9.5557708,-9.9789724,-10.372973,-9.8998582,-10.346899
2019-09-03,QQQ,2019-08-30,0.26935094,-8.1529094,-9.4994467,-9.3823869,-9.261027,-9.261027,-9.0261426,-10.262026,-10.082168,-9.2559451,-9.2332086,-10.197081,-9.8465499,-10.4353
2019-10-01,QQQ,2019-09-30,0.13650044,-9.5122839,-9.9895013,-9.4517863,-9.5399674,-9.5399674,-9.528375,-9.3131421,-10.835204,-9.4620946,-8.7636641,-9.3664756,-10.331834,-9.6457982
2019-11-01,QQQ,2019-10-31,0.13052518,-9.6018074,-10.3198,-10.216794,-9.793688,-9.793688,-8.7350329,-8.7350329,-9.5156154,-10.432017,-10.872488,-9.4783219,-9.6753973,-9.6485613
2019-12-02,QQQ,2019-11-29,0.070376303,-10.837226,-10.872488,-10.058184,-10.281872,-10.281872,-10.986459,-9.4527035,-10.346899,-9.7041934,-10.366292,-10.251346,-9.981575,-9.7471995
2020-01-02,QQQ,2019-12-31,0.078596855,-10.616276,-10.799043,-9.2416758,-9.7296684,-9.7296684,-9.8010702,-10.34607,-11.008628,-9.4562453,-9.5557708,-9.6485613,-10.282657,-9.8998582
2020-02-03,QQQ,2020-01-31,0.13935186,-9.4709355,-9.8737945,-7.7132111,-9.2430521,-9.2430521,-9.7061264,-8.8835707,-10.372973,-9.2332086,-9.3823828,-9.4620946,-9.2332086,-9.671686
2020-03-02,QQQ,2020-02-28,0.287567,-8.0220279,-8.8187182,-5.7814235,-8.2237332,-8.2237332,-9.7479791,-9.8801693,-10.679988,-10.373602,-9.4562453,-9.8445146,-10.4353,-9.6873311
2020-04-01,QQQ,2020-03-31,0.89344147,-5.754778,-7.9000556,-7.5105122,-8.2269305,-8.2269305,-9.8801693,-8.7809539,-10.432017,-10.251954,-9.6746498,-11.024649,-9.9615408,-10.768415
2020-05-01,QQQ,2020-04-30,0.37102234,-7.5124151,-9.0261426,-8.4033376,-8.9654796,-8.9654796,-9.3823828,-9.6485613,-9.3746384,-8.8524748,-9.3144827,-9.0252207,-10.195318,-10.59311
2020-06-01,QQQ,2020-05-29,0.20192365,-8.7291604,-9.2559451,-8.326587,-9.0154938,-9.0154938,-9.1837231,-9.9817311,-9.6597148,-8.284458,-9.7061264,-9.5611882,-9.1837231,-9.4783219
2020-07-01,QQQ,2020-06-30,0.26276646,-8.2024083,-9.378279,-8.4076009,-9.0209438,-9.0209438,-10.235977,-7.7907133,-10.297642,-10.965803,-9.0130861,-7.7907133,-10.733611,-9.6934774
2020-08-03,QQQ,2020-07-31,0.22355151,-8.5256559,-9.2332086,-9.1476431,-8.7235107,-8.7235107,-10.34871,-10.216105,-10.396134,-10.176153,-9.8465499,-9.3175743,-9.8501947,-10.977784
2020-09-01,QQQ,2020-08-31,0.16188371,-9.1711832,-9.7993418,-7.4479742,-9.3197423,-9.3197423,-8.7707377,-10.658444,-9.3175743,-9.528375,-9.9615408,-9.0078811,-10.539345,-9.378279
2020-10-01,QQQ,2020-09-30,0.3534564,-7.6094194,-9.0130861,-8.2873378,-8.7618198,-8.7618198,-8.5946319,-9.2559451,-9.1674678,-10.564272,-9.7939246,-10.173301,-8.7809539,-8.3402001
2020-11-02,QQQ,2020-10-30,0.26292619,-8.201193,-9.1224819,-8.364273,-8.5390265,-8.5390265,-10.285292,-9.7471995,-9.4562453,-9.7824767,-10.816066,-8.9691989,-6.9545094,-8.6711405
2020-12-01,QQQ,2020-11-30,0.22998744,-8.4688903,-9.6873311,-9.4054969,-9.3228806,-9.3228806,-9.582002,-9.6261379,-10.202905,-10.133517,-10.154747,-9.5935572,-9.1354537,-9.1671161
2021-01-04,QQQ,2020-12-31,0.10999287,-9.9441086,-10.282657,-8.5880725,-9.6573749,-9.6573749,-10.136152,-9.3827041,-10.266074,-9.1149458,-9.6457982,-10.262026,-9.1149458,-11.008628
2021-02-01,QQQ,2021-01-29,0.21655088,-8.5892886,-9.4620946,-8.430514,-9.1091585,-9.1091585,-9.261975,-9.981575,-10.235977,-9.2474556,-9.8501947,-10.3198,-10.046719,-9.6746498
2021-03-01,QQQ,2021-02-26,0.21548946,-8.5991156,-9.0890567,-8.1350643,-8.630586,-8.630586,-10.501147,-8.1125397,-9.2336567,-9.3664756,-9.7533234,-10.59311,-9.9648272,-10.986459
2021-04-01,QQQ,2021-03-31,0.26634635,-8.1753446,-9.4240607,-9.3795233,-9.2387929,-9.2387929,-8.8524748,-11.024649,-9.5611882,-10.237094,-9.8838072,-9.6333484,-9.0733748,-10.154747
2021-05-03,QQQ,2021-04-30,0.14252309,-9.4259316,-9.9824179,-8.7391501,-9.5926312,-9.5926312,-9.671686,-9.5611882,-9.6873311,-9.2859816,-10.977784,-10.223262,-9.7993418,-10.136152
2021-06-01,QQQ,2021-05-28,0.199612,-8.7521887,-10.079527,-9.8285783,-9.7308623,-9.7308623,-9.1671161,-10.223262,-9.981575,-9.6485613,-9.3827041,-9.2097595,-10.173357,-9.6149466
2021-07-01,QQQ,2021-06-30,0.11322771,-9.8861378,-10.781684,-9.4353246,-10.132084,-10.132084,-9.2332086,-10.266074,-9.6485613,-6.9545094,-9.2474556,-9.2559451,-7.9000556,-9.260731
2021-08-02,QQQ,2021-07-30,0.10832111,-9.9747395,-10.087048,-9.9812893,-9.3283153,-9.3283153,-9.4562453,-9.6013518,-9.8737945,-8.7707377,-11.050444,-8.8153438,-8.3402001,-9.1595913
2021-09-01,QQQ,2021-08-31,0.10344077,-10.066941,-10.659763,-9.1453029,-10.276712,-10.276712,-9.9922816,-9.8452152,-10.733611,-10.558079,-8.6711405,-9.7977586,-10.197958,-9.6195396
2021-10-01,QQQ,2021-09-30,0.14340732,-9.4135617,-9.7061264,-9.3141317,-9.4797325,-9.4797325,-10.032656,-9.582002,-8.8524748,-9.7939246,-10.799043,-9.8838072,-9.2474556,-9.2097595
2021-11-01,QQQ,2021-10-29,0.1409571,-9.4480284,-9.9772198,-9.222806,-9.6557054,-9.6557054,-9.7350192,-9.6195396,-9.8263743,-10.815034,-9.671686,-9.8452152,-9.7061264,-9.8426048
2021-12-01,QQQ,2021-11-30,0.16135657,-9.1777063,-9.582002,-8.5926653,-9.0390526,-9.0390526,-10.596128,-8.6944632,-9.9895013,-10.411112,-8.848388,-10.934166,-9.9842666,-9.4562453
2022-01-03,QQQ,2021-12-31,0.23123053,-8.4581093,-10.005226,-7.7798067,-9.847858,-9.847858,-9.1595913,-9.2332086,-10.872488,-10.4353,-9.5611882,-9.5156154,-9.0252207,-9.3051618
2022-02-01,QQQ,2022-01-31,0.27937971,-8.079796,-8.7145033,-7.8362319,-8.3418315,-8.3418315,-9.9772198,-9.8426048,-9.8452152,-9.0890567,-9.2559451,-9.7041934,-8.848388,-9.4438756
2022-03-01,QQQ,2022-02-28,0.33518731,-7.7155606,-8.8153438,-8.102374,-8.3227565,-8.3227565,-9.4620946,-9.260731,-10.781684,-9.8737945,-9.8263743,-10.799043,-9.9503415,-10.250873
2022-04-01,QQQ,2022-03-31,0.32505608,-7.7769442,-9.4081596,-8.1729428,-8.8114867,-8.8114867,-10.373602,-10.06687,-10.216105,-9.6149466,-9.6195396,-9.9772198,-8.7707377,-10.06687
2022-05-02,QQQ,2022-04-29,0.33489593,-7.7173,-8.8524748,-7.4795174,-8.2370408,-8.2370408,-9.7498922,-10.733611,-9.4814864,-9.261975,-9.0733748,-10.216105,-10.51049,-9.9842666
2022-06-01,QQQ,2022-05-31,0.41878973,-7.2702017,-8.7809539,-7.7690133,-8.242461,-8.242461,-10.965803,-10.872488,-10.501147,-9.6092659,-9.8808877,-10.411112,-9.1671161,-9.7498922
2022-07-01,QQQ,2022-06-30,0.37372588,-7.4978945,-8.8404047,-8.2348763,-8.0708662,-8.0708662,-10.267826,-9.4438756,-10.058366,-9.981575,-9.880955,-10.34607,-9.7350192,-10.251346
2022-08-01,QQQ,2022-07-29,0.25935848,-8.2285173,-9.1149458,-8.5614419,-8.3232915,-8.3232915,-9.4438756,-9.2077624,-9.6934774,-9.6934774,-10.539345,-9.8465499,-10.872488,-8.8153438
2022-09-01,QQQ,2022-08-31,0.24426066,-8.3484678,-9.3131421,-8.0722876,-8.6413782,-8.6413782,-8.6944632,-9.8737945,-9.4438756,-10.154747,-10.4353,-9.4562453,-10.251954,-10.046719
2022-10-03,QQQ,2022-09-30,0.28954501,-8.0083181,-8.8835707,-7.7646364,-8.2697731,-8.2697731,-9.2336567,-9.0078811,-9.2559451,-11.024649,-11.008628,-10.235977,-9.4994467,-9.4240607
2022-11-01,QQQ,2022-10-31,0.32521375,-7.7759743,-8.9691989,-7.8524082,-8.4284081,-8.4284081,-8.9736996,-10.032656,-9.582002,-9.8547386,-9.6333484,-10.120396,-9.6457982,-10.251954
2022-12-01,QQQ,2022-11-30,0.37146261,-7.5100432,-9.261975,-8.165667,-8.5627855,-8.5627855,-10.046719,-10.235977,-9.1224819,-9.7061264,-8.9691989,-10.370739,-9.9817311,-9.9627553
2023-01-03,QQQ,2022-12-30,0.2258765,-8.5049629,-9.2474556,-8.4086712,-8.6414895,-8.6414895,-10.658444,-9.5156154,-6.9545094,-9.5156154,-9.1671161,-10.133517,-9.2097595,-10.235977
2023-02-01,QQQ,2023-01-31,0.21396826,-8.6132843,-9.4740364,-8.2448284,-8.7305379,-8.7305379,-10.202905,-10.154747,-10.068509,-9.2419499,-10.195318,-9.4527035,-9.3827041,-9.8452152
2023-03-01,QQQ,2023-02-28,0.24913455,-8.3089534,-9.3219333,-8.5898187,-8.6279872,-8.6279872,-9.6261379,-9.6746498,-10.038576,-9.6746498,-9.5987409,-9.6092659,-9.8189643,-9.9615408
2023-04-03,QQQ,2023-03-31,0.19612166,-8.7874693,-9.5557708,-9.1611603,-8.9205216,-8.9205216,-10.282657,-9.9627553,-8.7145033,-10.579615,-10.498829,-11.050444,-9.4783219,-10.658444
2023-05-01,QQQ,2023-04-28,0.16424878,-9.1421752,-9.7361461,-9.1420754,-9.0557048,-9.0557048,-10.59311,-9.7479791,-10.223262,-10.51049,-10.501147,-9.4081596,-10.119493,-9.3827041
2023-06-01,QQQ,2023-05-31,0.17038267,-9.0688458,-9.703192,-9.2234982,-9.2026527,-9.2026527,-10.835204,-10.799043,-9.528375,-10.370739,-10.400635,-10.579615,-9.3144827,-9.9503415
2023-07-03,QQQ,2023-06-30,0.16291906,-9.1584326,-9.8010702,-9.2204853,-9.4060019,-9.4060019,-9.4377253,-9.5557708,-9.2346496,-8.3719218,-10.411112,-9.582002,-10.986459,-9.8801693
2023-08-01,QQQ,2023-07-31,0.14045098,-9.4552226,-9.8986466,-9.1395908,-9.5197137,-9.5197137,-9.4083889,-9.5238991,-10.400635,-10.986459,-9.6485613,-9.9922816,-10.154747,-10.248123
2023-09-01,QQQ,2023-08-31,0.1736024,-9.0314044,-9.9842666,-9.289988,-9.5384811,-9.5384811,-9.4240607,-8.8524748,-9.8547386,-10.768415,-6.9545094,-10.087048,-9.6597148,-8.7351887
2023-10-02,QQQ,2023-09-29,0.13858931,-9.4819097,-9.6753973,-8.9179717,-9.1830165,-9.1830165,-9.4814864,-10.331834,-9.9824179,-10.068509,-9.3664756,-10.195318,-9.8986466,-9.1149458
2023-11-01,QQQ,2023-10-31,0.18184803,-8.9385969,-9.5987409,-9.5640268,-9.0660806,-9.0660806,-9.1149458,-10.119493,-9.0078811,-8.848388,-10.59311,-10.082168,-10.396134,-9.9648272
2023-12-01,QQQ,2023-11-30,0.13435287,-9.5440003,-10.250873,-9.6481393,-9.7041678,-9.7041678,-10.366292,-10.038576,-10.498829,-8.5357434,-9.8547386,-10.679988,-10.216105,-8.7809539
2024-01-02,QQQ,2023-12-29,0.11250731,-9.8989033,-10.579615,-9.4036485,-10.049078,-10.049078,-10.372973,-9.2474556,-10.596128,-9.6013518,-9.9412088,-10.745575,-8.6711405,-9.3664756
2024-02-01,QQQ,2024-01-31,0.15038246,-9.318576,-9.981575,-9.2144674,-9.7052828,-9.7052828,-9.3219333,-9.7498922,-9.2332086,-9.6195396,-10.173301,-8.3402001,-9.7533234,-10.501147
2024-03-01,QQQ,2024-02-29,0.15831726,-9.2157376,-10.082168,-9.3150409,-9.7864031,-9.7864031,-11.050444,-9.2336567,-10.23018,-9.8452152,-9.1595913,-9.6873311,-10.3198,-9.4912987
2024-04-01,QQQ,2024-03-28,0.14877187,-9.3401115,-10.246815,-8.9310646,-9.8140642,-9.8140642,-10.251346,-9.9824179,-8.1125397,-10.297642,-10.197081,-9.1671161,-9.8808877,-9.1837231
2024-05-01,QQQ,2024-04-30,0.18682428,-8.8846027,-9.5935572,-9.4009594,-9.252613,-9.252613,-9.9627553,-9.0261426,-10.250873,-10.799043,-11.024649,-9.7824767,-9.8838072,-10.237094
2024-06-03,QQQ,2024-05-31,0.11304162,-9.8894276,-10.032656,-9.5703823,-9.6330163,-9.6330163,-10.977784,-9.9035784,-9.5451669,-9.6597148,-10.396134,-9.8426048,-10.781684,-9.880955
2024-07-01,QQQ,2024-06-28,0.11534576,-9.8490712,-10.237094,-8.9547444,-9.8635482,-9.8635482,-9.0407105,-10.120396,-10.411112,-8.7145033,-9.0252207,-10.977784,-9.6485613,-10.119493
2024-08-01,QQQ,2024-07-31,0.24065818,-8.3781845,-9.260731,-7.8699553,-9.0939658,-9.0939658,-10.237094,-9.9789724,-9.7479791,-10.120396,-9.2419499,-10.986459,-10.202905,-9.7041934
2024-09-03,QQQ,2024-08-30,0.22611624,-8.5028412,-9.4814864,-8.7059861,-9.1591662,-9.1591662,-10.176153,-9.8547386,-10.539345,-9.0733748,-8.5357434,-10.305429,-10.136152,-9.8445146
2024-10-01,QQQ,2024-09-30,0.20323314,-8.7162321,-9.8501947,-9.3539949,-9.4773428,-9.4773428,-9.8426048,-9.8986466,-9.6746498,-10.331834,-9.9756914,-9.8501947,-10.285292,-9.078437
2024-11-01,QQQ,2024-10-31,0.15802719,-9.2194055,-9.9756914,-9.4014966,-9.4305783,-9.4305783,-9.0890567,-9.9648272,-9.5987409,-11.050444,-10.564272,-8.5357434,-8.8404047,-9.8010702
2024-12-02,QQQ,2024-11-29,0.15745853,-9.2266154,-10.173357,-9.1674361,-9.6289008,-9.6289008,-9.7977586,-11.008628,-9.260731,-10.005226,-9.8737945,-10.373602,-10.658444,-9.5987409
2025-01-02,QQQ,2024-12-31,0.19794391,-8.7689722,-9.7939246,-8.3749233,-9.5036239,-9.5036239,-10.133517,-9.1837231,-10.558079,-10.596128,-10.235977,-8.3719218,-10.372973,-10.366292
2025-02-03,QQQ,2025-01-31,0.19927125,-8.7556058,-9.4083889,-8.8170524,-9.1641932,-9.1641932,-9.6092659,-9.9412088,-9.378279,-9.1354537,-10.120396,-9.9817311,-10.501147,-9.4527035
2025-03-03,QQQ,2025-02-28,0.17975619,-8.9617368,-9.6457982,-8.1684023,-9.2674478,-9.2674478,-9.6457982,-8.9579802,-9.4240607,-9.0130861,-9.8998582,-10.176153,-9.6746498,-10.087048
2025-04-01,QQQ,2025-03-31,0.26494241,-8.1859147,-9.2336567,-6.8864073,-9.0513386,-9.0513386,-8.3402001,-9.880955,-10.965803,-9.4740364,-8.8187182,-9.7993418,-10.005226,-10.816066
2025-05-01,QQQ,2025-04-30,0.57588426,-6.6331262,-8.848388,-8.3622263,-8.7512353,-8.7512353,-9.8737945,-10.246815,-9.0407105,-10.216105,-10.173357,-8.9736996,-10.23018,-9.8547386
2025-06-02,QQQ,2025-05-30,0.19197658,-8.8301928,-9.4527035,-9.495036,-8.8735807,-8.8735807,-9.8189643,-8.7351887,-9.2859816,-9.3949515,-9.2346496,-9.2077624,-9.6149466,-9.2559451
2025-07-01,QQQ,2025-06-30,0.11760065,-9.8103505,-10.046719,-10.131254,-9.524295,-9.524295,-10.3198,-10.195318,-10.248123,-10.032656,-9.260731,-9.8189643,-9.6195396,-8.7707377
2025-08-01,QQQ,2025-07-31,0.06970079,-10.856516,-10.238129,-9.6927961,-9.7301653,-9.7301653,-9.7939246,-8.284458,-9.3144827,-8.8404047,-10.51049,-9.3823828,-9.6934774,-9.5451669
2025-09-02,QQQ,2025-08-29,0.135445,-9.5278084,-10.346899,-9.6538696,-9.8163616,-9.8163616,-8.8404047,-9.4377253,-8.8153438,-9.5451669,-9.2336567,-9.3219333,-9.3051618,-10.120396
2025-10-01,QQQ,2025-09-30,0.071365704,-10.809305,-10.370739,-9.0368787,-9.9721586,-9.9721586,-10.216105,-10.977784,-9.671686,-10.248123,-10.250873,-8.7636641,-9.378279,-9.7479791
2025-11-03,QQQ,2025-10-31,0.19608108,-8.7878832,-9.7350192,-8.4964702,-9.3677594,-9.3677594,-10.103564,-9.0252207,-10.103564,-9.4083889,-9.1674678,-10.250873,-9.0261426,-10.3198
2025-12-01,QQQ,2025-11-28,0.20957322,-8.6547933,-9.6195396,-9.5368038,-9.3783307,-9.3783307,-10.579615,-9.8838072,-9.8010702,-9.0252207,-10.046719,-10.079527,-10.835204,-8.848388
2026-01-02,QQQ,2025-12-31,0.12932126,-9.6203402,-10.596128,-9.0367781,-10.044803,-10.044803,-9.9789724,-10.815034,-10.977784,-9.6167685,-10.06687,-10.06687,-10.120396,-10.745575
2026-02-02,QQQ,2026-01-30,0.13265378,-9.5694545,-9.7041934,-8.7043879,-9.4162703,-9.4162703,-8.3719218,-7.9000556,-10.34871,-9.9503415,-9.3746384,-9.9257613,-10.11187,-9.9922816
2026-03-02,QQQ,2026-02-27,0.18161425,-8.9411698,-9.6333484,-8.6223532,-9.3102276,-9.3102276,-8.9691989,-9.0733748,-10.768415,-9.398403,-10.3198,-8.8524748,-9.8547386,-10.282657
2026-04-01,QQQ,2026-03-31,0.22342763,-8.5267645,-9.3949515,-8.6493171,-9.0709387,-9.0709387,-9.4912987,-9.2419499,-8.3402001,-9.8801693,-10.005226,-10.331834,-10.59311,-10.103564
2026-05-01,QQQ,2026-04-30,0.14993589,-9.324524,-9.8263743,-9.1537617,-9.3528334,-9.3528334,-10.679988,-9.3664756,-9.6149466,-9.3144827,-9.6149466,-10.266074,-9.9824179,-10.872488
2026-06-01,QQQ,2026-05-29,0.15607413,-9.2442775,-9.8465499,-7.8848135,-9.2257984,-9.2257984,-10.659763,-8.3719218,-10.005226,-9.9824179,-9.9842666,-9.0890567,-9.703192,-10.202905
2026-07-01,QQQ,2026-06-30,0.33143011,-7.7381057,-9.0585224,-8.3599203,-8.662668,-8.662668,-10.266074,-9.6457982,-8.3719218,-10.082168,-9.9627553,-9.3746384,-8.7636641,-10.082168
2026-08-03,QQQ,2026-07-31,0.23179293,-8.4532508,-9.0078811,-9.2904762,-8.3206937,-8.3206937,-10.799043,-9.7533234,-10.267826,-9.8838072,-9.1149458,-10.768415,-8.6944632,-9.7361461
2007-01-03,IEF,2006-12-29,0.037463744,-12.098192,-12.167128,-12.081731,-12.171396,-12.171396,-11.250502,-12.541455,-11.528853,-11.19868,-12.061001,-11.968093,-11.551252,-11.302339
2007-02-01,IEF,2007-01-31,0.035506272,-12.205521,-12.27315,-11.762944,-12.343613,-12.343613,-11.980541,-12.93953,-12.290439,-12.768044,-12.143371,-11.290388,-11.290388,-11.740786
2007-03-01,IEF,2007-02-28,0.045444103,-11.711974,-12.235368,-11.578558,-12.371502,-12.371502,-11.161635,-12.116762,-11.849388,-12.830383,-11.433904,-11.161635,-11.082418,-10.564259
2007-04-02,IEF,2007-03-30,0.03358764,-12.316623,-12.155311,-12.348534,-12.250563,-12.250563,-12.723776,-11.881349,-11.968093,-12.550767,-12.446056,-12.768044,-11.93688,-11.93415
2007-05-01,IEF,2007-04-30,0.03563264,-12.198416,-12.314011,-12.452012,-12.38498,-12.38498,-11.972989,-12.721564,-11.551252,-11.198794,-12.518387,-11.583292,-11.14945,-12.76173
2007-06-01,IEF,2007-05-31,0.02776528,-12.697367,-12.433997,-11.63632,-12.388443,-12.388443,-10.938225,-12.38168,-12.493674,-11.483648,-11.370154,-11.627063,-12.668371,-11.606406
2007-07-02,IEF,2007-06-29,0.060202285,-11.149519,-12.182058,-11.484319,-12.188734,-12.188734,-12.787032,-11.99747,-11.370154,-11.114664,-11.114664,-12.382376,-11.590401,-11.927798
2007-08-01,IEF,2007-07-31,0.0578606,-11.228866,-12.14919,-10.998683,-12.052624,-12.052624,-12.615946,-11.685468,-12.017312,-11.966636,-11.51638,-12.631864,-12.516368,-12.27315
2007-09-04,IEF,2007-08-31,0.053119115,-11.399866,-11.941864,-11.147904,-11.66274,-11.66274,-11.290388,-12.636336,-12.052966,-11.596876,-11.606406,-12.493674,-11.972507,-12.129919
2007-10-01,IEF,2007-09-28,0.070462582,-10.834776,-11.98912,-11.043058,-11.625878,-11.625878,-10.796817,-11.503713,-12.660131,-12.419126,-12.787032,-11.287625,-11.491604,-11.712226
2007-11-01,IEF,2007-10-31,0.064399789,-11.014719,-12.039242,-10.584266,-11.715736,-11.715736,-12.052966,-11.114664,-11.433904,-12.459173,-12.615946,-11.783247,-11.927798,-11.14945
2007-12-03,IEF,2007-11-30,0.081270158,-10.549382,-11.483648,-10.142714,-10.764682,-10.764682,-12.38168,-12.875442,-12.167128,-12.314011,-11.496162,-12.155796,-10.938225,-12.481883
2008-01-02,IEF,2007-12-31,0.096794948,-10.19975,-11.447877,-10.092769,-10.857475,-10.857475,-12.639541,-11.57564,-11.941864,-12.116762,-11.876606,-12.492117,-11.57538,-11.919505
2008-02-01,IEF,2008-01-31,0.080838383,-10.560036,-11.290388,-10.34561,-10.530505,-10.530505,-11.14945,-12.844006,-11.546944,-11.685468,-11.385108,-12.291684,-12.654343,-12.518387
2008-03-03,IEF,2008-02-29,0.10151609,-10.104505,-11.250502,-10.303639,-10.487678,-10.487678,-11.459707,-12.376929,-12.129919,-12.560969,-12.636336,-12.783946,-12.342774,-11.788419
2008-04-01,IEF,2008-03-31,0.11459494,-9.8621323,-11.264234,-10.595404,-10.534051,-10.534051,-12.805446,-12.460929,-11.034446,-12.458461,-11.596876,-12.459173,-11.745854,-12.042085
2008-05-01,IEF,2008-04-30,0.06397577,-11.027931,-11.51638,-10.737105,-10.81919,-10.81919,-11.973199,-11.287625,-11.57564,-12.516368,-10.562424,-11.629791,-12.508898,-11.99747
2008-06-02,IEF,2008-05-30,0.073031177,-10.763167,-11.496162,-10.45951,-10.870173,-10.870173,-12.290439,-11.919505,-12.768044,-12.305004,-11.765912,-12.844006,-12.615946,-11.981562
2008-07-01,IEF,2008-06-30,0.07884228,-10.610041,-11.606406,-10.914207,-11.026278,-11.026278,-12.248621,-11.122664,-11.99747,-12.58072,-12.135152,-12.01464,-11.528853,-12.668371
2008-08-01,IEF,2008-07-31,0.081837136,-10.535477,-11.551252,-11.144904,-10.98222,-10.98222,-12.631864,-11.815953,-12.93953,-11.718894,-11.981562,-12.516368,-12.01464,-11.503713
2008-09-02,IEF,2008-08-29,0.059594531,-11.169812,-11.788419,-9.4104796,-11.233125,-11.233125,-12.169195,-12.273407,-12.516368,-11.929382,-11.830064,-12.182058,-12.289933,-12.376929
2008-10-01,IEF,2008-09-30,0.13242218,-9.5729494,-10.564259,-9.5063412,-10.398353,-10.398353,-12.235368,-12.255403,-12.550767,-10.946197,-12.284004,-12.329926,-11.486682,-11.433904
2008-11-03,IEF,2008-10-31,0.1086265,-9.9691089,-10.519714,-9.3921529,-9.89052,-9.89052,-11.613006,-12.363104,-12.394441,-12.124867,-12.255403,-12.305004,-12.325333,-11.264234
2008-12-01,IEF,2008-11-28,0.12454875,-9.6955453,-10.738353,-9.5293734,-10.229352,-10.229352,-12.289933,-12.433997,-12.252182,-11.486682,-11.082418,-11.302339,-12.518387,-11.287625
2009-01-02,IEF,2008-12-31,0.097669541,-10.18176,-10.946197,-9.7487553,-10.360359,-10.360359,-11.93688,-11.981562,-12.143371,-12.831548,-12.592992,-12.312975,-12.305004,-12.061001
2009-02-02,IEF,2009-01-30,0.094371148,-10.250469,-10.796817,-10.027279,-10.155006,-10.155006,-12.03274,-11.459707,-12.384356,-11.528853,-12.155311,-11.910766,-11.161635,-12.595876
2009-03-02,IEF,2009-02-27,0.11135437,-9.9195043,-10.938225,-9.9339899,-10.235614,-10.235614,-12.116762,-12.380009,-12.039242,-12.052966,-12.875442,-12.46115,-11.627063,-11.745854
2009-04-01,IEF,2009-03-31,0.13887356,-9.4778119,-11.108858,-10.598696,-10.396291,-10.396291,-11.590401,-11.161635,-11.447877,-13.236562,-11.613006,-11.496162,-12.445263,-12.920137
2009-05-01,IEF,2009-04-30,0.079504461,-10.593313,-11.25079,-10.361793,-10.448133,-10.448133,-12.329926,-11.982334,-11.83194,-12.654343,-12.314011,-10.997236,-11.980541,-12.433997
2009-06-01,IEF,2009-05-29,0.094320267,-10.251547,-11.265058,-10.135992,-10.531038,-10.531038,-11.198794,-11.786698,-12.135152,-12.084001,-12.155796,-13.008165,-12.121105,-12.460624
2009-07-01,IEF,2009-06-30,0.105027,-10.036505,-11.114664,-10.411811,-10.523459,-10.523459,-12.445263,-11.644133,-12.109731,-11.586452,-11.545059,-12.235368,-13.008165,-10.519714
2009-08-03,IEF,2009-07-31,0.10893376,-9.9634596,-11.082418,-10.566582,-10.494264,-10.494264,-11.849388,-12.460624,-12.541455,-11.14945,-11.490711,-11.317547,-12.167128,-12.121105
2009-09-01,IEF,2009-08-31,0.078436974,-10.620349,-11.490711,-10.952011,-10.823483,-10.823483,-12.433997,-10.738353,-11.161635,-12.445263,-11.830552,-12.694751,-12.768044,-11.586452
2009-10-01,IEF,2009-09-30,0.059086792,-11.186925,-11.699766,-10.869451,-11.081584,-11.081584,-11.972507,-11.929382,-11.19868,-11.919489,-12.445263,-11.459707,-11.919505,-11.57564
2009-11-02,IEF,2009-10-30,0.078215695,-10.625999,-11.586452,-11.298971,-11.125104,-11.125104,-11.265058,-11.93415,-12.116762,-11.83194,-11.265058,-12.69677,-11.719108,-11.486682
2009-12-01,IEF,2009-11-30,0.039233125,-12.005897,-11.876606,-10.947115,-11.38083,-11.38083,-12.69677,-11.749925,-11.57538,-12.660131,-11.317547,-12.875442,-11.941864,-11.490711
2010-01-04,IEF,2009-12-31,0.067288371,-10.926965,-11.830552,-11.387877,-11.290916,-11.290916,-12.93953,-11.528078,-12.376929,-11.981562,-12.242617,-12.299211,-12.222511,-12.380009
2010-02-01,IEF,2010-01-29,0.053192037,-11.397122,-11.879188,-11.463492,-11.266974,-11.266974,-12.222511,-12.116791,-12.624672,-11.880975,-11.719108,-11.756658,-12.255403,-12.615946
2010-03-01,IEF,2010-02-26,0.060685425,-11.133533,-11.973199,-11.536123,-11.389668,-11.389668,-12.460929,-11.108858,-11.644133,-12.281552,-11.058852,-12.654343,-12.458461,-11.880975
2010-04-01,IEF,2010-03-31,0.051171012,-11.474593,-12.252182,-11.309562,-11.772239,-11.772239,-12.266502,-11.93688,-12.654343,-11.058852,-12.252182,-12.101186,-11.98912,-12.281552
2010-05-03,IEF,2010-04-30,0.066795991,-10.941654,-12.032343,-10.018172,-11.702283,-11.702283,-12.284004,-10.562424,-12.636336,-12.76173,-11.919489,-10.946197,-12.290439,-12.329926
2010-06-01,IEF,2010-05-28,0.083019937,-10.506778,-11.058852,-10.776834,-10.762451,-10.762451,-11.486682,-12.58072,-12.383934,-11.528078,-12.624672,-12.93953,-11.910766,-11.830064
2010-07-01,IEF,2010-06-30,0.075626142,-10.693336,-11.745398,-11.293319,-11.318155,-11.318155,-11.034446,-12.668371,-12.592992,-11.719108,-12.057174,-11.590401,-12.33962,-11.528078
2010-08-02,IEF,2010-07-30,0.061212502,-11.116237,-11.783247,-10.9108,-11.311436,-11.311436,-12.413964,-12.14919,-12.446056,-12.376929,-12.342774,-11.927798,-11.972989,-12.460929
2010-09-01,IEF,2010-08-31,0.082624695,-10.516322,-11.545059,-10.775729,-11.226895,-11.226895,-12.394441,-11.545059,-12.116791,-11.975485,-11.237099,-12.135152,-11.250502,-12.182058
2010-10-01,IEF,2010-09-30,0.076787868,-10.662846,-11.613006,-11.155197,-11.206875,-11.206875,-12.383934,-12.384356,-12.273407,-12.514423,-12.516368,-11.644133,-10.562424,-12.133288
2010-11-01,IEF,2010-10-29,0.062886492,-11.062277,-11.786698,-10.63002,-11.305901,-11.305901,-12.101186,-12.654343,-12.084001,-12.38168,-11.250502,-11.546944,-12.169195,-12.135152
2010-12-01,IEF,2010-11-30,0.092156552,-10.297962,-11.40621,-10.079683,-11.056345,-11.056345,-12.481883,-11.756658,-11.114664,-11.583292,-11.14945,-11.830552,-11.815431,-12.660131
2011-01-03,IEF,2010-12-31,0.11249203,-9.899175,-11.161635,-10.733497,-10.856279,-10.856279,-11.712226,-12.394441,-11.586452,-11.980541,-12.017312,-11.740786,-11.545059,-11.629791
2011-02-01,IEF,2011-01-31,0.078438962,-10.620298,-11.596876,-11.04888,-11.104301,-11.104301,-11.483648,-11.96469,-11.700208,-11.830552,-11.839067,-12.281552,-12.03274,-12.844006
2011-03-01,IEF,2011-02-28,0.067391351,-10.923906,-11.982334,-10.708257,-11.449796,-11.449796,-12.314011,-12.093759,-12.560969,-12.384356,-12.129919,-11.98912,-11.114664,-11.25079
2011-04-01,IEF,2011-03-31,0.067233155,-10.928607,-11.719108,-11.481438,-11.36209,-11.36209,-11.19868,-11.447877,-10.562424,-12.121105,-11.968093,-11.83194,-11.929382,-12.169195
2011-05-02,IEF,2011-04-29,0.055001678,-11.330212,-12.084001,-11.585838,-11.583995,-11.583995,-12.76173,-11.765912,-11.973199,-10.796817,-11.40621,-12.660131,-12.394441,-11.961547
2011-06-01,IEF,2011-05-31,0.044228129,-11.766218,-12.229787,-11.027165,-11.740179,-11.740179,-11.765912,-12.382376,-11.40621,-11.034446,-11.83194,-12.514423,-12.266502,-11.265058
2011-07-01,IEF,2011-06-30,0.074263654,-10.729696,-11.629791,-10.869478,-11.428715,-11.428715,-11.627063,-12.493674,-12.155796,-11.459707,-12.511485,-12.273407,-12.46115,-12.032228
2011-08-01,IEF,2011-07-29,0.079604359,-10.590802,-11.546944,-9.7635903,-11.271496,-11.271496,-11.794569,-12.129919,-12.032343,-12.242617,-12.394441,-11.719108,-12.042085,-12.289933
2011-09-01,IEF,2011-08-31,0.13185552,-9.5815261,-11.034446,-10.417157,-10.857591,-10.857591,-11.719108,-11.783671,-12.01464,-12.518387,-12.901114,-11.57564,-11.783247,-12.654343
2011-10-03,IEF,2011-09-30,0.084916119,-10.461612,-11.302339,-10.452123,-10.863447,-10.863447,-12.660131,-11.551252,-12.284004,-12.592992,-11.842692,-11.14945,-11.606406,-12.363104
2011-11-01,IEF,2011-10-31,0.10114599,-10.11181,-11.237099,-10.36789,-10.919728,-10.919728,-11.830064,-12.03274,-12.061001,-12.155796,-11.880975,-11.40621,-12.383934,-11.583292
2011-12-01,IEF,2011-11-30,0.067269787,-10.927517,-11.287625,-11.204395,-10.887851,-10.887851,-11.879188,-12.76173,-11.740786,-11.815431,-11.718894,-11.082418,-12.291684,-11.551252
2012-01-03,IEF,2011-12-30,0.066576645,-10.948232,-11.839067,-11.22243,-11.235962,-11.235962,-11.699766,-12.648196,-11.491604,-10.519714,-12.101186,-12.057174,-11.058852,-12.413964
2012-02-01,IEF,2012-01-31,0.058845159,-11.19512,-11.919489,-11.242728,-11.328821,-11.328821,-11.919489,-10.946197,-12.133288,-12.182058,-11.25079,-11.19868,-12.248621,-11.968093
2012-03-01,IEF,2012-02-29,0.05536249,-11.317135,-12.032228,-11.356773,-11.494701,-11.494701,-11.237099,-11.19868,-12.101186,-11.745854,-12.084001,-11.876606,-12.58072,-12.560969
2012-04-02,IEF,2012-03-30,0.067412179,-10.923288,-11.83194,-11.053619,-11.338167,-11.338167,-11.57564,-12.516368,-12.093759,-12.380009,-12.133288,-11.972989,-12.133288,-12.687631
2012-05-01,IEF,2012-04-30,0.060157678,-11.151001,-12.312975,-11.508196,-11.890834,-11.890834,-11.583292,-12.46115,-12.69677,-11.161635,-12.721564,-11.551252,-12.057174,-10.938225
2012-06-01,IEF,2012-05-31,0.045734347,-11.69924,-11.982232,-11.073358,-11.516193,-11.516193,-12.155796,-11.927798,-12.155311,-11.927798,-12.413964,-11.57538,-12.514423,-12.291684
2012-07-02,IEF,2012-06-29,0.060081994,-11.153519,-11.740786,-11.82606,-11.329511,-11.329511,-12.042085,-12.155796,-11.611668,-12.33962,-11.756658,-11.034446,-12.301192,-12.312975
2012-08-01,IEF,2012-07-31,0.043196867,-11.813404,-12.317288,-11.472302,-11.809421,-11.809421,-12.493674,-12.459173,-11.317547,-12.317288,-12.631864,-12.350359,-11.25079,-11.783671
2012-09-04,IEF,2012-08-31,0.051612114,-11.457427,-12.289933,-10.985611,-11.871505,-11.871505,-12.032343,-12.768044,-12.668371,-10.997236,-12.042085,-12.460624,-11.756658,-12.511485
2012-10-01,IEF,2012-09-28,0.05955672,-11.171081,-11.96469,-11.625725,-11.686983,-11.686983,-12.188239,-11.302339,-12.235368,-12.460624,-11.749925,-11.919489,-12.182058,-12.03274
2012-11-01,IEF,2012-10-31,0.056096992,-11.290775,-12.03274,-11.702125,-11.678558,-11.678558,-11.058852,-11.611668,-11.982334,-12.541455,-11.786698,-12.155311,-12.281552,-12.248621
2012-12-03,IEF,2012-11-30,0.042984202,-11.823274,-12.830383,-11.967289,-12.319347,-12.319347,-12.032228,-11.98912,-10.564259,-11.627063,-11.982334,-12.255403,-12.694751,-12.039242
2013-01-02,IEF,2012-12-31,0.04122833,-11.906688,-12.511485,-11.750697,-12.140731,-12.140731,-12.301192,-11.783247,-12.325333,-12.413964,-12.434014,-11.370154,-11.57564,-12.875442
2013-02-01,IEF,2013-01-31,0.042089635,-11.865337,-12.38168,-11.727858,-12.112123,-12.112123,-11.40621,-10.519714,-12.342774,-11.433904,-11.740786,-12.560969,-11.317547,-12.382376
2013-03-01,IEF,2013-02-28,0.0464776,-11.666999,-12.394441,-11.838009,-12.066493,-12.066493,-11.685468,-11.719108,-11.96469,-11.250502,-12.400342,-11.51638,-11.863071,-11.385108
2013-04-01,IEF,2013-03-28,0.043409469,-11.803584,-12.305004,-12.137479,-12.046061,-12.046061,-12.434014,-12.314011,-11.794569,-10.564259,-12.116791,-12.017312,-12.329926,-12.768044
2013-05-01,IEF,2013-04-30,0.039692646,-11.982608,-12.768044,-11.41835,-12.390841,-12.390841,-11.818969,-11.830064,-11.876606,-11.941864,-12.493674,-12.317288,-11.783671,-11.842692
2013-06-03,IEF,2013-05-31,0.067720194,-10.914171,-11.929382,-9.7230575,-11.900172,-11.900172,-11.830552,-12.445263,-11.583292,-12.042085,-12.419126,-11.503713,-12.831548,-12.273407
2013-07-01,IEF,2013-06-28,0.082190822,-10.526852,-11.14945,-10.766894,-11.169075,-11.169075,-11.815431,-11.51638,-11.982232,-11.122664,-11.483648,-11.596876,-11.881349,-12.188239
2013-08-01,IEF,2013-07-31,0.085199293,-10.454953,-11.981562,-11.088013,-11.584415,-11.584415,-11.25079,-12.830383,-11.51638,-12.636336,-11.961547,-12.595876,-12.844006,-12.383934
2013-09-03,IEF,2013-08-30,0.064015333,-11.026694,-11.919505,-10.609872,-11.488637,-11.488637,-11.503713,-11.941864,-12.301192,-12.508898,-12.660131,-11.99747,-12.550767,-11.370154
2013-10-01,IEF,2013-09-30,0.070375265,-10.837256,-11.972507,-11.756983,-11.75611,-11.75611,-12.654343,-12.301192,-11.629791,-12.624672,-12.830383,-11.975485,-11.034446,-11.765912
2013-11-01,IEF,2013-10-31,0.043873418,-11.782322,-12.299211,-11.437891,-11.907028,-11.907028,-12.46115,-12.252182,-10.946197,-11.839067,-10.738353,-12.624672,-11.370154,-11.317547
2013-12-02,IEF,2013-11-29,0.062857303,-11.063205,-12.413964,-11.57132,-12.07127,-12.07127,-12.514423,-12.27315,-12.514423,-12.844006,-12.383934,-11.783671,-11.745398,-11.51638
2014-01-02,IEF,2013-12-31,0.045851297,-11.694133,-12.383934,-11.589137,-12.003535,-12.003535,-11.551252,-12.281552,-10.796817,-12.400342,-11.486682,-11.830064,-11.264234,-11.644133
2014-02-03,IEF,2014-01-31,0.054420183,-11.351469,-12.061001,-11.835526,-11.818466,-11.818466,-11.317547,-12.124867,-12.508898,-12.350359,-11.863071,-11.606406,-11.83194,-11.57538
2014-03-03,IEF,2014-02-28,0.04477551,-11.741617,-12.508898,-11.548489,-12.197161,-12.197161,-13.236562,-11.583292,-11.718894,-12.687631,-11.302339,-11.058852,-12.061001,-12.222511
2014-04-01,IEF,2014-03-31,0.060353181,-11.144512,-12.342774,-11.88781,-12.073945,-12.073945,-12.109731,-12.284004,-12.03274,-12.875442,-11.966636,-12.58072,-12.460624,-11.719108
2014-05-01,IEF,2014-04-30,0.041828728,-11.877773,-12.290439,-11.77809,-12.069498,-12.069498,-12.516368,-12.920137,-12.305004,-12.290439,-12.46115,-12.061001,-11.447877,-12.787032
2014-06-02,IEF,2014-05-30,0.036330073,-12.159648,-12.284004,-11.840656,-12.04202,-12.04202,-11.447877,-11.40621,-12.242617,-10.738353,-12.844006,-12.920137,-10.738353,-12.350359
2014-07-01,IEF,2014-06-30,0.040931198,-11.921155,-12.382376,-11.748387,-12.088396,-12.088396,-11.385108,-12.69677,-11.927798,-11.25079,-12.167128,-12.257867,-11.237099,-11.161635
2014-08-01,IEF,2014-07-31,0.046038033,-11.686004,-12.281552,-11.891988,-12.056759,-12.056759,-12.560969,-12.615946,-11.108858,-12.721564,-12.514423,-12.541455,-12.76173,-12.901114
2014-09-02,IEF,2014-08-29,0.032120801,-12.405932,-12.541455,-11.871343,-12.158377,-12.158377,-12.844006,-12.182058,-13.236562,-12.615946,-12.329926,-12.314011,-11.981562,-11.910766
2014-10-01,IEF,2014-09-30,0.03941747,-11.996521,-12.460624,-10.413839,-12.079193,-12.079193,-11.975485,-11.290388,-11.545059,-12.169195,-10.938225,-12.518387,-10.796817,-12.230897
2014-11-03,IEF,2014-10-31,0.048992442,-11.561608,-12.101186,-11.913992,-11.701967,-11.701967,-12.458461,-12.52313,-12.329926,-11.108858,-11.19868,-12.76173,-11.876606,-12.93953
2014-12-01,IEF,2014-11-28,0.037734321,-12.0838,-12.481883,-11.154375,-12.046988,-12.046988,-11.302339,-12.269332,-12.182058,-11.700208,-12.273407,-11.114664,-11.699766,-10.946197
2015-01-02,IEF,2014-12-31,0.068566032,-10.889345,-12.135152,-10.71897,-11.920655,-11.920655,-11.99747,-11.699766,-11.818969,-12.291684,-11.528853,-12.116791,-12.384356,-11.034446
2015-02-02,IEF,2015-01-30,0.075508407,-10.696452,-11.503713,-11.058535,-11.309674,-11.309674,-11.982232,-12.595876,-11.528078,-10.562424,-11.783671,-11.528078,-12.52313,-12.459173
2015-03-02,IEF,2015-02-27,0.078607561,-10.616004,-11.794569,-11.152144,-11.430366,-11.430366,-12.33962,-12.169195,-11.250502,-11.490711,-12.235368,-11.863071,-11.40621,-11.93688
2015-04-01,IEF,2015-03-31,0.071393038,-10.808539,-12.133288,-11.463162,-11.72767,-11.72767,-12.167128,-12.032228,-12.419126,-11.57564,-11.941864,-12.266502,-11.122664,-10.796817
2015-05-01,IEF,2015-04-30,0.04208052,-11.86577,-12.052966,-11.165301,-11.717701,-11.717701,-11.611668,-12.518387,-12.595876,-11.606406,-12.01464,-11.881349,-12.032343,-11.496162
2015-06-01,IEF,2015-05-29,0.071562414,-10.8038,-11.93688,-10.804327,-11.62133,-11.62133,-12.419126,-11.842692,-11.765912,-11.317547,-12.27315,-12.394441,-12.252182,-11.982232
2015-07-01,IEF,2015-06-30,0.083035142,-10.506412,-11.486682,-10.945432,-11.136823,-11.136823,-12.302075,-11.25079,-11.483648,-11.265058,-11.528078,-12.380009,-12.875442,-11.058852
2015-08-03,IEF,2015-07-31,0.058811665,-11.196259,-11.980541,-10.867593,-11.62547,-11.62547,-12.350359,-11.968093,-12.492117,-11.546944,-13.236562,-12.325333,-12.446056,-11.830552
2015-09-01,IEF,2015-08-31,0.059235543,-11.181896,-11.611668,-11.324223,-11.297508,-11.297508,-12.093759,-11.972989,-12.511485,-11.447877,-11.815953,-11.122664,-12.660131,-13.008165
2015-10-01,IEF,2015-09-30,0.062888549,-11.062211,-11.972989,-11.329811,-11.4912,-11.4912,-12.255403,-11.490711,-11.627063,-11.765912,-12.458461,-11.745854,-11.596876,-11.749925
2015-11-02,IEF,2015-10-30,0.054302593,-11.355796,-12.273407,-11.891322,-11.785647,-11.785647,-12.325333,-12.109731,-11.490711,-12.101186,-12.541455,-12.723776,-12.143371,-12.636336
2015-12-01,IEF,2015-11-30,0.034825297,-12.244252,-12.831548,-11.40926,-12.611301,-12.611301,-11.910766,-11.788419,-11.783247,-12.460929,-12.560969,-11.879188,-12.116762,-12.235368
2016-01-04,IEF,2015-12-31,0.066306737,-10.956357,-12.248621,-11.045673,-11.973234,-11.973234,-13.008165,-11.613006,-11.93415,-11.830064,-12.299211,-11.980541,-11.644133,-11.40621
2016-02-01,IEF,2016-01-29,0.044826018,-11.739362,-11.815431,-10.912697,-11.559251,-11.559251,-11.264234,-12.350359,-11.198794,-12.394441,-11.93415,-12.252182,-11.96469,-12.69677
2016-03-01,IEF,2016-02-29,0.058691692,-11.200343,-11.815953,-10.63998,-11.476518,-11.476518,-12.875442,-12.492117,-11.685468,-11.982232,-12.350359,-11.93415,-12.109731,-12.592992
2016-04-01,IEF,2016-03-31,0.051710396,-11.453622,-11.966636,-11.848706,-11.572301,-11.572301,-11.966636,-12.061001,-12.721564,-12.057174,-11.973199,-12.639541,-10.95227,-11.685468
2016-05-02,IEF,2016-04-29,0.045303,-11.718193,-12.329926,-11.861832,-11.793093,-11.793093,-12.01464,-11.483648,-11.712226,-11.51638,-12.382376,-12.445263,-12.235368,-11.839067
2016-06-01,IEF,2016-05-31,0.047450986,-11.625545,-12.384356,-10.616425,-11.964273,-11.964273,-12.291684,-11.546944,-11.287625,-11.287625,-12.694751,-10.938225,-11.839067,-11.627063
2016-07-01,IEF,2016-06-30,0.073817756,-10.741741,-11.93415,-11.383333,-11.729504,-11.729504,-11.783671,-12.302075,-11.961547,-12.639541,-12.69677,-12.289933,-12.229787,-12.052966
2016-08-01,IEF,2016-07-29,0.049588551,-11.53742,-12.116762,-11.570715,-11.769867,-11.769867,-11.83194,-11.945438,-11.613006,-11.629791,-12.459173,-12.383934,-10.997236,-11.528853
2016-09-01,IEF,2016-08-31,0.046171003,-11.680236,-12.419126,-11.853398,-12.119087,-12.119087,-10.738353,-12.312975,-12.639541,-12.135152,-12.302075,-12.11987,-12.116791,-11.122664
2016-10-03,IEF,2016-09-30,0.04064725,-11.935077,-12.350359,-12.230872,-11.824546,-11.824546,-10.946197,-12.660131,-11.981562,-11.745398,-12.460624,-11.385108,-11.982232,-11.545059
2016-11-01,IEF,2016-10-31,0.030805106,-12.489579,-12.516646,-11.010819,-11.992371,-11.992371,-11.749925,-11.839067,-12.266502,-11.794569,-11.712226,-12.33962,-12.493674,-12.057174
2016-12-01,IEF,2016-11-30,0.069883935,-10.851268,-11.818969,-11.379407,-11.689781,-11.689781,-12.624672,-12.723776,-12.042085,-12.805446,-12.831548,-11.982232,-11.265058,-11.919489
2017-01-03,IEF,2016-12-30,0.052004436,-11.442282,-12.169195,-11.141906,-11.881621,-11.881621,-11.96469,-11.745398,-12.58072,-11.788419,-12.222511,-11.545059,-11.385108,-11.290388
2017-02-01,IEF,2017-01-31,0.05690663,-11.262116,-12.01464,-11.258713,-11.782991,-11.782991,-10.95227,-12.222511,-11.745398,-12.188239,-11.881349,-12.242617,-11.788419,-12.516646
2017-03-01,IEF,2017-02-28,0.047054752,-11.642316,-12.124867,-11.621937,-11.786735,-11.786735,-12.595876,-12.242617,-12.032228,-11.972507,-11.586452,-11.788419,-12.592992,-12.830383
2017-04-03,IEF,2017-03-31,0.047478924,-11.624368,-12.518387,-11.783747,-12.180769,-12.180769,-11.57538,-12.342774,-11.290388,-11.99747,-11.972989,-12.124867,-11.740786,-12.694751
2017-05-01,IEF,2017-04-28,0.045513636,-11.708916,-12.291684,-12.025903,-12.021459,-12.021459,-12.11987,-12.687631,-11.815431,-12.273407,-11.700208,-11.749925,-12.560969,-12.783946
2017-06-01,IEF,2017-05-31,0.039765545,-11.978938,-12.654343,-11.714665,-12.254785,-12.254785,-11.941864,-11.496162,-13.008165,-11.545059,-12.595876,-12.039242,-11.945438,-12.325333
2017-07-03,IEF,2017-06-30,0.036647201,-12.142266,-12.550767,-12.064183,-12.266245,-12.266245,-11.929382,-12.101186,-11.496162,-12.14919,-11.459707,-12.188239,-12.783946,-12.11987
2017-08-01,IEF,2017-07-31,0.035554226,-12.202822,-12.636336,-11.924856,-12.476333,-12.476333,-12.516646,-11.370154,-11.749925,-12.342774,-12.58072,-12.508898,-12.230897,-11.98912
2017-09-01,IEF,2017-08-31,0.032159458,-12.403526,-12.687631,-11.876029,-12.55653,-12.55653,-11.815953,-12.831548,-11.058852,-12.595876,-11.264234,-11.815431,-12.38168,-11.114664
2017-10-02,IEF,2017-09-29,0.047410361,-11.627258,-12.460929,-12.096941,-12.314837,-12.314837,-11.919505,-12.787032,-11.919505,-12.032343,-12.281552,-11.433904,-12.830383,-11.19868
2017-11-01,IEF,2017-10-31,0.032333552,-12.392729,-12.69677,-12.263124,-12.336869,-12.336869,-11.586452,-10.938225,-12.687631,-12.312975,-12.039242,-12.687631,-11.546944,-11.459707
2017-12-01,IEF,2017-11-30,0.033701934,-12.309829,-12.592992,-12.054599,-12.399884,-12.399884,-11.545059,-11.863071,-10.938225,-12.668371,-12.52313,-11.842692,-12.723776,-12.14919
2018-01-02,IEF,2017-12-29,0.03509181,-12.229004,-12.901114,-12.034088,-12.687499,-12.687499,-11.433904,-11.629791,-12.46115,-11.842692,-12.317288,-11.972507,-12.376929,-11.198794
2018-02-01,IEF,2018-01-31,0.029578213,-12.570864,-12.363104,-11.393919,-12.347128,-12.347128,-10.997236,-12.631864,-12.631864,-11.972989,-11.122664,-12.481883,-10.519714,-12.492117
2018-03-01,IEF,2018-02-28,0.053073875,-11.40157,-12.188239,-11.850927,-12.088988,-12.088988,-12.342774,-11.317547,-12.460624,-12.901114,-12.648196,-12.52313,-11.815953,-11.447877
2018-04-02,IEF,2018-03-29,0.035999235,-12.177944,-12.380009,-12.19354,-12.129043,-12.129043,-11.876606,-11.700208,-12.805446,-11.783671,-12.550767,-12.668371,-11.849388,-12.33962
2018-05-01,IEF,2018-04-30,0.035181038,-12.223925,-12.660131,-11.7239,-12.340499,-12.340499,-12.768044,-12.155311,-11.910766,-12.694751,-12.516646,-11.108858,-11.198794,-12.116791
2018-06-01,IEF,2018-05-31,0.055605235,-11.308385,-12.266502,-11.943323,-12.043627,-12.043627,-11.606406,-12.560969,-11.980541,-11.786698,-11.849388,-11.981562,-11.583292,-12.266502
2018-07-02,IEF,2018-06-29,0.037177341,-12.113541,-12.721564,-12.606757,-12.444057,-12.444057,-10.564259,-11.250502,-12.615946,-12.493674,-12.508898,-11.486682,-12.419126,-12.116762
2018-08-01,IEF,2018-07-31,0.030950881,-12.480137,-12.76173,-12.492692,-12.479868,-12.479868,-12.116791,-12.230897,-12.920137,-12.446056,-12.668371,-12.434014,-11.490711,-12.58072
2018-09-04,IEF,2018-08-31,0.028297094,-12.659421,-12.844006,-12.581279,-12.707087,-12.707087,-11.881349,-10.997236,-12.76173,-11.849388,-12.460929,-12.460929,-12.317288,-12.805446
2018-10-01,IEF,2018-09-28,0.030628424,-12.501083,-12.875442,-11.750575,-12.716437,-12.716437,-11.528853,-12.257867,-11.945438,-10.938225,-11.161635,-11.961547,-11.749925,-11.815431
2018-11-01,IEF,2018-10-31,0.038750258,-12.030665,-12.302075,-12.246536,-12.175736,-12.175736,-12.242617,-10.95227,-12.248621,-12.516646,-11.745854,-11.929382,-12.11987,-13.236562
2018-12-03,IEF,2018-11-30,0.031911455,-12.41901,-12.668371,-11.470059,-12.247483,-12.247483,-12.492117,-12.805446,-11.786698,-11.290388,-11.491604,-11.528853,-11.961547,-12.639541
2019-01-02,IEF,2018-12-31,0.039785867,-11.977916,-12.109731,-11.76471,-11.897383,-11.897383,-12.039242,-12.290439,-11.699766,-11.818969,-12.433997,-11.839067,-11.919489,-12.084001
2019-02-01,IEF,2019-01-31,0.053651204,-11.379932,-12.492117,-11.990606,-12.179563,-12.179563,-11.842692,-12.133288,-11.929382,-12.235368,-11.96469,-11.966636,-12.380009,-12.446056
2019-03-01,IEF,2019-02-28,0.044199702,-11.767504,-12.516368,-11.866122,-12.286076,-12.286076,-11.629791,-12.266502,-12.291684,-11.879188,-11.627063,-10.738353,-12.460929,-12.434014
2019-04-01,IEF,2019-03-29,0.040569702,-11.938897,-12.33962,-12.199655,-12.240639,-12.240639,-12.129919,-11.718894,-12.830383,-11.613006,-12.805446,-12.052966,-11.528078,-10.562424
2019-05-01,IEF,2019-04-30,0.036802149,-12.133827,-12.783946,-11.685863,-12.370661,-12.370661,-12.384356,-11.740786,-11.590401,-11.876606,-12.93953,-12.032228,-10.946197,-12.284004
2019-06-03,IEF,2019-05-31,0.042230539,-11.858652,-12.255403,-11.641038,-12.225604,-12.225604,-11.961547,-12.042085,-12.831548,-13.008165,-12.325333,-11.745398,-12.721564,-11.972989
2019-07-01,IEF,2019-06-28,0.044008716,-11.776164,-12.434014,-12.037977,-12.233946,-12.233946,-12.721564,-12.413964,-12.413964,-11.968093,-11.583292,-12.167128,-12.032228,-12.46115
2019-08-01,IEF,2019-07-31,0.040069935,-11.963687,-12.595876,-10.843531,-12.279364,-12.279364,-12.518387,-12.901114,-12.481883,-12.061001,-11.198794,-12.084001,-13.236562,-11.973199
2019-09-03,IEF,2019-08-30,0.062767533,-11.066064,-11.968093,-11.144538,-12.062417,-12.062417,-12.668371,-11.830552,-12.11987,-12.266502,-11.034446,-11.237099,-12.805446,-11.596876
2019-10-01,IEF,2019-09-30,0.069582453,-10.859915,-12.121105,-11.423449,-11.970866,-11.970866,-12.376929,-12.33962,-12.317288,-11.611668,-12.363104,-10.796817,-12.093759,-12.514423
2019-11-01,IEF,2019-10-31,0.055649417,-11.306796,-12.222511,-11.433392,-11.830797,-11.830797,-11.863071,-12.052966,-12.222511,-11.815953,-11.57538,-11.794569,-12.269332,-11.699766
2019-12-02,IEF,2019-11-29,0.050580284,-11.497816,-12.648196,-11.438995,-12.168987,-12.168987,-11.880975,-12.446056,-11.459707,-11.881349,-12.481883,-12.648196,-11.830552,-12.257867
2020-01-02,IEF,2019-12-31,0.058835175,-11.19546,-12.46115,-11.628713,-12.157627,-12.157627,-12.057174,-11.606406,-12.458461,-11.98912,-12.768044,-11.765912,-11.879188,-11.972507
2020-02-03,IEF,2020-01-31,0.04648099,-11.666853,-12.376929,-10.542124,-12.036749,-12.036749,-12.061001,-11.910766,-12.875442,-12.269332,-12.492117,-12.032343,-12.400342,-12.155311
2020-03-02,IEF,2020-02-28,0.062446087,-11.076332,-11.756658,-8.3234121,-11.571777,-11.571777,-12.182058,-11.627063,-11.265058,-12.03274,-12.305004,-11.815953,-12.636336,-12.631864
2020-04-01,IEF,2020-03-31,0.19880618,-8.7602789,-10.562424,-11.139927,-10.931367,-10.931367,-11.491604,-11.972507,-11.879188,-11.264234,-12.032228,-11.818969,-11.685468,-12.831548
2020-05-01,IEF,2020-04-30,0.052489709,-11.423705,-12.129919,-11.805018,-11.872639,-11.872639,-11.745854,-12.550767,-12.312975,-12.01464,-12.169195,-12.302075,-12.595876,-11.745398
2020-06-01,IEF,2020-05-29,0.044613385,-11.748872,-12.458461,-11.587076,-12.147647,-12.147647,-12.363104,-11.034446,-12.433997,-12.301192,-11.290388,-11.25079,-11.496162,-11.756658
2020-07-01,IEF,2020-06-30,0.049100684,-11.557194,-12.560969,-12.606377,-12.29349,-12.29349,-12.648196,-11.973199,-12.400342,-12.116791,-11.699766,-12.121105,-11.586452,-12.394441
2020-08-03,IEF,2020-07-31,0.022875985,-13.084764,-12.93953,-12.047107,-12.79095,-12.79095,-12.694751,-12.188239,-11.972507,-11.370154,-12.269332,-12.458461,-11.459707,-11.96469
2020-09-01,IEF,2020-08-31,0.033839603,-12.301676,-12.493674,-12.581194,-12.438565,-12.438565,-12.124867,-11.966636,-12.257867,-11.945438,-12.121105,-12.042085,-11.19868,-12.109731
2020-10-01,IEF,2020-09-30,0.027024943,-12.751419,-13.236562,-12.40402,-12.852455,-12.852455,-11.982334,-12.511485,-12.38168,-11.496162,-10.796817,-12.27315,-12.541455,-12.648196
2020-11-02,IEF,2020-10-30,0.038860045,-12.025006,-12.787032,-11.432271,-12.536566,-12.536566,-12.460624,-11.849388,-12.459173,-11.40621,-12.376929,-11.685468,-12.492117,-11.929382
2020-12-01,IEF,2020-11-30,0.052224894,-11.433821,-12.920137,-12.147571,-12.886687,-12.886687,-12.511485,-12.167128,-11.756658,-12.255403,-12.124867,-11.265058,-12.129919,-12.252182
2021-01-04,IEF,2020-12-31,0.026804564,-12.767795,-13.008165,-11.921322,-12.782368,-12.782368,-11.93415,-11.14945,-11.881349,-12.109731,-10.564259,-10.95227,-12.93953,-11.975485
2021-02-01,IEF,2021-01-29,0.038360944,-12.05086,-12.58072,-11.144847,-12.359913,-12.359913,-11.114664,-11.975485,-11.783671,-11.503713,-12.052966,-12.400342,-11.611668,-12.017312
2021-03-01,IEF,2021-02-26,0.065613853,-10.977366,-11.945438,-11.051252,-11.619747,-11.619747,-11.490711,-12.458461,-11.122664,-12.52313,-11.980541,-12.636336,-12.687631,-12.38168
2021-04-01,IEF,2021-03-31,0.051536479,-11.46036,-12.057174,-11.775012,-11.88926,-11.88926,-12.380009,-11.491604,-11.830552,-12.329926,-10.519714,-12.230897,-12.511485,-12.269332
2021-05-03,IEF,2021-04-30,0.043619053,-11.793952,-12.446056,-12.141358,-12.210183,-12.210183,-11.596876,-11.880975,-12.33962,-12.229787,-11.590401,-11.982334,-12.257867,-12.52313
2021-06-01,IEF,2021-05-28,0.035029909,-12.232535,-12.694751,-11.816458,-12.46285,-12.46285,-11.786698,-12.383934,-12.057174,-11.910766,-12.301192,-12.14919,-11.973199,-12.458461
2021-07-01,IEF,2021-06-30,0.050448742,-11.503024,-12.514423,-11.266363,-12.268187,-12.268187,-12.58072,-11.818969,-11.830064,-11.712226,-12.783946,-12.093759,-12.312975,-12.384356
2021-08-02,IEF,2021-07-30,0.057072434,-11.256297,-12.017312,-11.790965,-11.136276,-11.136276,-12.312975,-12.032343,-12.648196,-12.155311,-11.503713,-12.805446,-11.842692,-12.516368
2021-09-01,IEF,2021-08-31,0.04193697,-11.872604,-12.639541,-11.633032,-12.435929,-12.435929,-12.143371,-12.289933,-12.694751,-11.973199,-11.972507,-11.586452,-11.503713,-11.082418
2021-10-01,IEF,2021-09-30,0.051964846,-11.443805,-12.230897,-11.751207,-12.038583,-12.038583,-12.459173,-11.712226,-11.264234,-12.434014,-12.116762,-12.550767,-12.101186,-11.546944
2021-11-01,IEF,2021-10-29,0.044708183,-11.744627,-12.257867,-10.891325,-11.932122,-11.932122,-12.550767,-11.528853,-11.385108,-11.740786,-11.99747,-12.169195,-11.99747,-11.237099
2021-12-01,IEF,2021-11-30,0.080922872,-10.557947,-11.765912,-11.379638,-11.401985,-11.401985,-12.121105,-12.400342,-11.486682,-11.919505,-10.946197,-12.129919,-11.433904,-12.541455
2022-01-03,IEF,2021-12-31,0.04911237,-11.556718,-12.301192,-11.34154,-12.042392,-12.042392,-12.508898,-11.879188,-12.445263,-12.481883,-12.639541,-11.786698,-12.052966,-11.876606
2022-02-01,IEF,2022-01-31,0.065515173,-10.980376,-12.042085,-10.557105,-11.804627,-11.804627,-12.017312,-13.008165,-12.460929,-12.93953,-12.093759,-11.198794,-11.613006,-12.317288
2022-03-01,IEF,2022-02-28,0.083123559,-10.504283,-11.644133,-10.260689,-11.428582,-11.428582,-12.135152,-12.329926,-12.269332,-11.93688,-11.945438,-11.483648,-12.084001,-11.250502
2022-04-01,IEF,2022-03-31,0.096972088,-10.196093,-11.57564,-10.21919,-10.994732,-10.994732,-11.287625,-11.596876,-11.98912,-11.644133,-12.11987,-12.222511,-12.433997,-11.818969
2022-05-02,IEF,2022-04-29,0.084104515,-10.480819,-11.317547,-10.274642,-10.718579,-10.718579,-12.636336,-12.017312,-10.519714,-12.787032,-11.629791,-12.384356,-11.982334,-12.305004
2022-06-01,IEF,2022-05-31,0.093737235,-10.263949,-11.385108,-9.8579753,-10.625559,-10.625559,-11.51638,-11.980541,-11.966636,-11.302339,-11.685468,-12.615946,-10.564259,-12.445263
2022-07-01,IEF,2022-06-30,0.12279045,-9.7239812,-11.19868,-9.9988811,-10.467417,-10.467417,-11.839067,-12.592992,-12.52313,-12.284004,-12.229787,-11.613006,-11.880975,-12.032343
2022-08-01,IEF,2022-07-29,0.098028302,-10.174427,-11.122664,-10.294372,-10.252744,-10.252744,-12.229787,-12.01464,-12.289933,-12.167128,-12.257867,-12.592992,-12.242617,-12.419126
2022-09-01,IEF,2022-08-31,0.082747156,-10.51336,-11.491604,-9.8663203,-10.64676,-10.64676,-12.400342,-12.419126,-11.302339,-11.756658,-11.644133,-12.269332,-12.787032,-11.945438
2022-10-03,IEF,2022-09-30,0.12940262,-9.6190823,-10.95227,-9.7282769,-10.151218,-10.151218,-12.541455,-12.299211,-11.719108,-12.363104,-11.447877,-12.229787,-11.786698,-12.255403
2022-11-01,IEF,2022-10-31,0.092102451,-10.299137,-10.997236,-10.141405,-10.138389,-10.138389,-11.788419,-11.794569,-12.124867,-11.551252,-11.818969,-11.919505,-11.718894,-11.966636
2022-12-01,IEF,2022-11-30,0.1041709,-10.052874,-11.528078,-10.105637,-10.58362,-10.58362,-12.317288,-11.082418,-12.844006,-12.492117,-11.93688,-12.511485,-12.302075,-12.143371
2023-01-03,IEF,2022-12-30,0.089428633,-10.358058,-11.370154,-10.120662,-10.571155,-10.571155,-11.740786,-12.481883,-11.972989,-12.032228,-11.546944,-12.376929,-12.155311,-12.299211
2023-02-01,IEF,2023-01-31,0.097366098,-10.187983,-11.433904,-10.525157,-10.625034,-10.625034,-11.082418,-11.815431,-11.082418,-11.982334,-11.551252,-12.419126,-12.155796,-12.302075
2023-03-01,IEF,2023-02-28,0.081926077,-10.533305,-11.590401,-9.4257623,-10.815099,-10.815099,-12.281552,-11.57538,-12.787032,-12.46115,-13.008165,-12.290439,-12.624672,-12.01464
2023-04-03,IEF,2023-03-31,0.13461967,-9.5400325,-11.198794,-10.586089,-10.62132,-10.62132,-12.230897,-11.876606,-11.919489,-12.382376,-12.182058,-10.562424,-11.712226,-12.242617
2023-05-01,IEF,2023-04-28,0.084383478,-10.474196,-11.528853,-10.747889,-10.669866,-10.669866,-11.108858,-11.265058,-12.188239,-12.383934,-12.380009,-11.941864,-12.434014,-11.483648
2023-06-01,IEF,2023-05-31,0.072180448,-10.786601,-11.749925,-10.583926,-10.972212,-10.972212,-12.382376,-12.121105,-11.596876,-11.385108,-11.929382,-12.787032,-11.51638,-11.491604
2023-07-03,IEF,2023-06-30,0.07957472,-10.591547,-11.57538,-10.76234,-10.933987,-10.933987,-12.27315,-10.564259,-11.745854,-12.27315,-11.927798,-11.849388,-11.966636,-11.863071
2023-08-01,IEF,2023-07-31,0.08401303,-10.482996,-11.783671,-10.800612,-11.07719,-11.07719,-11.546944,-12.039242,-11.839067,-12.511485,-12.290439,-12.363104,-11.700208,-12.400342
2023-09-01,IEF,2023-08-31,0.078636938,-10.615257,-11.881349,-10.951927,-11.143942,-11.143942,-12.155311,-12.514423,-12.363104,-12.248621,-11.982232,-11.880975,-12.639541,-11.941864
2023-10-02,IEF,2023-09-29,0.05397042,-11.368067,-11.685468,-10.215208,-10.994682,-10.994682,-12.52313,-12.084001,-12.518387,-12.783946,-12.33962,-11.611668,-12.14919,-11.590401
2023-11-01,IEF,2023-10-31,0.10024136,-10.129778,-11.459707,-10.223447,-10.819781,-10.819781,-11.122664,-12.624672,-11.14945,-11.863071,-12.230897,-12.116762,-12.920137,-12.124867
2023-12-01,IEF,2023-11-30,0.095497527,-10.226739,-11.583292,-10.904938,-10.726131,-10.726131,-12.273407,-12.325333,-11.842692,-12.299211,-12.032343,-12.901114,-12.299211,-12.721564
2024-01-02,IEF,2023-12-29,0.083685955,-10.490797,-11.842692,-10.864213,-11.074004,-11.074004,-12.830383,-12.057174,-12.901114,-12.289933,-12.03274,-11.973199,-12.039242,-12.723776
2024-02-01,IEF,2024-01-31,0.065317988,-10.986405,-11.745854,-10.658324,-11.020071,-11.020071,-12.133288,-11.745854,-12.382376,-11.57538,-11.815431,-12.109731,-11.818969,-10.997236
2024-03-01,IEF,2024-02-29,0.083368879,-10.498389,-12.11987,-11.322904,-11.347172,-11.347172,-10.519714,-11.264234,-11.93688,-12.631864,-12.654343,-11.447877,-11.93415,-12.342774
2024-04-01,IEF,2024-03-28,0.052068374,-11.439824,-12.269332,-10.688155,-11.473195,-11.473195,-11.718894,-12.639541,-11.863071,-12.230897,-11.745398,-11.93688,-12.901114,-11.783247
2024-05-01,IEF,2024-04-30,0.074190446,-10.731669,-11.718894,-11.233778,-11.31869,-11.31869,-12.901114,-11.433904,-10.738353,-12.325333,-12.291684,-11.700208,-11.302339,-11.982334
2024-06-03,IEF,2024-05-31,0.058074793,-11.221476,-12.143371,-10.740883,-11.392127,-11.392127,-12.687631,-11.058852,-12.281552,-11.93415,-11.98912,-12.284004,-12.284004,-11.83194
2024-07-01,IEF,2024-06-28,0.074139863,-10.733033,-11.961547,-11.190923,-11.49349,-11.49349,-12.783946,-12.235368,-10.997236,-12.257867,-12.687631,-12.143371,-12.273407,-12.155796
2024-08-01,IEF,2024-07-31,0.051867175,-11.447567,-11.975485,-10.624303,-11.413733,-11.413733,-11.756658,-12.11987,-12.255403,-11.749925,-12.920137,-12.133288,-12.314011,-11.815953
2024-09-03,IEF,2024-08-30,0.058499124,-11.206916,-12.093759,-11.302036,-11.530825,-11.530825,-11.745398,-12.143371,-12.783946,-11.491604,-11.975485,-12.516646,-11.968093,-11.611668
2024-10-01,IEF,2024-09-30,0.046849133,-11.651075,-12.116791,-11.063342,-11.572171,-11.572171,-10.562424,-12.694751,-11.237099,-12.648196,-12.289933,-11.699766,-12.188239,-11.849388
2024-11-01,IEF,2024-10-31,0.052748122,-11.413883,-11.863071,-10.415337,-11.401832,-11.401832,-12.592992,-12.508898,-12.302075,-12.723776,-12.312975,-12.433997,-11.287625,-12.093759
2024-12-02,IEF,2024-11-29,0.075177772,-10.705228,-11.627063,-11.303296,-11.267201,-11.267201,-11.528078,-13.236562,-12.380009,-11.082418,-11.910766,-11.945438,-12.481883,-10.738353
2025-01-02,IEF,2024-12-31,0.053421235,-11.388523,-11.99747,-10.888932,-11.276575,-11.276575,-11.700208,-11.590401,-10.95227,-12.69677,-11.611668,-12.831548,-12.516646,-12.290439
2025-02-03,IEF,2025-01-31,0.05915116,-11.184747,-11.880975,-10.944131,-11.372925,-11.372925,-11.981562,-12.135152,-12.121105,-12.017312,-12.14919,-11.250502,-12.135152,-12.550767
2025-03-03,IEF,2025-02-28,0.063912333,-11.029915,-11.849388,-10.912234,-11.332875,-11.332875,-12.257867,-12.229787,-11.815953,-11.699766,-12.248621,-11.264234,-11.765912,-11.700208
2025-04-01,IEF,2025-03-31,0.058492772,-11.207133,-11.830064,-10.027313,-11.302025,-11.302025,-12.14919,-12.516646,-12.14919,-11.590401,-11.108858,-11.491604,-11.794569,-11.881349
2025-05-01,IEF,2025-04-30,0.08436627,-10.474604,-11.700208,-11.025565,-11.242369,-11.242369,-12.252182,-12.317288,-12.723776,-12.920137,-12.723776,-11.718894,-11.108858,-12.167128
2025-06-02,IEF,2025-05-30,0.065611715,-10.977431,-11.910766,-11.266231,-11.31519,-11.31519,-11.98912,-11.961547,-12.516646,-12.129919,-11.794569,-12.830383,-12.382376,-11.794569
2025-07-01,IEF,2025-06-30,0.05882692,-11.195741,-11.927798,-11.684975,-11.295196,-11.295196,-11.927798,-12.434014,-11.975485,-12.133288,-11.57564,-11.96469,-12.413964,-12.508898
2025-08-01,IEF,2025-07-31,0.050834385,-11.487794,-12.242617,-11.720092,-11.552584,-11.552584,-11.945438,-11.919489,-12.27315,-12.143371,-12.76173,-13.236562,-11.483648,-12.229787
2025-09-02,IEF,2025-08-29,0.036178155,-12.168029,-12.615946,-11.639539,-12.035144,-12.035144,-12.831548,-11.586452,-11.788419,-10.95227,-11.783247,-12.342774,-12.459173,-12.493674
2025-10-01,IEF,2025-09-30,0.041168089,-11.909613,-12.459173,-12.0595,-12.089727,-12.089727,-12.446056,-11.385108,-12.299211,-12.252182,-11.879188,-12.413964,-12.350359,-11.108858
2025-11-03,IEF,2025-10-31,0.043020765,-11.821574,-12.631864,-11.896221,-12.312749,-12.312749,-11.644133,-12.783946,-12.169195,-11.237099,-11.788419,-11.712226,-12.017312,-12.624672
2025-12-01,IEF,2025-11-28,0.03581982,-12.187937,-12.52313,-12.144294,-12.287762,-12.287762,-12.305004,-12.291684,-11.503713,-12.11987,-10.95227,-12.38168,-12.648196,-11.786698
2026-01-02,IEF,2025-12-31,0.03276496,-12.36622,-12.624672,-12.403512,-12.382504,-12.382504,-11.496162,-11.486682,-12.314011,-12.093759,-11.919505,-12.721564,-12.631864,-11.718894
2026-02-02,IEF,2026-01-30,0.032030058,-12.41159,-12.805446,-11.8411,-12.548805,-12.548805,-11.968093,-11.198794,-12.229787,-12.222511,-12.109731,-10.519714,-12.69677,-10.95227
2026-03-02,IEF,2026-02-27,0.0408625,-11.924514,-12.723776,-11.016768,-12.57078,-12.57078,-11.783247,-11.83194,-12.434014,-11.961547,-11.287625,-10.564259,-11.629791,-11.980541
2026-04-01,IEF,2026-03-31,0.066101088,-10.962569,-11.712226,-11.692154,-11.330671,-11.330671,-12.084001,-11.237099,-11.880975,-12.039242,-12.38168,-12.248621,-12.27315,-11.613006
2026-05-01,IEF,2026-04-30,0.041875892,-11.875519,-12.325333,-11.33449,-11.968328,-11.968328,-11.370154,-12.248621,-11.606406,-11.96469,-12.266502,-12.301192,-11.830064,-12.101186
2026-06-01,IEF,2026-05-29,0.05397017,-11.368077,-12.155796,-11.582649,-11.856469,-11.856469,-12.299211,-11.982232,-12.350359,-11.783247,-12.188239,-11.490711,-12.363104,-11.879188
2026-07-01,IEF,2026-06-30,0.054638894,-11.343448,-12.400342,-12.075599,-11.95889,-11.95889,-12.920137,-10.796817,-11.25079,-12.433997,-12.384356,-12.446056,-12.124867,-12.301192
2026-08-03,IEF,2026-07-31,0.040651573,-11.934865,-12.445263,-11.66526,-12.046656,-12.046656,-12.269332,-12.305004,-12.230897,-12.302075,-10.997236,-12.03274,-11.975485,-12.314011
2007-01-03,GLD,2006-12-29,0.12670946,-9.6611462,-10.529148,-9.0041405,-10.008718,-10.008718,-10.54835,-10.346137,-10.450656,-10.217377,-10.507232,-11.204797,-10.495424,-9.3708726
2007-02-01,GLD,2007-01-31,0.18384518,-8.9167517,-10.004654,-8.5364541,-9.63274,-9.63274,-10.232605,-10.392734,-9.7721115,-10.629747,-10.346137,-11.027809,-10.892135,-10.670119
2007-03-01,GLD,2007-02-28,0.22241794,-8.5358232,-9.5495767,-8.9793474,-9.0528791,-9.0528791,-8.9459961,-8.9198215,-10.04678,-8.867491,-10.845453,-10.438078,-10.841787,-9.8511738
2007-04-02,GLD,2007-03-30,0.11909311,-9.7851285,-10.110728,-9.53718,-9.6078927,-9.6078927,-10.919055,-9.5685377,-10.312309,-8.8855507,-10.110728,-11.008596,-9.6255617,-10.400678
2007-05-01,GLD,2007-04-30,0.13984476,-9.4638737,-10.341831,-9.7979566,-9.7909544,-9.7909544,-10.271536,-10.518753,-9.6242772,-9.7006162,-10.711067,-9.3226895,-10.669816,-10.612377
2007-06-01,GLD,2007-05-31,0.14233136,-9.4286239,-10.44997,-9.7879276,-9.9456744,-9.9456744,-10.882567,-10.691773,-9.8380912,-10.438078,-10.725203,-10.280374,-10.25454,-9.4068212
2007-07-02,GLD,2007-06-29,0.12402153,-9.7040293,-10.438022,-9.3383753,-9.9859037,-9.9859037,-9.8904706,-10.329397,-9.8693495,-10.689343,-9.9730782,-10.45317,-9.8921433,-11.055674
2007-08-01,GLD,2007-07-31,0.11271556,-9.8952048,-10.012431,-9.1990455,-9.830106,-9.830106,-10.194545,-10.312309,-10.841787,-10.719994,-8.8855507,-9.8838086,-11.327687,-10.750537
2007-09-04,GLD,2007-08-31,0.14430363,-9.4011004,-10.280374,-8.9192944,-9.8371702,-9.8371702,-9.8871921,-9.3226895,-8.6781985,-10.245158,-9.5495767,-9.5685377,-10.845453,-10.823303
2007-10-01,GLD,2007-09-28,0.12421635,-9.7008901,-9.6952403,-8.6435545,-9.1980707,-9.1980707,-10.160095,-8.5432614,-10.105288,-10.303757,-10.883568,-8.8396508,-10.280374,-10.333211
2007-11-01,GLD,2007-10-31,0.15588802,-9.2466638,-9.5114267,-8.1643958,-8.8364745,-8.8364745,-8.8855507,-10.507232,-9.8921433,-9.8876358,-11.327687,-10.495424,-11.498776,-11.008596
2007-12-03,GLD,2007-11-30,0.29139488,-7.995581,-9.1934848,-8.8356963,-8.7729381,-8.7729381,-11.327687,-9.5114267,-10.750537,-9.9768323,-10.766495,-9.1819724,-10.131651,-10.312309
2008-01-02,GLD,2007-12-31,0.2023755,-8.7246899,-9.7919232,-8.5306601,-9.347445,-9.347445,-10.134243,-10.982497,-10.919055,-10.857248,-10.5007,-9.6041737,-9.7484799,-9.8876358
2008-02-01,GLD,2008-01-31,0.18394752,-8.9156386,-9.3141549,-8.7338957,-8.9447714,-8.9447714,-11.00993,-10.134243,-10.823303,-10.232605,-9.9641931,-11.026287,-10.699763,-8.9145699
2008-03-03,GLD,2008-02-29,0.19993783,-8.7489267,-9.6601804,-8.0846927,-9.112706,-9.112706,-10.689343,-9.6534095,-8.8855507,-10.259868,-11.008596,-10.724836,-10.534434,-11.648765
2008-04-01,GLD,2008-03-31,0.28338494,-8.0513273,-9.0851914,-8.2745335,-8.7243313,-8.7243313,-10.764935,-10.183312,-9.4329205,-11.204797,-10.271536,-10.232649,-8.156388,-10.691773
2008-05-01,GLD,2008-04-30,0.18931347,-8.8581312,-9.3708726,-8.3480832,-8.6671794,-8.6671794,-9.5495767,-10.923196,-8.5432614,-10.791272,-8.8396508,-10.44668,-10.380335,-10.25454
2008-06-02,GLD,2008-05-30,0.227691,-8.4889607,-9.3259205,-8.3488443,-8.6438365,-8.6438365,-11.204797,-10.640828,-10.079469,-10.685071,-10.392734,-8.9939875,-10.004654,-10.199256
2008-07-01,GLD,2008-06-30,0.24312975,-8.3577491,-9.3299896,-8.6698177,-8.7526355,-8.7526355,-9.6534095,-9.8904706,-10.012431,-10.471605,-10.310807,-10.657163,-10.919578,-10.012431
2008-08-01,GLD,2008-07-31,0.19942763,-8.7540368,-9.4068212,-8.1773164,-8.88847,-8.88847,-11.0138,-11.498776,-10.333211,-10.699763,-10.670119,-9.5114267,-11.095872,-10.83307
2008-09-02,GLD,2008-08-29,0.26814015,-8.1619201,-9.1819724,-7.0558954,-8.9296892,-8.9296892,-10.265684,-10.883568,-10.778068,-10.706603,-9.8693495,-10.892135,-10.44997,-10.60951
2008-10-01,GLD,2008-09-30,0.54112227,-6.7576491,-8.156388,-6.4540323,-7.8310244,-7.8310244,-11.126641,-9.6952403,-10.303757,-10.573387,-10.08095,-11.117432,-7.6977184,-9.5806756
2008-11-03,GLD,2008-10-31,0.46661617,-7.0539256,-7.6977184,-7.3307605,-7.2333732,-7.2333732,-10.217377,-10.823303,-10.778639,-11.246881,-11.027809,-10.719994,-10.883568,-10.875885
2008-12-01,GLD,2008-11-28,0.41387968,-7.293789,-8.5432614,-7.6875467,-7.8909958,-7.8909958,-9.9720278,-9.7919232,-9.6952403,-11.15058,-10.199256,-10.612377,-10.105288,-9.9874883
2009-01-02,GLD,2008-12-31,0.25048822,-8.2981159,-8.9459961,-7.7581445,-8.2914493,-8.2914493,-10.280374,-10.333211,-10.719994,-10.875885,-10.724836,-10.333211,-9.8838086,-10.732646
2009-02-02,GLD,2009-01-30,0.31485641,-7.8407062,-8.8855507,-7.799113,-8.4305243,-8.4305243,-9.8876358,-9.5806756,-10.565506,-10.882567,-9.7628202,-11.193079,-10.940705,-10.830839
2009-03-02,GLD,2009-02-27,0.26720429,-8.1689126,-8.6781985,-8.0737816,-8.1175068,-8.1175068,-9.4329205,-10.616078,-10.396758,-10.484304,-10.341831,-11.648765,-9.7628202,-9.3299896
2009-04-01,GLD,2009-03-31,0.25564445,-8.2573645,-9.0892003,-8.4910733,-8.49175,-8.49175,-11.498776,-10.25454,-9.8361235,-9.5806756,-9.8497708,-10.304827,-10.671427,-10.841787
2009-05-01,GLD,2009-04-30,0.21847321,-8.5716129,-9.4469025,-9.1729733,-9.0043917,-9.0043917,-10.778068,-8.9145699,-11.095872,-10.280374,-10.791272,-10.131651,-10.08095,-10.341831
2009-06-01,GLD,2009-05-29,0.14225547,-9.4296905,-9.8361235,-8.8681634,-9.5086483,-9.5086483,-10.087744,-10.160184,-10.724836,-10.534434,-8.5432614,-9.5220195,-10.993801,-10.725203
2009-07-01,GLD,2009-06-30,0.17352857,-9.0322552,-9.7628202,-9.1652407,-9.2841525,-9.2841525,-10.483203,-10.657163,-9.3259205,-10.256499,-10.484304,-10.54835,-10.225148,-9.8045726
2009-08-03,GLD,2009-07-31,0.14294141,-9.4200699,-10.059615,-9.2545919,-9.4466323,-9.4466323,-9.3704828,-10.732646,-9.6534095,-9.7721115,-10.471605,-9.6255617,-9.5910656,-8.7118573
2009-09-01,GLD,2009-08-31,0.12242107,-9.7300067,-10.016849,-9.1212642,-9.5096245,-9.5096245,-10.429328,-10.529947,-10.087744,-10.380335,-8.867491,-10.669816,-11.1272,-10.392734
2009-10-01,GLD,2009-09-30,0.15153335,-9.3033281,-9.8497708,-9.3578219,-9.3146218,-9.3146218,-8.156388,-9.8361235,-10.341831,-10.750537,-10.350105,-8.5432614,-10.332266,-10.564544
2009-11-02,GLD,2009-10-30,0.1643818,-9.1405561,-9.9641931,-8.7674862,-9.3652012,-9.3652012,-10.079469,-10.475558,-10.669816,-9.8794606,-7.6977184,-10.438022,-10.271536,-10.036492
2009-12-01,GLD,2009-11-30,0.14175741,-9.4367052,-9.6242772,-8.478094,-8.9411508,-8.9411508,-9.6601804,-10.808243,-10.529947,-9.0892003,-10.926772,-9.8904706,-8.7118573,-9.4469025
2010-01-04,GLD,2009-12-31,0.24230512,-8.3645442,-9.7006162,-8.7323997,-8.8118046,-8.8118046,-10.036458,-10.438022,-10.44997,-11.411436,-10.778068,-10.689343,-10.211547,-11.026287
2010-02-01,GLD,2010-01-29,0.18200772,-8.9368414,-9.5806756,-8.842828,-8.8668234,-8.8668234,-10.495424,-9.9874883,-10.475558,-9.6831898,-9.9303498,-8.8855507,-10.670737,-10.510325
2010-03-01,GLD,2010-02-26,0.21801356,-8.5758252,-9.6831898,-9.1430394,-9.1567649,-9.1567649,-10.004654,-11.193079,-9.4469025,-10.012431,-10.303757,-10.691773,-10.458421,-11.27857
2010-04-01,GLD,2010-03-31,0.15582249,-9.2475046,-9.9720278,-9.5786737,-9.5549372,-9.5549372,-10.04678,-10.146954,-10.150292,-11.193079,-11.532161,-10.529148,-9.5267307,-10.429328
2010-05-03,GLD,2010-04-30,0.12950535,-9.6174953,-10.210489,-8.8930598,-9.7301747,-9.7301747,-10.657163,-10.5007,-9.9720278,-10.04678,-9.5910656,-10.183312,-10.264114,-9.5910656
2010-06-01,GLD,2010-05-28,0.18496283,-8.9046299,-9.7721115,-9.2028165,-9.3124406,-9.3124406,-10.670119,-10.699763,-9.6041737,-10.08095,-10.706603,-10.160184,-10.475558,-9.8871921
2010-07-01,GLD,2010-06-30,0.16750065,-9.1029652,-9.8349174,-9.3849496,-9.3028614,-9.3028614,-11.193079,-10.789543,-10.258202,-10.332266,-8.7118573,-10.429328,-11.411436,-8.6781985
2010-08-02,GLD,2010-07-30,0.14800758,-9.3504127,-10.175147,-9.6015927,-9.7400506,-9.7400506,-9.7006162,-10.81211,-10.008972,-10.764935,-10.258202,-10.926772,-11.464229,-10.280374
2010-09-01,GLD,2010-08-31,0.074798286,-10.71535,-10.44668,-9.7360896,-9.8948436,-9.8948436,-10.841787,-10.841787,-9.4873714,-11.327687,-10.44997,-10.83307,-10.83307,-10.146954
2010-10-01,GLD,2010-09-30,0.090232014,-10.340171,-10.564544,-9.0702293,-10.196071,-10.196071,-10.310807,-10.778068,-10.036458,-10.392734,-10.830839,-9.4068212,-10.608013,-10.150292
2010-11-01,GLD,2010-10-29,0.18619686,-8.8913307,-10.036458,-8.8021423,-9.6434348,-9.6434348,-10.350105,-11.27857,-10.016849,-11.026287,-9.8838086,-9.37192,-10.310807,-10.256499
2010-12-01,GLD,2010-11-30,0.2053234,-8.695767,-9.7484799,-9.6255549,-9.4334443,-9.4334443,-10.304827,-10.495424,-9.4161898,-8.9459961,-11.126641,-9.3704828,-10.789466,-10.194545
2011-01-03,GLD,2010-12-31,0.14686855,-9.3658636,-10.507232,-9.2610923,-10.02444,-10.02444,-10.706603,-10.016849,-10.265684,-11.00993,-10.778639,-9.8794606,-10.565506,-10.982497
2011-02-01,GLD,2011-01-31,0.16438585,-9.1405068,-9.8921433,-9.6179776,-9.3976157,-9.3976157,-9.5806756,-10.438078,-10.670119,-10.507232,-9.7964046,-9.7006162,-11.00993,-8.5432614
2011-03-01,GLD,2011-02-28,0.088000269,-10.39026,-10.211547,-9.2398671,-9.6960698,-9.6960698,-9.5220195,-10.280374,-9.6601804,-11.1272,-11.055674,-10.791272,-10.808243,-10.782841
2011-04-01,GLD,2011-03-31,0.11469905,-9.8603161,-10.04678,-9.6263057,-9.610042,-9.610042,-10.923196,-10.44997,-10.45317,-11.008596,-10.264114,-10.392734,-10.183312,-10.882567
2011-05-02,GLD,2011-04-29,0.11695816,-9.8213071,-10.329397,-9.1481406,-9.7304412,-9.7304412,-9.7919232,-9.0851914,-11.27857,-9.7484799,-9.4469025,-10.346137,-9.7964046,-10.160095
2011-06-01,GLD,2011-05-31,0.15598329,-9.2454419,-10.392734,-9.7137645,-9.93333,-9.93333,-9.6831898,-9.4469025,-10.350105,-9.5114267,-9.3259205,-10.510325,-10.232605,-10.300665
2011-07-01,GLD,2011-06-30,0.11082078,-9.929111,-10.510325,-9.540454,-9.8904707,-9.8904707,-9.6041737,-10.926772,-11.648765,-10.5007,-9.8794606,-10.318132,-10.016849,-8.9198215
2011-08-01,GLD,2011-07-29,0.1119658,-9.9085527,-10.245158,-7.9343139,-9.7485446,-9.7485446,-11.026287,-10.271536,-10.018386,-9.4329205,-10.265684,-9.5267307,-11.117432,-9.5220195
2011-09-01,GLD,2011-08-31,0.33259968,-7.7310605,-8.867491,-7.682939,-8.9203202,-8.9203202,-10.857248,-10.380335,-9.3704828,-10.883568,-9.4329205,-10.645673,-9.4161898,-7.6977184
2011-10-03,GLD,2011-09-30,0.33464192,-7.7188175,-8.7118573,-8.479844,-8.4190667,-8.4190667,-10.146954,-11.15058,-10.83307,-9.8349174,-8.156388,-10.711067,-10.691773,-11.464229
2011-11-01,GLD,2011-10-31,0.20247148,-8.7237416,-9.4873714,-8.6571596,-9.1517335,-9.1517335,-10.392734,-11.327687,-9.6255617,-9.3785303,-10.764935,-11.074148,-10.484304,-10.232605
2011-12-01,GLD,2011-11-30,0.2179298,-8.5765937,-9.5220195,-8.6164829,-8.9716053,-8.9716053,-10.175147,-9.4873714,-10.160184,-10.44997,-11.498776,-8.6781985,-10.312309,-10.45317
2012-01-03,GLD,2011-12-30,0.22680051,-8.496798,-9.5267307,-9.0877232,-9.0935951,-9.0935951,-10.329397,-8.7118573,-10.183312,-10.616078,-10.210489,-8.9459961,-10.612377,-9.8921433
2012-02-01,GLD,2012-01-31,0.14388187,-9.4069544,-9.9768323,-9.1796243,-9.3819898,-9.3819898,-11.15058,-11.204797,-9.8904706,-11.117432,-10.841787,-10.564544,-9.3226895,-10.303757
2012-03-01,GLD,2012-02-29,0.23862828,-8.3951256,-9.9730782,-8.9505609,-9.4216143,-9.4216143,-10.528552,-10.400678,-9.5806756,-10.008972,-10.232649,-10.640828,-10.438022,-10.528552
2012-04-02,GLD,2012-03-30,0.157361,-9.2278545,-9.9303498,-9.522152,-9.4933157,-9.4933157,-10.245158,-11.0138,-9.9730782,-9.8838086,-9.609578,-10.300665,-10.194545,-10.475558
2012-05-01,GLD,2012-04-30,0.12598794,-9.6725673,-10.264114,-8.986294,-9.6773478,-9.6773478,-10.982497,-9.5495767,-11.204797,-9.6041737,-11.193079,-11.27857,-10.245158,-10.471605
2012-06-01,GLD,2012-05-31,0.15735897,-9.2278804,-9.6534095,-8.7239483,-9.2413163,-9.2413163,-9.8497708,-10.087744,-10.54835,-10.150292,-9.8380912,-10.782841,-10.5007,-10.211547
2012-07-02,GLD,2012-06-29,0.16391755,-9.1462125,-9.7970946,-9.2673018,-9.2794397,-9.2794397,-10.669816,-9.8838086,-10.16757,-10.83307,-10.131651,-10.875885,-10.778639,-10.699763
2012-08-01,GLD,2012-07-31,0.12212931,-9.7347789,-10.008972,-10.242138,-9.5027993,-9.5027993,-9.6242772,-9.3259205,-10.484304,-10.304827,-9.1819724,-10.016849,-10.333211,-9.6255617
2012-09-04,GLD,2012-08-31,0.10647359,-10.009146,-10.616078,-9.4639035,-9.9571194,-9.9571194,-9.5910656,-10.83307,-10.225148,-10.210489,-9.8921433,-10.534434,-10.232649,-9.5495767
2012-10-01,GLD,2012-09-28,0.14410003,-9.4039242,-10.271536,-10.191241,-9.8277988,-9.8277988,-9.8361235,-10.45317,-10.458421,-10.194545,-9.7970946,-10.16757,-9.3708726,-10.259868
2012-11-01,GLD,2012-10-31,0.093667227,-10.265443,-10.81211,-9.6921156,-10.242222,-10.242222,-9.3785303,-10.079469,-8.9939875,-10.264114,-10.379025,-9.8921433,-11.15058,-8.9939875
2012-12-03,GLD,2012-11-30,0.13684825,-9.5071944,-10.670119,-9.7851476,-10.096724,-10.096724,-10.818628,-10.429328,-10.789466,-10.81211,-10.529148,-9.4329205,-10.079469,-11.1272
2013-01-02,GLD,2012-12-31,0.092714591,-10.285888,-10.789543,-9.772359,-9.8924516,-9.8924516,-10.458421,-10.150292,-9.8871921,-10.211547,-10.882567,-9.7919232,-10.267968,-10.529947
2013-02-01,GLD,2013-01-31,0.095360951,-10.229601,-10.534434,-9.5674084,-9.8213133,-9.8213133,-10.312309,-8.867491,-10.789543,-10.181483,-11.648765,-10.256499,-9.6601804,-8.8396508
2013-03-01,GLD,2013-02-28,0.13831193,-9.4859167,-10.310807,-10.136675,-9.851413,-9.851413,-10.993801,-10.181483,-11.008596,-9.5910656,-10.438078,-11.464229,-9.8794606,-9.5114267
2013-04-01,GLD,2013-03-28,0.068607145,-10.888146,-10.725203,-7.9075654,-10.197665,-10.197665,-10.211547,-8.9939875,-8.156388,-11.095872,-11.204797,-9.9720278,-9.4329205,-10.81211
2013-05-01,GLD,2013-04-30,0.40182104,-7.352926,-9.4329205,-8.3966912,-9.5292867,-9.5292867,-10.012431,-7.6977184,-10.60951,-10.265684,-10.194545,-10.245158,-11.053712,-10.245158
2013-06-03,GLD,2013-05-31,0.22452844,-8.5169349,-9.4161898,-8.2045677,-9.1960826,-9.1960826,-11.117432,-10.670737,-9.5267307,-8.6781985,-11.246881,-9.9768323,-9.5114267,-8.8855507
2013-07-01,GLD,2013-06-28,0.29907874,-7.9435259,-9.37192,-8.6997485,-8.8615632,-8.8615632,-10.83307,-9.8876358,-10.329397,-10.823303,-10.400678,-10.134243,-10.265684,-9.6952403
2013-08-01,GLD,2013-07-31,0.19087183,-8.8417353,-9.8794606,-9.2685769,-9.3815472,-9.3815472,-9.8380912,-8.156388,-10.982497,-10.429328,-9.6601804,-10.458421,-8.9459961,-9.8349174
2013-09-03,GLD,2013-08-30,0.15996794,-9.1949928,-10.079469,-8.6936636,-9.617742,-9.617742,-9.9641931,-10.529148,-9.8497708,-9.8693495,-10.875885,-10.778639,-9.8693495,-10.181483
2013-10-01,GLD,2013-09-30,0.25295459,-8.2785197,-9.8380912,-8.8106528,-9.3762511,-9.3762511,-10.199256,-10.44668,-10.518753,-9.7970946,-11.27857,-8.867491,-10.438078,-9.8838086
2013-11-01,GLD,2013-10-31,0.17255332,-9.0435271,-9.8693495,-9.3989856,-9.3965021,-9.3965021,-10.578234,-10.217377,-10.131651,-10.892135,-10.079469,-9.5806756,-11.204797,-10.258202
2013-12-02,GLD,2013-11-29,0.12939608,-9.6191835,-10.259868,-8.8539665,-9.6899105,-9.6899105,-9.3259205,-10.225148,-9.3299896,-8.5432614,-10.458421,-9.4161898,-11.648765,-10.380335
2014-01-02,GLD,2013-12-31,0.18292288,-8.9268104,-9.8904706,-8.9781877,-9.5790971,-9.5790971,-10.484304,-10.60951,-10.175147,-10.087744,-9.0892003,-9.3299896,-10.329397,-9.3785303
2014-02-03,GLD,2014-01-31,0.15938653,-9.2022751,-10.018386,-9.5584672,-9.5425769,-9.5425769,-9.3226895,-11.027809,-10.732646,-10.450656,-10.181483,-9.0851914,-10.181483,-10.926772
2014-03-03,GLD,2014-02-28,0.1010592,-10.113527,-10.528552,-9.1886428,-9.9677735,-9.9677735,-10.258202,-10.685071,-10.670737,-9.3259205,-10.036492,-10.232605,-8.8396508,-10.183312
2014-04-01,GLD,2014-03-31,0.14053768,-9.4539884,-10.265684,-9.4541178,-9.8227449,-9.8227449,-10.341831,-10.264114,-10.178436,-10.669816,-10.146954,-10.210489,-9.0892003,-10.018386
2014-05-01,GLD,2014-04-30,0.11194783,-9.9088736,-10.529947,-9.7232208,-10.016629,-10.016629,-10.883568,-10.318132,-9.3141549,-10.300665,-9.3704828,-9.3141549,-10.507232,-10.318132
2014-06-02,GLD,2014-05-30,0.11848221,-9.795414,-10.565506,-10.278817,-10.100428,-10.100428,-10.919578,-10.110728,-8.7118573,-10.146954,-10.689343,-10.211547,-10.483203,-11.532161
2014-07-01,GLD,2014-06-30,0.12948395,-9.6178257,-11.095872,-9.5044358,-10.514719,-10.514719,-10.791272,-10.105288,-9.8876358,-10.199256,-9.4068212,-9.7484799,-10.926772,-9.8693495
2014-08-01,GLD,2014-07-31,0.13606661,-9.5186505,-10.645673,-9.7703828,-10.287173,-10.287173,-9.8349174,-11.074148,-9.5910656,-10.778639,-9.37192,-10.778068,-10.087744,-10.818628
2014-09-02,GLD,2014-08-29,0.080500518,-10.568412,-10.919578,-9.8066277,-10.418868,-10.418868,-11.648765,-9.3708726,-11.053712,-9.0851914,-10.018386,-11.00993,-10.578234,-10.110728
2014-10-01,GLD,2014-09-30,0.08231035,-10.523946,-10.60951,-9.9352256,-10.125191,-10.125191,-10.534434,-9.9730782,-10.346137,-9.9730782,-10.857248,-10.079469,-10.764935,-9.6242772
2014-11-03,GLD,2014-10-31,0.12639679,-9.6660875,-10.612377,-8.9142707,-10.179646,-10.179646,-10.16757,-9.8921433,-10.883568,-9.609578,-8.6781985,-11.246881,-10.629747,-10.608013
2014-12-01,GLD,2014-11-28,0.22918275,-8.4759002,-10.300665,-8.8190084,-9.9160659,-9.9160659,-9.7780816,-9.7970946,-9.6831898,-11.074148,-11.15058,-10.764935,-9.8361235,-11.074148
2015-01-02,GLD,2014-12-31,0.18947061,-8.8564719,-10.087744,-9.0134444,-9.5627462,-9.5627462,-10.529947,-9.0892003,-8.9459961,-9.9874883,-9.8871921,-9.6534095,-11.236926,-9.7006162
2015-02-02,GLD,2015-01-30,0.18427284,-8.9121046,-9.8511738,-9.3016029,-9.4039565,-9.4039565,-10.750537,-10.211547,-10.608013,-10.400678,-10.256499,-10.750537,-10.175147,-9.4161898
2015-03-02,GLD,2015-02-27,0.15519623,-9.255559,-10.256499,-9.5730681,-9.632347,-9.632347,-10.645673,-10.036492,-10.510325,-10.232649,-10.608013,-8.9145699,-10.392734,-10.323629
2015-04-01,GLD,2015-03-31,0.14195353,-9.4339401,-10.396758,-9.4724108,-9.7975057,-9.7975057,-9.5267307,-8.6781985,-9.1934848,-8.156388,-9.5685377,-10.732646,-10.217377,-10.105288
2015-05-01,GLD,2015-04-30,0.15619201,-9.2427675,-10.312309,-9.6465157,-9.8700337,-9.8700337,-8.9198215,-11.411436,-10.318132,-9.8904706,-10.230076,-10.323629,-10.750537,-11.0138
2015-06-01,GLD,2015-05-29,0.11552567,-9.8459542,-10.724836,-9.780065,-10.184556,-10.184556,-11.027809,-9.6255617,-10.573387,-10.608013,-9.7919232,-10.329397,-10.400678,-10.160184
2015-07-01,GLD,2015-06-30,0.095348746,-10.229857,-10.719994,-9.475545,-10.221948,-10.221948,-10.178436,-10.510325,-10.259868,-10.350105,-10.782841,-9.6242772,-10.304827,-10.271536
2015-08-03,GLD,2015-07-31,0.12201665,-9.7366247,-10.183312,-9.5494905,-9.9074891,-9.9074891,-11.074148,-10.993801,-10.332266,-10.312309,-9.6255617,-9.4469025,-10.012431,-10.845453
2015-09-01,GLD,2015-08-31,0.12869649,-9.630026,-10.16757,-9.5236631,-9.6299614,-9.6299614,-11.236926,-10.534434,-10.782841,-10.926772,-9.8349174,-9.8380912,-9.8349174,-10.346137
2015-10-01,GLD,2015-09-30,0.13504039,-9.5337919,-10.194545,-9.5079325,-9.6234373,-9.6234373,-10.640828,-10.16757,-10.685071,-9.6534095,-10.323629,-10.178436,-10.04678,-10.789466
2015-11-02,GLD,2015-10-30,0.11807676,-9.8022699,-10.689343,-9.7549724,-10.06298,-10.06298,-10.036492,-10.483203,-9.8511738,-9.5495767,-11.00993,-10.004654,-10.857248,-11.095872
2015-12-01,GLD,2015-11-30,0.11253174,-9.8984691,-10.54835,-9.4234022,-9.9658147,-9.9658147,-11.411436,-9.9720278,-10.199256,-10.841787,-10.25454,-10.312309,-10.510325,-8.867491
2016-01-04,GLD,2015-12-31,0.16499962,-9.1330534,-10.629747,-9.2011686,-10.128155,-10.128155,-10.44668,-10.178436,-11.074148,-10.458421,-9.4161898,-10.475558,-9.9303498,-10.766495
2016-02-01,GLD,2016-01-29,0.14042223,-9.4556321,-10.217377,-8.4512546,-9.831581,-9.831581,-7.6977184,-9.8045726,-11.411436,-10.818628,-10.245158,-10.483203,-9.3785303,-10.225148
2016-03-01,GLD,2016-02-29,0.2322052,-8.4496967,-9.6041737,-9.130193,-9.3069938,-9.3069938,-10.303757,-11.055674,-10.059615,-10.691773,-10.528552,-10.830839,-11.532161,-10.079469
2016-04-01,GLD,2016-03-31,0.18746515,-8.8777538,-10.08095,-8.9566374,-9.4967724,-9.4967724,-8.9145699,-8.9459961,-10.507232,-10.528552,-9.6242772,-10.818628,-10.036458,-11.498776
2016-05-02,GLD,2016-04-29,0.16035887,-9.1901112,-10.105288,-9.4408751,-9.5539957,-9.5539957,-10.318132,-10.471605,-11.026287,-8.9198215,-9.3141549,-10.258202,-10.711067,-9.0892003
2016-06-01,GLD,2016-05-31,0.12772508,-9.6451793,-10.232605,-8.3539972,-9.6613231,-9.6613231,-10.719994,-10.232649,-11.236926,-10.782841,-10.232605,-10.146954,-10.789543,-10.5007
2016-07-01,GLD,2016-06-30,0.22266065,-8.5336419,-10.036492,-9.4425352,-9.5996974,-9.5996974,-11.055674,-9.3704828,-10.256499,-11.464229,-8.9459961,-10.08095,-10.323629,-10.008972
2016-08-01,GLD,2016-07-29,0.15160897,-9.3023303,-10.258202,-9.8867415,-9.6893035,-9.6893035,-10.616078,-10.725203,-11.498776,-9.8921433,-10.993801,-10.857248,-9.6242772,-10.450656
2016-09-01,GLD,2016-08-31,0.095489034,-10.226917,-10.83307,-10.253983,-10.057817,-10.057817,-9.9303498,-9.9303498,-9.5114267,-9.1819724,-10.16757,-10.841787,-10.670119,-10.689343
2016-10-03,GLD,2016-09-30,0.104761,-10.041577,-10.993801,-9.787139,-10.296958,-10.296958,-8.9939875,-9.4329205,-9.3708726,-10.333211,-10.83307,-10.230076,-10.732646,-10.883568
2016-11-01,GLD,2016-10-31,0.14168351,-9.4377482,-10.923196,-9.0679584,-10.273706,-10.273706,-11.27857,-9.3141549,-10.882567,-10.518753,-10.578234,-11.532161,-10.875885,-10.036458
2016-12-01,GLD,2016-11-30,0.14808053,-9.3494272,-10.160184,-9.7448149,-9.8293146,-9.8293146,-9.8921433,-8.8396508,-10.764935,-10.529947,-10.645673,-10.919055,-10.830839,-9.9730782
2017-01-03,GLD,2016-12-30,0.11201445,-9.9076839,-10.657163,-9.3755199,-10.114826,-10.114826,-9.8794606,-9.1819724,-9.8349174,-10.183312,-10.732646,-11.055674,-9.4469025,-9.5685377
2017-02-01,GLD,2017-01-31,0.11507886,-9.8537043,-10.225148,-9.6511787,-9.9017456,-9.9017456,-9.7970946,-9.5910656,-10.892135,-9.8871921,-10.923196,-10.685071,-10.199256,-10.405526
2017-03-01,GLD,2017-02-28,0.09206634,-10.299921,-10.475558,-9.9965594,-9.9189445,-9.9189445,-10.608013,-10.267968,-10.818628,-10.789466,-10.612377,-8.9198215,-9.9730782,-11.053712
2017-04-03,GLD,2017-03-31,0.099539375,-10.143833,-11.008596,-9.9141941,-10.212964,-10.212964,-10.529148,-10.300665,-8.9198215,-10.766495,-10.940705,-11.126641,-10.318132,-10.993801
2017-05-01,GLD,2017-04-28,0.089377388,-10.359204,-10.789466,-10.082177,-10.080041,-10.080041,-10.264114,-10.528552,-10.310807,-10.438022,-9.6831898,-9.7780816,-10.725203,-11.15058
2017-06-01,GLD,2017-05-31,0.11156236,-9.9157723,-11.00993,-9.9781676,-10.346803,-10.346803,-10.671427,-10.004654,-10.392734,-10.940705,-8.9145699,-10.267968,-9.5495767,-10.484304
2017-07-03,GLD,2017-06-30,0.080519743,-10.567935,-11.027809,-10.180521,-10.43072,-10.43072,-10.400678,-11.053712,-10.919578,-10.565506,-10.640828,-9.7721115,-10.258202,-9.4329205
2017-08-01,GLD,2017-07-31,0.095795658,-10.220505,-11.15058,-9.914379,-10.626291,-10.626291,-10.256499,-10.341831,-10.808243,-10.989312,-10.036458,-9.9730782,-10.429328,-10.657163
2017-09-01,GLD,2017-08-31,0.10386199,-10.058814,-10.823303,-10.091126,-10.36233,-10.36233,-9.5114267,-10.670119,-10.210489,-10.105288,-9.3299896,-10.160095,-10.008972,-10.178436
2017-10-02,GLD,2017-09-29,0.11760668,-9.810248,-10.926772,-10.419879,-10.333239,-10.333239,-9.8045726,-9.1934848,-9.8838086,-9.1934848,-10.919055,-9.6952403,-10.45317,-9.5267307
2017-11-01,GLD,2017-10-31,0.080415398,-10.570528,-11.0138,-10.26605,-10.498082,-10.498082,-9.4873714,-9.7484799,-10.875885,-10.993801,-10.750537,-10.110728,-10.882567,-9.7964046
2017-12-01,GLD,2017-11-30,0.095679442,-10.222933,-10.882567,-10.265659,-10.466096,-10.466096,-10.008972,-10.131651,-10.483203,-10.845453,-10.982497,-9.8876358,-10.036492,-10.264114
2018-01-02,GLD,2017-12-29,0.081175862,-10.551704,-11.204797,-10.096402,-10.720878,-10.720878,-10.892135,-10.791272,-10.004654,-10.732646,-10.008972,-10.923196,-9.5685377,-10.808243
2018-02-01,GLD,2018-01-31,0.087405651,-10.40382,-10.808243,-10.034433,-10.549406,-10.549406,-10.670737,-11.532161,-9.7970946,-10.483203,-10.475558,-7.6977184,-9.7780816,-9.1934848
2018-03-01,GLD,2018-02-28,0.11592754,-9.8390089,-10.982497,-9.8680032,-10.485012,-10.485012,-9.6952403,-9.7964046,-10.81211,-10.036492,-9.6534095,-10.81211,-10.346137,-10.438022
2018-04-02,GLD,2018-03-29,0.11257371,-9.8977232,-10.778639,-9.9235542,-10.339201,-10.339201,-9.8693495,-10.059615,-10.857248,-10.657163,-10.405526,-9.7628202,-9.3141549,-10.671427
2018-05-01,GLD,2018-04-30,0.088414781,-10.380861,-10.830839,-10.381475,-10.304727,-10.304727,-10.573387,-10.830839,-9.7780816,-10.258202,-10.396758,-10.808243,-10.60951,-10.265684
2018-06-01,GLD,2018-05-31,0.075944144,-10.684943,-11.498776,-10.756822,-10.680613,-10.680613,-9.3299896,-9.4161898,-9.3785303,-9.8361235,-9.8876358,-11.0138,-10.341831,-10.08095
2018-07-02,GLD,2018-06-29,0.071641584,-10.801588,-11.532161,-10.339886,-11.078701,-11.078701,-10.438022,-10.396758,-10.725203,-10.018386,-10.534434,-10.087744,-10.529947,-9.8904706
2018-08-01,GLD,2018-07-31,0.085289184,-10.452844,-11.246881,-10.340483,-10.874277,-10.874277,-10.699763,-10.940705,-7.6977184,-10.036458,-10.670737,-10.303757,-9.8497708,-10.778639
2018-09-04,GLD,2018-08-31,0.12221018,-9.7334549,-11.053712,-10.055917,-10.679953,-10.679953,-10.782841,-9.7721115,-10.612377,-9.6952403,-10.333211,-11.327687,-10.259868,-9.6041737
2018-10-01,GLD,2018-09-28,0.073283806,-10.75626,-10.892135,-9.8309871,-10.422062,-10.422062,-9.7964046,-10.845453,-9.3226895,-10.60951,-10.60951,-10.396758,-10.16757,-10.778068
2018-11-01,GLD,2018-10-31,0.11058379,-9.9333925,-10.875885,-10.248352,-10.41647,-10.41647,-10.323629,-10.919055,-10.699763,-10.645673,-9.9874883,-9.9641931,-8.8855507,-10.329397
2018-12-03,GLD,2018-11-30,0.069571658,-10.860225,-11.193079,-10.015666,-10.616282,-10.616282,-10.018386,-11.236926,-10.5007,-10.671427,-10.495424,-11.1272,-10.160184,-10.892135
2019-01-02,GLD,2018-12-31,0.089790553,-10.34998,-11.117432,-10.472265,-10.62329,-10.62329,-10.565506,-10.199256,-10.629747,-9.5685377,-10.004654,-9.6601804,-11.026287,-10.764935
2019-02-01,GLD,2019-01-31,0.087777186,-10.395336,-11.327687,-10.420135,-10.669523,-10.669523,-10.81211,-10.232605,-10.146954,-10.725203,-11.095872,-10.380335,-10.379025,-9.1819724
2019-03-01,GLD,2019-02-28,0.091535348,-10.311489,-11.27857,-9.997312,-10.646582,-10.646582,-10.612377,-10.303757,-10.323629,-8.8396508,-9.5806756,-10.823303,-10.396758,-10.529148
2019-04-01,GLD,2019-03-29,0.099089029,-10.152902,-10.857248,-10.435811,-10.598295,-10.598295,-11.464229,-10.565506,-11.00993,-9.7780816,-9.7780816,-10.265684,-9.8871921,-10.919055
2019-05-01,GLD,2019-04-30,0.072788181,-10.769832,-11.464229,-10.607433,-10.647221,-10.647221,-10.016849,-9.7780816,-10.438078,-9.3141549,-10.304827,-10.882567,-10.54835,-9.3259205
2019-06-03,GLD,2019-05-31,0.082499664,-10.519351,-11.411436,-9.387532,-10.717643,-10.717643,-9.3141549,-9.7628202,-9.7964046,-10.379025,-10.016849,-10.629747,-10.923196,-10.54835
2019-07-01,GLD,2019-06-28,0.12100447,-9.7532846,-10.438078,-9.5524087,-10.522085,-10.522085,-8.6781985,-9.9768323,-11.117432,-9.3708726,-10.808243,-10.5007,-11.27857,-10.989312
2019-08-01,GLD,2019-07-31,0.14350218,-9.4122392,-10.608013,-9.1797454,-10.461485,-10.461485,-10.059615,-10.258202,-10.529148,-10.175147,-10.518753,-9.8511738,-9.7721115,-10.267968
2019-09-03,GLD,2019-08-30,0.13152909,-9.5864835,-10.380335,-9.2994037,-10.162192,-10.162192,-9.4068212,-11.095872,-10.830839,-10.134243,-10.178436,-10.405526,-10.146954,-10.565506
2019-10-01,GLD,2019-09-30,0.15792418,-9.2207096,-10.232649,-9.9015289,-9.7754897,-9.7754897,-10.380335,-10.323629,-9.4068212,-10.318132,-10.318132,-10.341831,-9.8904706,-10.16757
2019-11-01,GLD,2019-10-31,0.091301943,-10.316595,-10.883568,-10.249297,-10.293168,-10.293168,-10.685071,-10.578234,-10.25454,-11.498776,-10.719994,-9.7970946,-8.9145699,-9.8361235
2019-12-02,GLD,2019-11-29,0.096199703,-10.212087,-11.074148,-10.522334,-10.524048,-10.524048,-10.105288,-9.8511738,-10.657163,-10.475558,-10.657163,-9.609578,-10.059615,-10.507232
2020-01-02,GLD,2019-12-31,0.069986396,-10.848338,-11.648765,-9.8087045,-11.126074,-11.126074,-10.45317,-10.612377,-9.37192,-10.396758,-9.9720278,-10.573387,-10.823303,-8.9459961
2020-02-03,GLD,2020-01-31,0.092643321,-10.287426,-11.055674,-8.8937922,-10.520531,-10.520531,-10.989312,-11.246881,-11.027809,-10.059615,-10.629747,-10.529947,-10.256499,-10.134243
2020-03-02,GLD,2020-02-28,0.18081955,-8.9499405,-10.199256,-7.4870215,-9.3293013,-9.3293013,-10.724836,-10.304827,-10.706603,-11.126641,-9.7006162,-11.498776,-9.1819724,-9.9768323
2020-04-01,GLD,2020-03-31,0.36117971,-7.5661883,-8.9939875,-8.8224439,-8.9564704,-8.9564704,-10.346137,-11.648765,-10.44668,-10.808243,-10.691773,-10.845453,-10.645673,-9.4873714
2020-05-01,GLD,2020-04-30,0.20727163,-8.6768793,-9.8045726,-9.5688802,-9.4145076,-9.4145076,-10.450656,-10.018386,-9.7919232,-9.37192,-10.789543,-10.012431,-8.867491,-10.669816
2020-06-01,GLD,2020-05-29,0.13307433,-9.5631239,-10.333211,-9.3168797,-9.8310889,-9.8310889,-9.6255617,-9.5220195,-8.867491,-9.9720278,-10.54835,-11.053712,-11.193079,-9.6601804
2020-07-01,GLD,2020-06-30,0.1417342,-9.4370327,-10.671427,-9.4188406,-10.211741,-10.211741,-10.510325,-10.265684,-10.564544,-10.670737,-10.160095,-10.989312,-10.689343,-10.685071
2020-08-03,GLD,2020-07-31,0.10934962,-9.955839,-10.134243,-8.3659252,-9.6884892,-9.6884892,-9.7484799,-11.126641,-10.08095,-10.54835,-9.8045726,-8.156388,-11.027809,-9.9720278
2020-09-01,GLD,2020-08-31,0.29469954,-7.973027,-9.6255617,-9.0959074,-9.4409957,-9.4409957,-10.225148,-10.564544,-9.8794606,-10.267968,-9.7484799,-10.789466,-10.685071,-10.396758
2020-10-01,GLD,2020-09-30,0.13789382,-9.4919717,-10.150292,-9.5894658,-9.6651861,-9.6651861,-10.259868,-8.8855507,-9.9874883,-8.9939875,-10.823303,-10.789543,-8.5432614,-9.7484799
2020-11-02,GLD,2020-10-30,0.12669332,-9.661401,-10.450656,-8.7047236,-9.6776772,-9.6776772,-10.160184,-10.857248,-10.528552,-10.510325,-9.1934848,-11.095872,-9.1934848,-10.534434
2020-12-01,GLD,2020-11-30,0.20984038,-8.6522453,-10.131651,-9.5015322,-9.5326324,-9.5326324,-10.396758,-10.989312,-11.126641,-10.25454,-10.087744,-10.528552,-9.5806756,-10.706603
2021-01-04,GLD,2020-12-31,0.11904738,-9.7858964,-10.845453,-8.8982147,-10.222428,-10.222428,-8.867491,-10.669816,-9.0892003,-11.055674,-10.259868,-10.175147,-10.782841,-9.3141549
2021-02-01,GLD,2021-01-29,0.18147025,-8.9427562,-10.146954,-8.9725485,-9.4960468,-9.4960468,-10.845453,-10.256499,-9.9303498,-10.44668,-9.9768323,-9.8045726,-10.528552,-11.00993
2021-03-01,GLD,2021-02-26,0.17212746,-9.0484692,-9.8871921,-9.2595744,-9.361071,-9.361071,-9.7628202,-10.54835,-10.534434,-9.7628202,-9.3785303,-10.036492,-10.110728,-10.629747
2021-04-01,GLD,2021-03-31,0.13992448,-9.4627339,-10.332266,-9.941252,-9.6326482,-9.6326482,-8.5432614,-10.259868,-9.9768323,-9.4068212,-10.685071,-9.6831898,-11.0138,-10.175147
2021-05-03,GLD,2021-04-30,0.10304848,-10.074541,-10.818628,-9.8396909,-10.107509,-10.107509,-10.830839,-10.175147,-10.926772,-10.778068,-10.483203,-10.565506,-9.37192,-11.204797
2021-06-01,GLD,2021-05-28,0.099571843,-10.143181,-10.940705,-9.1427302,-10.507395,-10.507395,-9.1934848,-10.724836,-10.304827,-9.3226895,-10.150292,-10.616078,-9.6041737,-10.210489
2021-07-01,GLD,2021-06-30,0.16062823,-9.1867546,-10.350105,-9.8652706,-9.7747666,-9.7747666,-9.9874883,-9.7006162,-10.471605,-10.160184,-11.074148,-10.194545,-10.616078,-8.156388
2021-08-02,GLD,2021-07-30,0.081850181,-10.535159,-10.766495,-9.5923699,-9.9196989,-9.9196989,-9.609578,-10.608013,-9.0851914,-10.789543,-10.919578,-10.578234,-10.150292,-9.609578
2021-09-01,GLD,2021-08-31,0.15269207,-9.2880931,-10.778068,-9.5733227,-10.19349,-10.19349,-9.8511738,-9.8871921,-10.616078,-10.919055,-9.4873714,-10.199256,-9.6831898,-9.3704828
2021-10-01,GLD,2021-09-30,0.15084349,-9.3124541,-10.495424,-9.4719806,-9.8468622,-9.8468622,-10.379025,-10.919578,-10.245158,-10.640828,-10.699763,-10.883568,-10.81211,-10.923196
2021-11-01,GLD,2021-10-29,0.11122472,-9.9218343,-10.458421,-9.3910052,-9.8704416,-9.8704416,-10.940705,-10.036458,-10.645673,-9.6242772,-10.04678,-10.310807,-10.529148,-11.236926
2021-12-01,GLD,2021-11-30,0.13275764,-9.5678893,-10.400678,-10.214331,-9.9029079,-9.9029079,-11.1272,-10.719994,-10.232649,-10.004654,-11.026287,-10.018386,-8.9198215,-9.6534095
2022-01-03,GLD,2021-12-31,0.085563659,-10.446418,-11.126641,-9.8815037,-10.278876,-10.278876,-11.095872,-10.350105,-10.438022,-9.8380912,-8.9198215,-10.036458,-10.405526,-10.059615
2022-02-01,GLD,2022-01-31,0.13410764,-9.5476541,-10.764935,-9.1889254,-10.209456,-10.209456,-10.789466,-9.3785303,-10.495424,-10.564544,-9.6041737,-10.484304,-10.518753,-9.37192
2022-03-01,GLD,2022-02-28,0.10522421,-10.032753,-10.573387,-8.671631,-10.155652,-10.155652,-10.808243,-9.8497708,-10.578234,-9.8497708,-10.332266,-10.993801,-10.210489,-9.6831898
2022-04-01,GLD,2022-03-31,0.2147205,-8.6062653,-9.9874883,-9.2831692,-9.9132319,-9.9132319,-9.0851914,-10.706603,-10.230076,-10.131651,-10.81211,-10.008972,-10.719994,-10.578234
2022-05-02,GLD,2022-04-29,0.11493657,-9.8561789,-10.405526,-9.3770655,-9.9058622,-9.9058622,-9.5685377,-10.892135,-10.217377,-9.4873714,-10.892135,-10.350105,-9.3259205,-9.7628202
2022-06-01,GLD,2022-05-31,0.12923804,-9.6216276,-10.471605,-9.5227814,-9.9279147,-9.9279147,-9.0892003,-10.332266,-10.110728,-10.612377,-10.818628,-9.3259205,-10.44668,-10.230076
2022-07-01,GLD,2022-06-30,0.1477367,-9.3540763,-10.750537,-9.6149781,-10.060096,-10.060096,-10.267968,-10.882567,-11.193079,-10.405526,-10.217377,-10.264114,-9.5220195,-9.7780816
2022-08-01,GLD,2022-07-29,0.13819373,-9.4876265,-10.669816,-9.8937566,-10.065333,-10.065333,-10.711067,-10.194545,-10.194545,-11.053712,-10.183312,-10.225148,-11.126641,-10.483203
2022-09-01,GLD,2022-08-31,0.12235949,-9.7310129,-10.782841,-9.3572046,-10.153302,-10.153302,-9.1819724,-9.6242772,-10.134243,-10.323629,-10.429328,-10.44997,-8.9939875,-9.9641931
2022-10-03,GLD,2022-09-30,0.14967371,-9.3280243,-10.160095,-9.2496779,-9.8679936,-9.8679936,-9.9730782,-10.573387,-10.036492,-10.495424,-10.012431,-10.699763,-9.6952403,-10.670737
2022-11-01,GLD,2022-10-31,0.13660185,-9.5107987,-10.267968,-9.2032971,-9.8471073,-9.8471073,-10.131651,-11.464229,-8.8396508,-10.329397,-10.789466,-8.7118573,-9.8045726,-9.7970946
2022-12-01,GLD,2022-11-30,0.18350423,-8.9204642,-10.691773,-9.2781755,-10.024808,-10.024808,-9.7721115,-10.750537,-9.7006162,-10.923196,-10.105288,-9.9874883,-10.350105,-10.004654
2023-01-03,GLD,2022-12-30,0.14629487,-9.3736912,-10.5007,-9.588898,-9.98189,-9.98189,-10.875885,-10.379025,-9.7484799,-11.532161,-9.7721115,-9.8349174,-10.564544,-10.640828
2023-02-01,GLD,2023-01-31,0.12535882,-9.6825793,-10.699763,-9.636477,-10.033628,-10.033628,-9.9768323,-10.484304,-10.640828,-9.6601804,-10.573387,-9.1934848,-10.919055,-9.0851914
2023-03-01,GLD,2023-02-28,0.1358247,-9.5222095,-10.670737,-9.2454559,-10.023592,-10.023592,-10.08095,-10.689343,-10.211547,-9.3704828,-10.225148,-10.706603,-10.766495,-10.495424
2023-04-03,GLD,2023-03-31,0.20576572,-8.6914631,-10.303757,-9.51562,-9.9208696,-9.9208696,-10.438078,-11.008596,-10.766495,-11.648765,-10.616078,-9.4873714,-9.3704828,-11.327687
2023-05-01,GLD,2023-04-28,0.1292703,-9.6211285,-10.379025,-9.6434662,-9.8708464,-9.8708464,-10.183312,-10.458421,-9.7628202,-9.4469025,-10.211547,-10.670737,-10.573387,-11.027809
2023-06-01,GLD,2023-05-31,0.11905402,-9.785785,-10.732646,-9.8556513,-10.082026,-10.082026,-10.789543,-11.117432,-10.160095,-9.9303498,-9.5220195,-10.25454,-8.6781985,-11.193079
2023-07-03,GLD,2023-06-30,0.10864228,-9.9688183,-10.578234,-10.226146,-10.021285,-10.021285,-10.44997,-9.8380912,-10.993801,-10.225148,-10.510325,-10.059615,-9.4873714,-9.7721115
2023-08-01,GLD,2023-07-31,0.10157143,-10.103415,-10.989312,-10.440023,-10.091871,-10.091871,-10.60951,-10.671427,-9.5685377,-10.271536,-10.329397,-10.450656,-10.303757,-10.44668
2023-09-01,GLD,2023-08-31,0.067393597,-10.92384,-11.236926,-10.233503,-10.617948,-10.617948,-10.691773,-10.778639,-10.181483,-10.016849,-9.5114267,-9.5910656,-11.055674,-9.7919232
2023-10-02,GLD,2023-09-29,0.081420208,-10.545693,-10.919055,-9.4889239,-10.395491,-10.395491,-11.532161,-10.645673,-10.429328,-10.310807,-9.8904706,-10.608013,-10.471605,-11.117432
2023-11-01,GLD,2023-10-31,0.14581489,-9.3802637,-10.484304,-10.084023,-10.136418,-10.136418,-9.4161898,-10.789466,-10.671427,-10.079469,-10.059615,-11.411436,-10.982497,-10.04678
2023-12-01,GLD,2023-11-30,0.10914561,-9.9595739,-10.841787,-9.6536801,-10.337245,-10.337245,-10.333211,-10.08095,-11.15058,-10.178436,-10.267968,-9.9303498,-10.230076,-10.573387
2024-01-02,GLD,2023-12-29,0.15851681,-9.2132184,-10.711067,-9.7235905,-10.205281,-10.205281,-10.471605,-10.405526,-11.055674,-8.9145699,-10.565506,-11.15058,-10.160095,-10.518753
2024-02-01,GLD,2024-01-31,0.092946024,-10.280902,-10.706603,-9.8643552,-10.109782,-10.109782,-10.230076,-10.210489,-11.327687,-11.0138,-9.8361235,-10.400678,-9.8876358,-9.8497708
2024-03-01,GLD,2024-02-29,0.089267743,-10.361659,-11.026287,-9.5198467,-10.368568,-10.368568,-10.564544,-10.008972,-9.1819724,-8.7118573,-9.3226895,-10.181483,-10.134243,-10.791272
2024-04-01,GLD,2024-03-28,0.11861883,-9.7931092,-10.640828,-8.7763656,-10.164388,-10.164388,-9.37192,-10.782841,-10.405526,-10.346137,-10.529947,-10.259868,-10.657163,-10.645673
2024-05-01,GLD,2024-04-30,0.18153842,-8.942005,-9.8876358,-9.502889,-9.6914053,-9.6914053,-10.300665,-9.8794606,-11.532161,-9.8511738,-10.300665,-9.0892003,-11.074148,-10.131651
2024-06-03,GLD,2024-05-31,0.1623856,-9.1649922,-10.346137,-9.4642449,-9.787682,-9.787682,-10.778639,-9.6041737,-11.1272,-9.3299896,-10.450656,-11.236926,-9.9874883,-10.217377
2024-07-01,GLD,2024-06-28,0.1854936,-8.8988988,-10.429328,-9.2941312,-9.9026001,-9.9026001,-10.150292,-10.04678,-10.271536,-10.724836,-9.8511738,-10.940705,-9.0851914,-10.616078
2024-08-01,GLD,2024-07-31,0.16870443,-9.0886432,-10.181483,-9.1077111,-9.7394096,-9.7394096,-10.332266,-11.1272,-10.232605,-11.27857,-11.236926,-10.271536,-10.724836,-10.724836
2024-09-03,GLD,2024-08-30,0.14810597,-9.3490836,-10.318132,-9.6230574,-9.7406401,-9.7406401,-10.823303,-9.8693495,-10.691773,-10.670119,-8.9939875,-9.8871921,-9.7970946,-10.438078
2024-10-01,GLD,2024-09-30,0.12801028,-9.6407186,-10.518753,-9.9360525,-9.8849612,-9.8849612,-10.181483,-10.230076,-10.989312,-10.16757,-11.0138,-9.7964046,-10.791272,-10.458421
2024-11-01,GLD,2024-10-31,0.11895512,-9.787447,-10.685071,-8.8047488,-10.103139,-10.103139,-10.232649,-9.9641931,-10.400678,-9.4161898,-11.464229,-9.5495767,-11.008596,-10.310807
2024-12-02,GLD,2024-11-29,0.21456872,-8.6076795,-10.178436,-9.8149187,-9.9500898,-9.9500898,-10.926772,-9.3299896,-10.940705,-9.9641931,-11.411436,-10.217377,-10.640828,-11.126641
2025-01-02,GLD,2024-12-31,0.13587567,-9.5214591,-10.791272,-9.6930332,-10.215793,-10.215793,-10.732646,-9.8349174,-9.8045726,-9.8045726,-10.989312,-10.725203,-9.6534095,-11.246881
2025-02-03,GLD,2025-01-31,0.12145083,-9.7459206,-10.45317,-9.4817201,-9.9525518,-9.9525518,-8.7118573,-10.711067,-9.609578,-10.830839,-10.380335,-10.04678,-10.450656,-11.411436
2025-03-03,GLD,2025-02-28,0.13878449,-9.4790951,-10.304827,-9.7199846,-9.8285508,-9.8285508,-10.405526,-10.629747,-11.0138,-10.45317,-10.671427,-10.60951,-10.178436,-9.3226895
2025-04-01,GLD,2025-03-31,0.11624734,-9.8334993,-10.483203,-8.1184658,-9.9546497,-9.9546497,-10.5007,-10.875885,-11.246881,-10.578234,-10.44668,-10.766495,-9.9641931,-10.087744
2025-05-01,GLD,2025-04-30,0.29093428,-7.9987448,-9.3704828,-8.2838233,-8.9852525,-8.9852525,-10.766495,-10.160095,-10.300665,-10.529148,-10.134243,-10.919578,-9.9768323,-9.8794606
2025-06-02,GLD,2025-05-30,0.26223675,-8.2064442,-9.7780816,-9.0252603,-9.3906309,-9.3906309,-11.246881,-10.818628,-10.264114,-10.230076,-10.160184,-10.332266,-10.018386,-10.44997
2025-07-01,GLD,2025-06-30,0.17288285,-9.0397113,-10.230076,-9.5943336,-9.521918,-9.521918,-10.25454,-10.012431,-10.379025,-10.711067,-10.669816,-9.8693495,-10.818628,-10.857248
2025-08-01,GLD,2025-07-31,0.12888734,-9.6270622,-10.323629,-9.8837982,-9.661034,-9.661034,-10.507232,-9.5267307,-10.923196,-10.982497,-10.564544,-9.3708726,-10.300665,-10.711067
2025-09-02,GLD,2025-08-29,0.10026329,-10.12934,-11.1272,-9.2391046,-10.437576,-10.437576,-11.053712,-9.4068212,-10.791272,-10.919578,-10.280374,-10.982497,-9.609578,-10.919578
2025-10-01,GLD,2025-09-30,0.11805418,-9.8026524,-10.25454,-8.0435251,-9.7633467,-9.7633467,-10.725203,-9.6831898,-11.464229,-9.5267307,-10.438022,-9.3785303,-9.7919232,-10.304827
2025-11-03,GLD,2025-10-31,0.35239989,-7.6154065,-9.3226895,-8.7277862,-9.1440592,-9.1440592,-10.629747,-10.764935,-9.5220195,-11.236926,-10.45317,-10.670119,-10.778068,-10.350105
2025-12-01,GLD,2025-11-28,0.17591411,-9.004948,-9.8838086,-8.6936387,-9.3233816,-9.3233816,-9.8838086,-10.245158,-9.9641931,-10.110728,-10.175147,-10.507232,-10.989312,-10.940705
2026-01-02,GLD,2025-12-31,0.19835546,-8.7648183,-9.7964046,-7.0859413,-9.242392,-9.242392,-10.110728,-9.37192,-10.845453,-9.7919232,-10.312309,-9.8497708,-9.9720278,-9.9303498
2026-02-02,GLD,2026-01-30,0.46207521,-7.0734843,-8.8396508,-7.1748494,-7.9910423,-7.9910423,-8.8396508,-9.609578,-9.5495767,-10.341831,-9.3708726,-9.8361235,-9.7006162,-10.719994
2026-03-02,GLD,2026-02-27,0.55660723,-6.70122,-8.9145699,-7.4248191,-8.5500239,-8.5500239,-11.008596,-10.766495,-10.280374,-9.6255617,-11.117432,-10.471605,-9.8511738,-10.789543
2026-04-01,GLD,2026-03-31,0.35534238,-7.5987761,-8.9198215,-8.3276362,-8.296771,-8.296771,-9.4469025,-10.310807,-8.9145699,-10.160095,-9.6952403,-10.379025,-9.8380912,-9.8380912
2026-05-01,GLD,2026-04-30,0.20288376,-8.7196732,-9.609578,-8.3946554,-8.8431903,-8.8431903,-9.3708726,-9.6601804,-10.711067,-9.7964046,-9.0851914,-10.671427,-11.246881,-10.379025
2026-06-01,GLD,2026-05-29,0.1943978,-8.8051265,-9.5685377,-7.999568,-8.8596558,-8.8596558,-10.518753,-10.450656,-10.380335,-11.027809,-11.053712,-10.518753,-9.3299896,-10.332266
2026-07-01,GLD,2026-06-30,0.29549297,-7.9676496,-9.3785303,-8.5573106,-8.7104263,-8.7104263,-10.210489,-11.00993,-10.267968,-7.6977184,-9.5267307,-10.150292,-10.706603,-10.232649
2026-08-03,GLD,2026-07-31,0.2095893,-8.6546399,-9.5910656,-8.4149413,-8.7856252,-8.7856252,-10.475558,-11.026287,-10.689343,-9.5220195,-11.1272,-10.105288,-9.4068212,-10.016849
