month,article_s0_gld,article_s0_gldw,article_s0_netexp,article_s0_ret,article_s0_spy,article_s1_gld,article_s1_gldw,article_s1_netexp,article_s1_ret,article_s1_spy,article_s42_gld,article_s42_gldw,article_s42_netexp,article_s42_ret,article_s42_spy,article_s7_gld,article_s7_gldw,article_s7_netexp,article_s7_ret,article_s7_spy,article_s99_gld,article_s99_gldw,article_s99_netexp,article_s99_ret,article_s99_spy,fixed_s0_gld,fixed_s0_gldw,fixed_s0_netexp,fixed_s0_ret,fixed_s0_spy,fixed_s1_gld,fixed_s1_gldw,fixed_s1_netexp,fixed_s1_ret,fixed_s1_spy,fixed_s42_gld,fixed_s42_gldw,fixed_s42_netexp,fixed_s42_ret,fixed_s42_spy,fixed_s7_gld,fixed_s7_gldw,fixed_s7_netexp,fixed_s7_ret,fixed_s7_spy,fixed_s99_gld,fixed_s99_gldw,fixed_s99_netexp,fixed_s99_ret,fixed_s99_spy,spy_gld,spy_gldw,spy_netexp,spy_ret,spy_spy,static_article_gld,static_article_gldw,static_article_netexp,static_article_ret,static_article_spy,static_fixed_gld,static_fixed_gldw,static_fixed_netexp,static_fixed_ret,static_fixed_spy
2008-01,0.1107468,0.4178566,0.8074777,0.05195321,-0.06133042,0.1107468,0.1952744,0.8074305,-0.02084129,-0.06133042,0.1107468,0.1217,0.8074225,-0.01009912,-0.06133042,0.1107468,0.4265002,0.8073843,0.008314114,-0.06133042,0.1107468,0.04731148,0.8074191,-0.02375264,-0.06133042,0.1107468,0.6002012,0.8074317,0.05151988,-0.06133042,0.1107468,0.6122595,0.8074005,0.06348948,-0.06133042,0.1107468,0.5919024,0.8074225,0.07085564,-0.06133042,0.1107468,0.3837456,0.8074023,0.03471044,-0.06133042,0.1107468,0.7607018,0.8073658,0.06726042,-0.06133042,0.1107468,0,0.8073013,-0.03016849,-0.06133042,0.1107468,0.4415413,0.8074086,0.02621582,-0.06133042,0.1107468,0.3648323,0.8074127,0.01634068,-0.06133042
2008-02,0.05149229,0.004782975,0.9974375,-0.03257514,-0.03048603,0.05149229,0.004780693,0.9974621,-0.03257447,-0.03048603,0.05149229,0.2435443,0.9974694,0.01243654,-0.03048603,0.05149229,0.6208123,0.9974715,-0.01087431,-0.03048603,0.05149229,0.004776546,0.9974126,-0.03257381,-0.03048603,0.05149229,0.9924485,0.9976472,0.05384362,-0.03048603,0.05149229,0.992386,0.9975823,0.05383672,-0.03048603,0.05149229,0.6426925,0.9977515,0.03197993,-0.03048603,0.05149229,0.3915281,0.9976655,0.02916146,-0.03048603,0.05149229,0.9924437,0.9976403,0.05384237,-0.03048603,0.05149229,0,0.9972368,-0.03040281,-0.03048603,0.05149229,0.5446528,0.9974235,0.01493509,-0.03048603,0.05149229,0.4499347,0.9974648,0.007164071,-0.03048603
2008-03,-0.0603036,0,0.9973496,-0.004917653,-0.004930607,-0.0603036,0,0.9973723,-0.004917765,-0.004930607,-0.0603036,0.5785073,0.9975396,0.07774359,-0.004930607,-0.0603036,0.638055,0.9975166,0.01052366,-0.004930607,-0.0603036,0,0.9973398,-0.004917606,-0.004930607,-0.0603036,0.9977637,0.9977637,-0.06017015,-0.004930607,-0.0603036,0.9976957,0.9976957,-0.06016609,-0.004930607,-0.0603036,0.1794797,0.9974664,-0.001151439,-0.004930607,-0.0603036,0.3338284,0.9974686,-0.07523639,-0.004930607,-0.0603036,0.9977574,0.9977574,-0.06016977,-0.004930607,-0.0603036,0,0.9971598,-0.004916726,-0.004930607,-0.0603036,0.5417637,0.9973823,-0.03184624,-0.004930607,-0.0603036,0.4470789,0.9974164,-0.02660897,-0.004930607
2008-04,-0.03972118,0.1192638,0.9975586,0.07198324,0.04918903,-0.03972118,0,0.9974724,0.04906027,0.04918903,-0.03972118,0.2472121,0.9974872,0.06208256,0.04918903,-0.03972118,0.5733801,0.9975013,0.001745584,0.04918903,-0.03972118,0.08519315,0.9974373,0.04627209,0.04918903,-0.03972118,0.8810369,0.9975307,-0.06018731,0.04918903,-0.03972118,0.9975624,0.9975624,-0.0396248,0.04918903,-0.03972118,0.5953772,0.9975193,0.003118252,0.04918903,-0.03972118,0.4237729,0.9974783,0.005960643,0.04918903,-0.03972118,0.9123323,0.9976338,-0.03742943,0.04918903,-0.03972118,0,0.9972679,0.04904986,0.04918903,-0.03972118,0.5386417,0.9974132,0.0009356281,0.04918903,-0.03972118,0.4439502,0.9973977,0.009361661,0.04918903
2008-05,0.006798018,0.8046592,0.9974504,0.03776325,0.01206386,0.006798018,0.7912541,0.9971001,0.04192172,0.01206386,0.006798018,0.4453842,0.9974731,0.05617573,0.01206386,0.006798018,0.6499438,0.9974642,-0.001701315,0.01206386,0.006798018,0.9383774,0.9985871,0.007245936,0.01206386,0.006798018,0.1947956,0.9973802,-0.01828946,0.01206386,0.006798018,0.2073775,0.9974607,-0.02205835,0.01206386,0.006798018,0.4767287,0.9974088,-0.03727949,0.01206386,0.006798018,0.348756,0.9973913,0.0213542,0.01206386,0.006798018,0.06062872,0.9974978,0.01194715,0.01206386,0.006798018,0,0.9973398,0.01203132,0.01206386,0.006798018,0.5437182,0.9974163,0.00986742,0.01206386,0.006798018,0.4489709,0.9974048,0.01036736,0.01206386
2008-06,0.04600595,0.6029362,0.9976812,0.009616815,-0.08295472,0.04600595,0.8865862,0.9974441,0.0312061,-0.08295472,0.04600595,0.269474,0.997479,-0.003818267,-0.08295472,0.04600595,0.5952849,0.9974954,0.01484291,-0.08295472,0.04600595,0.9384522,0.997097,0.0381672,-0.08295472,0.04600595,0.3947464,0.9974837,-0.05138489,-0.08295472,0.04600595,0.2263347,0.9974656,-0.05511739,-0.08295472,0.04600595,0.7292471,0.9974382,-0.03739335,-0.08295472,0.04600595,0.4014611,0.9974654,-0.05563877,-0.08295472,0.04600595,0.06071602,0.9973405,-0.07540662,-0.08295472,0.04600595,0,0.9972349,-0.08273365,-0.08295472,0.04600595,0.5454297,0.9973816,-0.01374397,-0.08295472,0.04600595,0.4506584,0.9973647,-0.02596661,-0.08295472
2008-07,-0.01477024,0.3544868,0.9974975,0.04608719,-0.007744055,-0.01477024,0.2127705,0.9974706,-0.009348583,-0.007744055,-0.01477024,0.07047452,0.9974324,-0.01061137,-0.007744055,-0.01477024,0.5623088,0.9975118,0.02818327,-0.007744055,-0.01477024,0.2109841,0.997465,-0.009327763,-0.007744055,-0.01477024,0.6428877,0.9975811,-0.0658333,-0.007744055,-0.01477024,0.7849307,0.9974309,-0.01306926,-0.007744055,-0.01477024,0.9264823,0.9974696,-0.01158479,-0.007744055,-0.01477024,0.2449307,0.9974921,-0.02716864,-0.007744055,-0.01477024,0.7867139,0.9973791,-0.01308257,-0.007744055,-0.01477024,0,0.997046,-0.007721556,-0.007744055,-0.01477024,0.5442342,0.9973755,-0.01102266,-0.007744055,-0.01477024,0.4494966,0.9973652,-0.01035477,-0.007744055
2008-08,-0.09261521,0.3187156,0.9974635,-0.03956532,0.01450532,-0.09261521,0.0488037,0.9973936,0.009293266,0.01450532,-0.09261521,0.2331397,0.997428,0.01018032,0.01450532,-0.09261521,0.5583581,0.9974029,-0.09230463,0.01450532,-0.09261521,0.04881621,0.9974448,0.009290322,0.01450532,-0.09261521,0.7821702,0.9974073,-0.07432841,0.01450532,-0.09261521,0.9464041,0.9973862,-0.08689122,0.01450532,-0.09261521,0.5516773,0.9973241,-0.1203615,0.01450532,-0.09261521,0.5697593,0.9973929,-0.09278276,0.01450532,-0.09261521,0.9463714,0.9973116,-0.08688684,0.01450532,-0.09261521,0,0.9971043,0.01446285,0.01450532,-0.09261521,0.5397484,0.9973877,-0.04350501,0.01450532,-0.09261521,0.4450269,0.9974247,-0.03334276,0.01450532
2008-09,0.04112104,0.5593885,0.9974388,-0.007221182,-0.08919205,0.04112104,0.05143839,0.9973273,-0.0825084,-0.08919205,0.04112104,0.6175581,0.9975251,0.01275612,-0.08919205,0.04112104,0.605841,0.9973515,-0.02769059,-0.08919205,0.04112104,0.05144647,0.9973633,-0.08250987,-0.08919205,0.04112104,0.4427237,0.9974357,-0.04361914,-0.08919205,0.04112104,0.9495118,0.9979294,0.03440304,-0.08919205,0.04112104,0.3952108,0.9973918,-0.06138269,-0.08919205,0.04112104,0.558327,0.9973178,-0.02778366,-0.08919205,0.04112104,0.9494923,0.9978891,0.03440147,-0.08919205,0.04112104,0,0.9969756,-0.08893463,-0.08919205,0.04112104,0.5514472,0.9973708,-0.01824663,-0.08919205,0.04112104,0.4567059,0.9973513,-0.03061761,-0.08919205
2008-10,-0.1613965,0.4768177,0.9974651,-0.1702705,-0.1665523,-0.1613965,0.09193881,0.997498,-0.1807526,-0.1665523,-0.1613965,0.2588297,0.9973734,-0.169768,-0.1665523,-0.1613965,0.6019463,0.9975728,-0.0477569,-0.1665523,-0.1613965,0.02077897,0.9973482,-0.157545,-0.1665523,-0.1613965,0.4966597,0.9973329,-0.1488257,-0.1665523,-0.1613965,0.9025739,0.9973047,-0.1443811,-0.1665523,-0.1613965,0.6850509,0.9973566,-0.1661267,-0.1665523,-0.1613965,0.3877124,0.9973982,-0.2641157,-0.1665523,-0.1613965,0.9789316,0.9972932,-0.1688196,-0.1665523,-0.1613965,0,0.9962004,-0.1660246,-0.1665523,-0.1613965,0.5445898,0.9973234,-0.1594511,-0.1665523,-0.1613965,0.4499334,0.9973172,-0.1599476,-0.1665523
2008-11,0.1240538,0.0253287,0.9972309,-0.07296441,-0.07525996,0.1240538,0,0.9977116,-0.07510299,-0.07525996,0.1240538,0.2308901,0.9974373,0.05889694,-0.07525996,0.1240538,0.02277763,0.9972723,-0.07049862,-0.07525996,0.1240538,0,0.9972794,-0.07507335,-0.07525996,0.1240538,0.9674388,0.9977225,0.1203797,-0.07525996,0.1240538,0.9971889,0.9971889,0.1236922,-0.07525996,0.1240538,0.7686186,0.9975693,-0.01599317,-0.07525996,0.1240538,0.9750036,0.9974116,0.1183468,-0.07525996,0.1240538,0.997169,0.997169,0.1236896,-0.07525996,0.1240538,0,0.9958329,-0.07497408,-0.07525996,0.1240538,0.5489581,0.9973605,0.0338737,-0.07525996,0.1240538,0.4543231,0.9973878,0.01494519,-0.07525996
2008-12,0.07931163,0,0.9972201,0.01381238,0.01385016,0.07931163,0,0.9977018,0.01381893,0.01385016,0.07931163,0.3140431,0.9976865,0.06308163,0.01385016,0.07931163,0.01112343,0.9973252,0.01679119,0.01385016,0.07931163,0,0.9972679,0.01381303,0.01385016,0.07931163,0.9979326,0.9979326,0.07914663,0.01385016,0.07931163,0.997422,0.997422,0.07910588,0.01385016,0.07931163,0.6858417,0.9974891,0.02914333,0.01385016,0.07931163,0.9869019,0.9975429,0.0760335,0.01385016,0.07931163,0.9974038,0.9974038,0.07910442,0.01385016,0.07931163,0,0.9958152,0.01379329,0.01385016,0.07931163,0.5469555,0.9974547,0.05073247,0.01385016,0.07931163,0.4522156,0.9974035,0.04451544,0.01385016
2009-01,0.05499711,0,0.9971996,-0.0843512,-0.08457877,0.05499711,0,0.9976849,-0.08439064,-0.08457877,0.05499711,0,0.9977056,-0.08439232,-0.08457877,0.05499711,0.1995257,0.997527,-0.05469239,-0.08457877,0.05499711,0,0.9972477,-0.08435511,-0.08457877,0.05499711,0.9980278,0.9980278,0.05489108,-0.08457877,0.05499711,0.9975407,0.9975407,0.05486489,-0.08457877,0.05499711,0.9975736,0.9975736,0.05486666,-0.08457877,0.05499711,0.9973762,0.9973762,0.05485605,-0.08457877,0.05499711,0.9975233,0.9975233,0.05486396,-0.08457877,0.05499711,0,0.9957844,-0.08423618,-0.08457877,0.05499711,0.5456368,0.9974116,-0.008492399,-0.08457877,0.05499711,0.4508878,0.9973945,-0.02173905,-0.08457877
2009-02,0.01445625,0,0.9970005,-0.1056265,-0.1059378,0.01445625,0,0.9975202,-0.1056805,-0.1059378,0.01445625,0.1809064,0.9975937,-0.09151121,-0.1059378,0.01445625,0.6286822,0.9977413,0.08789922,-0.1059378,0.01445625,0,0.997052,-0.1056319,-0.1059378,0.01445625,0.9981952,0.9981952,0.01442983,-0.1059378,0.01445625,0.9977493,0.9977493,0.0144233,-0.1059378,0.01445625,0.8173856,0.9976875,-0.001791229,-0.1059378,0.01445625,0.8952464,0.9975564,0.005180278,-0.1059378,0.01445625,0.9977334,0.9977334,0.01442307,-0.1059378,0.01445625,0,0.9963641,-0.105624,-0.1059378,0.01445625,0.5482128,0.9974383,-0.03831755,-0.1059378,0.01445625,0.4534702,0.9974256,-0.04973893,-0.1059378
2009-03,-0.02536975,0.04176259,0.9968254,0.08662569,0.08223082,-0.02536975,0.04175867,0.9973546,0.08667375,0.08223082,-0.02536975,0.2347845,0.9978131,0.06464202,0.08223082,-0.02536975,0.6478514,0.9975142,0.03026346,0.08223082,-0.02536975,0.6266107,0.9972081,-0.06108663,0.08223082,-0.02536975,0.9564594,0.9981342,-0.02997052,0.08223082,-0.02536975,0.9560273,0.997704,-0.02995827,0.08223082,-0.02536975,0.7599024,0.9975594,-0.0104753,0.08223082,-0.02536975,0.8091907,0.9974089,-0.01473127,0.08223082,-0.02536975,0.3621111,0.99763,0.1272342,0.08223082,-0.02536975,0,0.9972964,0.08200356,0.08223082,-0.02536975,0.5367155,0.9973939,0.02556244,0.08223082,-0.02536975,0.4420646,0.9974491,0.0357594,0.08223082
2009-04,-0.03334072,0.8982496,0.9975009,-0.02218889,0.1020896,-0.03334072,0.8944675,0.9974732,-0.02208128,0.1020896,-0.03334072,0.6909168,0.9974538,0.06655884,0.1020896,-0.03334072,0.8555321,0.9975236,-0.01903181,0.1020896,-0.03334072,0.8953472,0.9973592,-0.02130376,0.1020896,-0.03334072,0.09832719,0.9974218,0.09033884,0.1020896,-0.03334072,0.1021976,0.9974676,0.09025022,0.1020896,-0.03334072,0.306278,0.9975399,-0.001315409,0.1020896,-0.03334072,0.334963,0.9974964,0.06070344,0.1020896,-0.03334072,0.1003579,0.9974907,0.08926697,0.1020896,-0.03334072,0,0.9975971,0.1018289,0.1020896,-0.03334072,0.5415117,0.997419,0.02747934,0.1020896,-0.03334072,0.4467973,0.9974366,0.04031558,0.1020896
2009-05,0.1024407,0.9508885,0.9974669,0.1049458,0.05551114,0.1024407,0.9829818,0.9975136,0.1018415,0.05551114,0.1024407,0.7929277,0.9975014,0.1059104,0.05551114,0.1024407,0.8349413,0.9974948,0.1070549,0.05551114,0.1024407,0.9892372,0.997555,0.1019883,0.05551114,0.1024407,0.04417946,0.9975074,0.05265023,0.05551114,0.1024407,0.01341143,0.9975401,0.05559789,0.05551114,0.1024407,0.2034645,0.9974909,0.05149394,0.05551114,0.1024407,0.08284198,0.9975043,0.05510566,0.05551114,0.1024407,0.007639207,0.9975211,0.05549902,0.05551114,0.1024407,0,0.9977506,0.05538245,0.05551114,0.1024407,0.5426511,0.9974499,0.08100986,0.05551114,0.1024407,0.4478766,0.9974226,0.07655812,0.05551114
2009-06,-0.05228147,0.9975533,0.9975533,-0.05215772,0.0003249025,-0.05228147,0.9975818,0.9975818,-0.05215916,0.0003249025,-0.05228147,0.325904,0.9974533,-0.03895574,0.0003249025,-0.05228147,0.7345808,0.9975459,-0.03474073,0.0003249025,-0.05228147,0.9976353,0.9976353,-0.05216186,0.0003249025,-0.05228147,0,0.9976031,0.0003241185,0.0003249025,-0.05228147,0,0.9976104,0.0003241209,0.0003249025,-0.05228147,0.3640404,0.9975228,-0.02661405,0.0003249025,-0.05228147,0.3400788,0.9974738,-0.04182676,0.0003249025,-0.05228147,0,0.9975917,0.0003241148,0.0003249025,-0.05228147,0,0.9978179,0.0003241888,0.0003249025,-0.05228147,0.5440299,0.9974408,-0.02836964,0.0003249025,-0.05228147,0.4492676,0.9973998,-0.02338953,0.0003249025
2009-07,0.02379908,0.9975159,0.9975159,0.02373965,0.07495648,0.02379908,0.9975448,0.9975448,0.02374034,0.07495648,0.02379908,0.788155,0.9976521,0.03154718,0.07495648,0.02379908,0.3490546,0.9975529,0.07145791,0.07495648,0.02379908,0.9975991,0.9975991,0.02374164,0.07495648,0.02379908,0,0.9976206,0.07477569,0.07495648,0.02379908,0,0.9976279,0.07477624,0.07495648,0.02379908,0.2076593,0.9974409,0.06590016,0.07495648,0.02379908,0.2764831,0.9974491,0.04993621,0.07495648,0.02379908,0,0.9976092,0.07477483,0.07495648,0.02379908,0,0.9978338,0.07479189,0.07495648,0.02379908,0.539861,0.9974483,0.04690808,0.07495648,0.02379908,0.4450861,0.9973798,0.05174872,0.07495648
2009-08,0.0005356186,0.9975568,0.9975568,0.0005343121,0.03785042,0.0005356186,0.9975853,0.9975853,0.0005343273,0.03785042,0.0005356186,0.909771,0.997525,-0.0009826987,0.03785042,0.0005356186,0.7117655,0.9974365,0.0008558699,0.03785042,0.0005356186,0.9976387,0.9976387,0.0005343558,0.03785042,0.0005356186,0,0.9978055,0.03776548,0.03785042,0.0005356186,0,0.9978122,0.03776574,0.03785042,0.0005356186,0.1497785,0.9976392,0.03986011,0.03785042,0.0005356186,0.07048719,0.9974633,0.03425551,0.03785042,0.0005356186,0,0.997795,0.03776507,0.03785042,0.0005356186,0,0.9980022,0.03777309,0.03785042,0.0005356186,0.5428723,0.9974127,0.01740556,0.03785042,0.0005356186,0.4481108,0.9974087,0.02094128,0.03785042
2009-09,0.05835118,0.9976666,0.9976666,0.05820891,0.03425454,0.05835118,0.9976938,0.9976938,0.05821057,0.03425454,0.05835118,0.9977144,0.9977144,0.05821183,0.03425454,0.05835118,0.9975693,0.9975693,0.05820298,0.03425454,0.05835118,0.9977448,0.9977448,0.05821368,0.03425454,0.05835118,0,0.9978812,0.03418046,0.03425454,0.05835118,0,0.9978877,0.03418069,0.03425454,0.05835118,0,0.9977082,0.03417442,0.03425454,0.05835118,0,0.9974656,0.03416594,0.03425454,0.05835118,0,0.9978711,0.03418011,0.03425454,0.05835118,0,0.9980712,0.03418711,0.03425454,0.05835118,0.5443924,0.9974258,0.04771104,0.03425454,0.05835118,0.4496265,0.9973787,0.04542211,0.03425454
2009-10,0.03692463,0.9977722,0.9977722,0.03683956,-0.01894657,0.03692463,0.7822067,0.9976753,0.05055868,-0.01894657,0.03692463,0.9380984,0.9977499,0.02480074,-0.01894657,0.03692463,0.9976793,0.9976793,0.03683601,-0.01894657,0.03692463,0.9978469,0.9978469,0.03684241,-0.01894657,0.03692463,0,0.9979348,-0.01890695,-0.01894657,0.03692463,0.01126265,0.9976149,-0.01959892,-0.01894657,0.03692463,0.0600282,0.9977007,-0.007213729,-0.01894657,0.03692463,0,0.9975297,-0.01889918,-0.01894657,0.03692463,0,0.9979249,-0.01890676,-0.01894657,0.03692463,0,0.9981199,-0.0189105,-0.01894657,0.03692463,0.5453513,0.9974494,0.01140734,-0.01894657,0.03692463,0.4505581,0.9974384,0.006109761,-0.01894657
2009-11,0.1282927,0.8618961,0.9975636,0.1147542,0.06102742,0.1282927,0.8368338,0.9974485,0.113492,0.06102742,0.1282927,0.7472214,0.997579,0.09338239,0.06102742,0.1282927,0.4899496,0.9975011,0.1055366,0.06102742,0.1282927,0.6480478,0.9975254,0.1152606,0.06102742,0.1282927,0.136596,0.9975731,0.07354513,0.06102742,0.1282927,0.3172129,0.9975701,0.08369935,0.06102742,0.1282927,0.2523888,0.9975419,0.09382936,0.06102742,0.1282927,0.5089066,0.9974906,0.08190276,0.06102742,0.1282927,0.3507941,0.997535,0.07248006,0.06102742,0.1282927,0,0.9981514,0.06090901,0.06102742,0.1282927,0.5447617,0.997446,0.09708771,0.06102742,0.1282927,0.4499927,0.9974431,0.09071733,0.06102742
2009-12,-0.07211414,0.6758061,0.997451,-0.04351886,0.01965983,-0.07211414,0.7014756,0.9973978,-0.04778539,0.01965983,-0.07211414,0.768482,0.9974367,-0.04625298,0.01965983,-0.07211414,0.6780443,0.9974246,-0.04396014,0.01965983,-0.07211414,0.659952,0.9973536,-0.03945494,0.01965983,-0.07211414,0.3203199,0.9974089,-0.01022952,0.01965983,-0.07211414,0.2943308,0.9974191,-0.005862241,0.01965983,-0.07211414,0.227169,0.9974568,-0.007431141,0.01965983,-0.07211414,0.3180896,0.9974586,-0.009783992,0.01965983,-0.07211414,0.3362866,0.9974514,-0.0143826,0.01965983,-0.07211414,0,0.9981962,0.01962388,0.01965983,-0.07211414,0.5424787,0.9974068,-0.03103398,0.01965983,-0.07211414,0.4477442,0.9974084,-0.02233575,0.01965983
2010-01,-0.01258037,0.7688071,0.9973999,-0.02308298,-0.0365219,-0.01258037,0.638535,0.9974332,-0.0272902,-0.0365219,-0.01258037,0.7849824,0.9974214,-0.02215017,-0.0365219,-0.01258037,0.7657585,0.9974131,-0.02314699,-0.0365219,-0.01258037,0.6631895,0.9973534,-0.02046466,-0.0365219,-0.01258037,0.228074,0.9974232,-0.02617254,-0.0365219,-0.01258037,0.3571572,0.9974594,-0.02224258,-0.0365219,-0.01258037,0.2116763,0.997392,-0.02712363,-0.0365219,-0.01258037,0.2302856,0.9974228,-0.02608297,-0.0365219,-0.01258037,0.332515,0.9974605,-0.02905221,-0.0365219,-0.01258037,0,0.9982245,-0.03645639,-0.0365219,-0.01258037,0.5425937,0.9973858,-0.02344809,-0.0365219,-0.01258037,0.4478456,0.997381,-0.02571752,-0.0365219
2010-02,0.03274821,0.3798403,0.9973747,0.03129207,0.03157307,0.03274821,0.3798435,0.9973662,0.03129098,0.03157307,0.03274821,0.591792,0.9975694,0.02941312,0.03157307,0.03274821,0.3647647,0.9974533,0.0249643,0.03157307,0.03274821,0.352652,0.9973367,0.03408957,0.03157307,0.03274821,0.6161207,0.9973971,0.03296765,0.03157307,0.03274821,0.616138,0.9974343,0.03296962,0.03157307,0.03274821,0.4047701,0.9973909,0.03456203,0.03157307,0.03274821,0.4634577,0.9974359,0.02106807,0.03157307,0.03274821,0.6435393,0.9974215,0.03016082,0.03157307,0.03274821,0,0.9981654,0.03151429,0.03157307,0.03274821,0.5437178,0.9984219,0.03227988,0.03157307,0.03274821,0.4489621,0.9984081,0.03216837,0.03157307
2010-03,-0.004386366,0.5131126,0.9974549,0.04105858,0.06060148,-0.004386366,0.5109039,0.9974253,0.04118697,0.06060148,-0.004386366,0.4461574,0.9974726,0.03726675,0.06060148,-0.004386366,0.5368748,0.9974548,0.0392757,0.06060148,-0.004386366,0.5109487,0.997409,0.04118296,0.06060148,-0.004386366,0.4818424,0.9974552,0.01406216,0.06060148,-0.004386366,0.4840461,0.9974814,0.01394079,0.06060148,-0.004386366,0.5476207,0.9974265,0.0178775,0.06060148,-0.004386366,0.4570728,0.9975222,0.01572102,0.06060148,-0.004386366,0.4840318,0.9974748,0.01394031,0.06060148,-0.004386366,0,0.9982666,0.06049211,0.06060148,-0.004386366,0.5414099,0.9974384,0.02481144,0.06060148,-0.004386366,0.4466294,0.9974306,0.03096993,0.06060148
2010-04,0.0590179,0.8172138,0.9974612,0.04877342,0.01598427,0.0590179,0.817163,0.9974041,0.04877043,0.01598427,0.0590179,0.5644284,0.9974839,0.05267534,0.01598427,0.0590179,0.7944154,0.9974603,0.0501624,0.01598427,0.0590179,0.8217859,0.9974105,0.04871939,0.01598427,0.0590179,0.1816617,0.9974558,0.02619114,0.01598427,0.0590179,0.1816601,0.9974766,0.02619545,0.01598427,0.0590179,0.3250057,0.9974207,0.03090141,0.01598427,0.0590179,0.203519,0.9974439,0.02475031,0.01598427,0.0590179,0.1767478,0.9974525,0.02621014,0.01598427,0.0590179,0,0.9983374,0.01595707,0.01598427,0.0590179,0.5442648,0.9974272,0.03941996,0.01598427,0.0590179,0.4495315,0.9974733,0.03534583,0.01598427
2010-05,0.03050789,0.2535492,0.9974115,-0.0533408,-0.0792529,0.03050789,0.2684689,0.9973346,-0.05247203,-0.0792529,0.03050789,0.4835127,0.9974374,-0.01763962,-0.0792529,0.03050789,0.3057268,0.9973792,-0.05001675,-0.0792529,0.03050789,0.2684345,0.9972952,-0.05246893,-0.0792529,0.03050789,0.7514442,0.997437,0.002880846,-0.0792529,0.03050789,0.7364972,0.9974319,0.00201363,-0.0792529,0.03050789,0.6062301,0.9973559,-0.02061996,-0.0792529,0.03050789,0.6996841,0.9974182,-0.0005279688,-0.0792529,0.03050789,0.7365255,0.9974659,0.002011861,-0.0792529,0.03050789,0,0.9982399,-0.07912015,-0.0792529,0.03050789,0.5486203,0.9974131,-0.02044909,-0.0792529,0.03050789,0.4538631,0.9973895,-0.03084697,-0.0792529
2010-06,0.02338099,0.1161429,0.9973674,-0.0457374,-0.0523475,0.02338099,0.1414189,0.9974223,-0.04316343,-0.0523475,0.02338099,0.4397728,0.9974596,-0.06512309,-0.0523475,0.02338099,0.5270682,0.9974912,-0.01667625,-0.0523475,0.02338099,0.1161149,0.9973255,-0.04573998,-0.0523475,0.02338099,0.8824011,0.997416,0.01672746,-0.0523475,0.02338099,0.857791,0.997439,0.01409719,-0.0523475,0.02338099,0.5585543,0.9974704,0.03707742,-0.0523475,0.02338099,0.472583,0.9974083,-0.01371374,-0.0523475,0.02338099,0.8824143,0.9974447,0.0167319,-0.0523475,0.02338099,0,0.9981749,-0.05225228,-0.0523475,0.02338099,0.5458007,0.9973637,-0.01120769,-0.0523475,0.02338099,0.4510781,0.9974433,-0.01838324,-0.0523475
2010-07,-0.05087114,0.058377,0.9971703,0.06031721,0.06830072,-0.05087114,0.05855768,0.9973708,0.06027242,0.06830072,-0.05087114,0.6461463,0.9973904,0.01969707,0.06830072,-0.05087114,0.2717831,0.9974971,0.03867148,0.06830072,-0.05087114,0.02127811,0.9974536,0.0629994,0.06830072,-0.05087114,0.9372918,0.9976331,-0.04369074,0.06830072,-0.05087114,0.93731,0.9973976,-0.04365382,0.06830072,-0.05087114,0.9386557,0.9973315,-0.04400628,0.06830072,-0.05087114,0.7239423,0.997426,-0.02438427,0.06830072,-0.05087114,0.975987,0.9974299,-0.04620962,0.06830072,-0.05087114,0,0.9981602,0.06816963,0.06830072,-0.05087114,0.5409692,0.997373,0.001703019,0.06830072,-0.05087114,0.4462046,0.9973589,0.01299177,0.06830072
2010-08,0.05697463,0.02509875,0.9974091,-0.04087466,-0.04352952,0.05697463,0.01521527,0.9973588,-0.04289512,-0.04352952,0.05697463,0.3538894,0.9975026,-0.02956041,-0.04352952,0.05697463,0.4272675,0.9975507,-0.01197842,-0.04352952,0.05697463,0,0.9975317,-0.0434231,-0.04352952,0.05697463,0.9727148,0.9974578,0.05417823,-0.04352952,0.05697463,0.9818931,0.9974679,0.05622396,-0.04352952,0.05697463,0.8023697,0.9973956,0.05387478,-0.04352952,0.05697463,0.5731721,0.9974253,0.02282164,-0.04352952,0.05697463,0.9974993,0.9974993,0.05682814,-0.04352952,0.05697463,0,0.9981859,-0.04345131,-0.04352952,0.05697463,0.5462253,0.9974489,0.0107335,-0.04352952,0.05697463,0.4514743,0.9974325,0.001212921,-0.04352952
2010-09,0.0478414,0.1311958,0.9975363,0.1009326,0.08780396,0.0478414,0.1386953,0.9974673,0.09921168,0.08780396,0.0478414,0.2714751,0.997479,0.08481107,0.08780396,0.0478414,0.4447844,0.9976121,0.06647761,0.08780396,0.0478414,0.361537,0.9973712,0.0997029,0.08780396,0.0478414,0.8665219,0.9975459,0.03468186,0.08780396,0.0478414,0.8587952,0.9974945,0.03628309,0.08780396,0.0478414,0.6514718,0.9974897,0.04268537,0.08780396,0.0478414,0.6394878,0.9974625,0.07459978,0.08780396,0.0478414,0.6362306,0.997664,0.03584092,0.08780396,0.0478414,0,0.9982352,0.08763904,0.08780396,0.0478414,0.5436517,0.9974406,0.06584032,0.08780396,0.0478414,0.4488909,0.9974432,0.06962984,0.08780396
2010-10,0.03697913,0.9070152,0.9974692,0.03691153,0.03864353,0.03697913,0.9039865,0.9973968,0.03700582,0.03864353,0.03697913,0.8066536,0.9974753,0.03536448,0.03864353,0.03697913,0.7556423,0.9974509,0.03507146,0.03864353,0.03697913,0.9183164,0.9973091,0.03700856,0.03864353,0.03697913,0.09093761,0.997494,0.03856944,0.03864353,0.03697913,0.09365746,0.9974698,0.03850988,0.03864353,0.03697913,0.1416016,0.997431,0.03882297,0.03864353,0.03697913,0.1950929,0.9973763,0.03919242,0.03864353,0.03697913,0.08056455,0.9978908,0.03842587,0.03864353,0.03697913,0,0.9983156,0.0385768,0.03864353,0.03697913,0.5438073,0.9974942,0.03779096,0.03864353,0.03697913,0.448974,0.9974121,0.03794549,0.03864353
2010-11,0.02095899,0.9031014,0.9973912,0.0190782,-0.0004218341,0.02095899,0.9086439,0.9975087,0.01901539,-0.0004218341,0.02095899,0.495497,0.9974831,-0.005958233,-0.0004218341,0.02095899,0.6990622,0.9975282,0.02349208,-0.0004218341,0.02095899,0.9178831,0.997363,0.0192121,-0.0004218341,0.02095899,0.09557334,0.997394,0.001418711,-0.0004218341,0.02095899,0.09064079,0.9974503,0.001526294,-0.0004218341,0.02095899,0.5011821,0.9974708,0.02633187,-0.0004218341,0.02095899,0.494747,0.9974119,0.02563417,-0.0004218341,0.02095899,0.08007327,0.9979446,0.001299189,-0.0004218341,0.02095899,0,0.9983595,-0.0004211327,-0.0004218341,0.02095899,0.5435288,0.9973919,0.01122251,-0.0004218341,0.02095899,0.4487802,0.9974304,0.009196813,-0.0004218341
2010-12,0.02436863,0.9608284,0.9974654,0.02858919,0.06719683,0.02436863,0.9814247,0.9974681,0.02554219,0.06719683,0.02436863,0.6396552,0.9974703,0.05138779,0.06719683,0.02436863,0.6137624,0.997462,0.02674972,0.06719683,0.02436863,0.9648197,0.9973783,0.02810892,0.06719683,0.02436863,0.03676626,0.9974588,0.06249489,0.06719683,0.02436863,0.01659885,0.9975223,0.06563343,0.06719683,0.02436863,0.3549161,0.9974323,0.03955936,0.06719683,0.02436863,0.3961012,0.9974058,0.04315523,0.06719683,0.02436863,0.03272052,0.997693,0.06302259,0.06719683,0.02436863,0,0.9984141,0.06708505,0.06719683,0.02436863,0.542024,0.9973957,0.04364173,0.06719683,0.02436863,0.4472712,0.9974217,0.04770419,0.06719683
2011-01,-0.06379758,0.9974484,0.9974484,-0.06364134,0.02297663,-0.06379758,0.9974007,0.9974007,-0.06363842,0.02297663,-0.06379758,0.891419,0.997427,-0.056924,0.02297663,-0.06379758,0.6500104,0.9975187,-0.03507258,0.02297663,-0.06379758,0.9973093,0.9973093,-0.06363282,0.02297663,-0.06379758,0,0.9975297,0.02291881,0.02297663,-0.06379758,0,0.9976057,0.02292059,0.02297663,-0.06379758,0.2590543,0.997441,0.00834707,0.02297663,-0.06379758,0.3706865,0.9974274,-0.003413883,0.02297663,-0.06379758,0,0.9975546,0.02291939,0.02297663,-0.06379758,0,0.9984696,0.02294081,0.02297663,-0.06379758,0.540146,0.9974008,-0.02500813,0.02297663,-0.06379758,0.4453896,0.9974018,-0.01678241,0.02297663
2011-02,0.06044506,0.9974554,0.9974554,0.06028697,0.03481775,0.06044506,0.9974079,0.9974079,0.06028402,0.03481775,0.06044506,0.4954215,0.9975261,0.06592732,0.03481775,0.06044506,0.5117046,0.9975788,0.04560846,0.03481775,0.06044506,0.9973167,0.9973167,0.06236981,0.03481775,0.06044506,0,0.997603,0.0347321,0.03481775,0.06044506,0,0.9976767,0.03473474,0.03481775,0.06044506,0.5017094,0.9974392,0.02904678,0.03481775,0.06044506,0.5281421,0.9975132,0.035198,0.03481775,0.06044506,0,0.9976272,0.03473297,0.03481775,0.06044506,0,0.998515,0.03476469,0.03481775,0.06044506,0.5440648,0.9974451,0.04868511,0.03481775,0.06044506,0.4492767,0.9974608,0.04625722,0.03481775
2011-03,0.01524833,0.8922082,0.9975393,0.009360112,-0.0004834014,0.01524833,0.9676258,0.9974801,0.01354687,-0.0004834014,0.01524833,0.9974747,0.9974747,0.01520957,-0.0004834014,0.01524833,0.6885234,0.9974996,-0.01054739,-0.0004834014,0.01524833,0.563824,0.9974826,-0.01996549,-0.0004834014,0.01524833,0.1054549,0.9975844,0.005058468,-0.0004834014,0.01524833,0.1002604,0.9976465,0.00478433,-0.0004834014,0.01524833,0,0.9973844,-0.0004821588,-0.0004834014,0.01524833,0.1186256,0.9974052,0.006328691,-0.0004834014,0.01524833,0,0.9976054,-0.0004822638,-0.0004834014,0.01524833,0,0.9985014,-0.0004826894,-0.0004834014,0.01524833,0.5446222,0.9974192,0.008235776,-0.0004834014,0.01524833,0.4498207,0.9973817,0.006744512,-0.0004834014
2011-04,0.08968674,0.196154,0.9974542,0.04181762,0.0304128,0.08968674,0.2808946,0.9974023,0.04000209,0.0304128,0.08968674,0.673709,0.9976055,0.0869179,0.0304128,0.08968674,0.2100373,0.9974362,0.0411953,0.0304128,0.08968674,0.4742044,0.9971987,0.05884649,0.0304128,0.08968674,0.8026488,0.997513,0.07776728,0.0304128,0.08968674,0.7717054,0.997479,0.07664954,0.0304128,0.08968674,0.3225245,0.9974072,0.03248493,0.0304128,0.08968674,0.788631,0.9974724,0.07838737,0.0304128,0.08968674,0.523368,0.9978182,0.06001841,0.0304128,0.08968674,0,0.9985317,0.03036799,0.0304128,0.08968674,0.5446917,0.9974321,0.06240666,0.0304128,0.08968674,0.4499196,0.9974364,0.05679011,0.0304128
2011-05,-0.01785245,0.49216,0.9974121,-0.009111569,-0.01208437,-0.01785245,0.3872586,0.9973418,-0.01629032,-0.01208437,-0.01785245,0.3455879,0.997465,-0.01752514,-0.01208437,-0.01785245,0.3734214,0.9974288,-0.01900205,-0.01208437,-0.01785245,0.5127762,0.9974202,-0.02274297,-0.01208437,-0.01785245,0.7847478,0.9974389,-0.01784409,-0.01208437,-0.01785245,0.6086998,0.9974933,-0.01394892,-0.01208437,-0.01785245,0.6505787,0.9974941,-0.01268733,-0.01208437,-0.01785245,0.784715,0.9973805,-0.01781978,-0.01208437,-0.01785245,0.6410768,0.9975495,-0.01104273,-0.01208437,-0.01785245,0,0.9985445,-0.01206709,-0.01208437,-0.01785245,0.5428933,0.9974344,-0.01515693,-0.01208437,-0.01785245,0.4481409,0.997416,-0.01460726,-0.01208437
2011-06,-0.0244587,0.2051717,0.9974123,-0.01541859,-0.01679611,-0.0244587,0.3456362,0.9974519,-0.00837972,-0.01679611,-0.0244587,0.2594508,0.9974073,-0.01504353,-0.01679611,-0.0244587,0.2605863,0.9974912,-0.01007828,-0.01679611,-0.0244587,0.415263,0.9973638,0.01058476,-0.01679611,-0.0244587,0.7510778,0.9974351,-0.02777949,-0.01679611,-0.0244587,0.6113048,0.9974071,-0.0328993,-0.01679611,-0.0244587,0.738262,0.9974381,-0.02577558,-0.01679611,-0.0244587,0.7366398,0.9974234,-0.03082647,-0.01679611,-0.0244587,0.8061525,0.9974431,-0.0250177,-0.01679611,-0.0244587,0,0.9984901,-0.0167718,-0.01679611,-0.0244587,0.5434143,0.997402,-0.02042586,-0.01679611,-0.0244587,0.4486872,0.9974116,-0.01969964,-0.01679611
2011-07,0.08514865,0.4906154,0.9974543,0.05223763,-0.02212624,0.08514865,0.4985584,0.9974748,0.05374415,-0.02212624,0.08514865,0.4296836,0.9975434,0.05164856,-0.02212624,0.08514865,0.4867844,0.997477,0.05249698,-0.02212624,0.08514865,0.5064198,0.9974338,0.01504087,-0.02212624,0.08514865,0.5065445,0.9974295,0.008518295,-0.02212624,0.08514865,0.498515,0.9974391,0.007009196,-0.02212624,0.08514865,0.7688028,0.9975111,0.04613141,-0.02212624,0.08514865,0.5107018,0.9974621,0.008246817,-0.02212624,0.08514865,0.4914805,0.9975138,0.0453692,-0.02212624,0.08514865,0,0.9985359,-0.02209367,-0.02212624,0.08514865,0.543488,0.9974439,0.0354495,-0.02212624,0.08514865,0.4487127,0.9974286,0.02528443,-0.02212624
2011-08,0.121457,0.2245366,0.997427,0.01307743,-0.05416505,0.121457,0.2244983,0.9973687,0.01307347,-0.05416505,0.121457,0.2708912,0.9976713,0.1254731,-0.05416505,0.121457,0.1528539,0.9973855,-0.01861437,-0.05416505,0.121457,0.07333388,0.9974104,-0.02794063,-0.05416505,0.121457,0.7853744,0.9974413,0.05463106,-0.05416505,0.121457,0.7853803,0.9974518,0.05463345,-0.05416505,0.121457,0.9124503,0.9974115,0.07869982,-0.05416505,0.121457,0.7016581,0.9974535,0.08297363,-0.05416505,0.121457,0.9318721,0.9975231,0.09524909,-0.05416505,0.121457,0,0.9983661,-0.05408351,-0.05416505,0.121457,0.550744,0.9973682,0.04325158,-0.05416505,0.121457,0.4560935,0.9974041,0.02658057,-0.05416505
2011-09,-0.1101604,0.07772682,0.997458,-0.06452417,-0.06803777,-0.1101604,0.03731958,0.997464,-0.05924658,-0.06803777,-0.1101604,0,0.997573,-0.0678778,-0.06803777,-0.1101604,0.1055071,0.9974514,-0.06848168,-0.06803777,-0.1101604,0,0.9975135,-0.06787388,-0.06803777,-0.1101604,0.917301,0.9973736,-0.1117832,-0.06803777,-0.1101604,0.9586189,0.9974238,-0.1171933,-0.06803777,-0.1101604,0.9972782,0.9972782,-0.1098696,-0.06803777,-0.1101604,0.8871632,0.9973682,-0.1075334,-0.06803777,-0.1101604,0.9973573,0.9973573,-0.1098781,-0.06803777,-0.1101604,0,0.998357,-0.06792948,-0.06803777,-0.1101604,0.537297,0.9973999,-0.08889487,-0.06803777,-0.1101604,0.4425752,0.9973851,-0.08488438,-0.06803777
2011-10,0.05857794,0.004339202,0.9976597,0.1107842,0.1085093,0.05857794,0,0.997556,0.1082281,0.1085093,0.05857794,0.2515264,0.9975379,0.1146316,0.1085093,0.05857794,0.1496651,0.99748,0.1179807,0.1085093,0.05857794,0,0.9975629,0.1199465,0.1085093,0.05857794,0.9932357,0.9974434,0.05608595,0.1085093,0.05857794,0.9972785,0.9972785,0.05841451,0.1085093,0.05857794,0.6265508,0.9972899,0.07150443,0.1085093,0.05857794,0.8488098,0.9974445,0.04941158,0.1085093,0.05857794,0.997191,0.997191,0.04668713,0.1085093,0.05857794,0,0.9983897,0.108324,0.1085093,0.05857794,0.5413411,0.997455,0.0815167,0.1085093,0.05857794,0.4465662,0.9974143,0.08624459,0.1085093
2011-11,0.01667264,0.6401975,0.9974041,0.00800553,-0.002710243,0.01667264,0.6411458,0.9973747,0.007731091,-0.002710243,0.01667264,0.4389507,0.9974757,-0.02378739,-0.002710243,0.01667264,0.7021192,0.9974169,0.01598453,-0.002710243,0.01667264,0.8670855,0.9973164,0.03974307,-0.002710243,0.01667264,0.3572193,0.9976493,0.005348438,-0.002710243,0.01667264,0.3562194,0.9975944,0.005628656,-0.002710243,0.01667264,0.6242398,0.9975126,0.04092262,-0.002710243,0.01667264,0.2983556,0.9974244,-0.001861997,-0.002710243,0.01667264,0.1309655,0.9967511,-0.02483565,-0.002710243,0.01667264,0,0.9984273,-0.002706068,-0.002710243,0.01667264,0.545494,0.9973687,0.008131954,-0.002710243,0.01667264,0.4507481,0.997382,0.006292081,-0.002710243
2011-12,-0.1066243,0.5775759,0.9974518,-0.06024775,0.00948161,-0.1066243,0.2474507,0.9974323,-0.01944817,0.00948161,-0.1066243,0.2634804,0.9974905,-0.02307198,0.00948161,-0.1066243,0.6511177,0.9974199,-0.06816807,0.00948161,-0.1066243,0.1833612,0.9973699,-0.01057993,0.00948161,-0.1066243,0.4170334,0.997419,-0.04000547,0.00948161,-0.1066243,0.6654752,0.9974197,-0.07243883,0.00948161,-0.1066243,0.7317616,0.9974318,-0.07663085,0.00948161,-0.1066243,0.4212331,0.9973962,-0.04030763,0.00948161,-0.1066243,0.3838588,0.9974405,-0.03589729,0.00948161,-0.1066243,0,0.9984515,0.009466962,0.00948161,-0.1066243,0.5399096,0.9974078,-0.05491491,0.00948161,-0.1066243,0.4451757,0.997405,-0.04391212,0.00948161
2012-01,0.1139549,0.8731806,0.9973761,0.1054532,0.04549801,0.1139549,0.7103808,0.9977261,0.09369694,0.04549801,0.1139549,0.2975015,0.9975231,0.07774737,0.04549801,0.1139549,0.6876209,0.9974369,0.09754604,0.04549801,0.1139549,0.8921282,0.9974992,0.1050425,0.04549801,0.1139549,0.1260765,0.9974006,0.05335964,0.04549801,0.1139549,0.2612747,0.9974637,0.06453108,0.04549801,0.1139549,0.7034213,0.9974244,0.08013395,0.04549801,0.1139549,0.3115476,0.9974148,0.06081216,0.04549801,0.1139549,0.1060455,0.9974834,0.05366877,0.04549801,0.1139549,0,0.9985197,0.04542838,0.04549801,0.1139549,0.5455881,0.9983192,0.08238465,0.04549801,0.1139549,0.450809,0.9983105,0.0758987,0.04549801
2012-02,-0.02964975,0.6848488,0.9974437,-0.02335087,0.04313696,-0.02964975,0.912466,0.9974497,-0.02869463,0.04313696,-0.02964975,0.6200666,0.997517,0.002132772,0.04313696,-0.02964975,0.3892481,0.9974355,-0.01032216,0.04313696,-0.02964975,0.8999069,0.9974352,-0.02218864,0.04313696,-0.02964975,0.1182374,0.9974093,0.03369283,0.04313696,-0.02964975,0.08555204,0.9974818,0.04219207,0.04313696,-0.02964975,0.3786322,0.9974581,0.01019467,0.04313696,-0.02964975,0.4141438,0.9974053,0.02028527,0.04313696,-0.02964975,0.09796522,0.9974675,0.03532838,0.04313696,-0.02964975,0,0.9985788,0.04307381,0.04313696,-0.02964975,0.5440126,0.99744,0.003369867,0.04313696,-0.02964975,0.4492301,0.997426,0.01026604,0.04313696
2012-03,-0.01308662,0.9789609,0.9973753,-0.01410218,0.03263451,-0.01308662,0.9651707,0.9974156,-0.009544303,0.03263451,-0.01308662,0.9195238,0.997465,-0.007962274,0.03263451,-0.01308662,0.8183828,0.9974293,-0.003263565,0.03263451,-0.01308662,0.9862254,0.9973435,-0.01368577,0.03263451,-0.01308662,0.01696164,0.997506,0.03352408,0.03263451,-0.01308662,0.03122062,0.9974534,0.02899054,0.03263451,-0.01308662,0.07442614,0.9974506,0.02735696,0.03263451,-0.01308662,0.173716,0.9974297,0.02256251,0.03263451,-0.01308662,0.01064729,0.9975421,0.03316314,0.03263451,-0.01308662,0,0.9986196,0.03258871,0.03263451,-0.01308662,0.5391077,0.9973825,0.007763409,0.03263451,-0.01308662,0.4444088,0.9974429,0.01209327,0.03263451
2012-04,-0.001603552,0.997341,0.997341,-0.001599339,-0.006750995,-0.001603552,0.9974279,0.9974279,-0.001599476,-0.006750995,-0.001603552,0.2719226,0.9974574,0.00726372,-0.006750995,-0.001603552,0.7256791,0.9973865,0.002898716,-0.006750995,-0.001603552,0.9872857,0.9974012,-0.001875292,-0.006750995,-0.001603552,0,0.9975175,-0.006734475,-0.006750995,-0.001603552,0,0.997425,-0.006733859,-0.006750995,-0.001603552,0.7248208,0.9974377,-0.01612673,-0.006750995,-0.001603552,0.2719308,0.997567,-0.01193161,-0.006750995,-0.001603552,0.009830107,0.9974906,-0.006488675,-0.006750995,-0.001603552,0,0.9986212,-0.006741819,-0.006750995,-0.001603552,0.542428,0.9973516,-0.003908109,-0.006750995,-0.001603552,0.4477042,0.9974262,-0.004396546,-0.006750995
2012-05,-0.06338028,0.7015696,0.9973469,-0.04041932,-0.05924018,-0.06338028,0.7150904,0.9973569,-0.04194782,-0.05924018,-0.06338028,0.3322233,0.9975308,-0.06147484,-0.05924018,-0.06338028,0.4915727,0.9975574,-0.02586165,-0.05924018,-0.06338028,0.6995622,0.9973916,-0.04016922,-0.05924018,-0.06338028,0.2946235,0.99754,-0.08177999,-0.05924018,-0.06338028,0.280876,0.9974416,-0.08026782,-0.05924018,-0.06338028,0.6621862,0.9974166,-0.06098061,-0.05924018,-0.06338028,0.3509515,0.9974096,-0.0822656,-0.05924018,-0.06338028,0.2970808,0.9975,-0.08202752,-0.05924018,-0.06338028,0,0.9985804,-0.05915912,-0.05924018,-0.06338028,0.5418788,0.9974013,-0.06085207,-0.05924018,-0.06338028,0.4471661,0.9974296,-0.0604628,-0.05924018
2012-06,0.02354571,0.3156173,0.9974525,0.01361277,0.04171827,0.02354571,0.4535757,0.9975283,-0.01576942,0.04171827,0.02354571,0.6094629,0.9975814,-0.02767847,0.04171827,0.02354571,0.5355621,0.9974603,0.01944094,0.04171827,0.02354571,0.0934262,0.9973384,0.03678421,0.04171827,0.02354571,0.5683332,0.9974573,0.08095586,0.04171827,0.02354571,0.6492286,0.9974485,0.06089789,0.04171827,0.02354571,0.3870879,0.9974549,0.09641848,0.04171827,0.02354571,0.3123215,0.9974097,0.03612437,0.04171827,0.02354571,0.9028352,0.9974472,0.02888985,0.04171827,0.02354571,0,0.998558,0.0416576,0.04171827,0.02354571,0.5429442,0.997411,0.03274917,0.04171827,0.02354571,0.4481868,0.9973737,0.0344703,0.04171827
2012-07,0.008699014,0.3518546,0.9974857,0.00398602,0.01056726,0.008699014,0.2909954,0.9974445,0.008659112,0.01056726,0.008699014,0.7516687,0.997519,0.008480612,0.01056726,0.008699014,0.4931056,0.9975079,0.009052108,0.01056726,0.008699014,0.05410195,0.9974161,0.01013869,0.01056726,0.008699014,0.8505869,0.9974575,0.009536699,0.01056726,0.008699014,0.7147641,0.9974879,0.008708618,0.01056726,0.008699014,0.2452403,0.9974261,0.01032274,0.01056726,0.008699014,0.3581599,0.997445,0.01266071,0.01056726,0.008699014,0.9424315,0.9974956,0.00905133,0.01056726,0.008699014,0,0.9986006,0.0105525,0.01056726,0.008699014,0.5440366,0.997425,0.00954554,0.01056726,0.008699014,0.449267,0.9973961,0.009721891,0.01056726
2012-08,0.04906094,0.7534161,0.9974251,0.06440258,0.02563358,0.04906094,0.7641908,0.9974069,0.04942324,0.02563358,0.04906094,0.7611567,0.9974818,0.03371815,0.02563358,0.04906094,0.3727409,0.9974823,0.06299083,0.02563358,0.04906094,0.5648378,0.9974634,0.06471674,0.02563358,0.04906094,0.2442806,0.9974478,0.01053267,0.02563358,0.04906094,0.233378,0.9974847,0.02484313,0.02563358,0.04906094,0.1357123,0.9974122,0.02911844,0.02563358,0.04906094,0.4984892,0.9974662,0.0109664,0.02563358,0.04906094,0.43296,0.9974595,0.01010351,0.02563358,0.04906094,0,0.9986462,0.02559816,0.02563358,0.04906094,0.54413,0.9974527,0.03847707,0.02563358,0.04906094,0.4493452,0.9974259,0.03625411,0.02563358
2012-09,0.04749726,0.9217332,0.9974498,0.0457455,0.02448398,0.04749726,0.9216664,0.997435,0.04574264,0.02448398,0.04749726,0.8840221,0.9974977,0.04582636,0.02448398,0.04749726,0.3385683,0.9975653,0.02926519,0.02448398,0.04749726,0.9216788,0.9974216,0.04574344,0.02448398,0.04749726,0.07641346,0.9974458,0.02602768,0.02448398,0.04749726,0.07645133,0.9974638,0.02602951,0.02448398,0.04749726,0.08388654,0.9974526,0.02597537,0.02448398,0.04749726,0.2345078,0.9974129,0.029051,0.02448398,0.04749726,0.07643816,0.9974466,0.02602739,0.02448398,0.04749726,0,0.9986857,0.02445099,0.02448398,0.04749726,0.5450982,0.9975261,0.03693054,0.02448398,0.04749726,0.4503098,0.9974614,0.0347474,0.02448398
2012-10,-0.02999651,0.6855122,0.9973744,-0.02413871,-0.01910651,-0.02999651,0.6855284,0.9973758,-0.02414021,-0.01910651,-0.02999651,0.4931323,0.9974693,-0.03120392,-0.01910651,-0.02999651,0.4536595,0.9974661,-0.02808128,-0.01910651,-0.02999651,0.7044501,0.9973692,-0.02511769,-0.01910651,-0.02999651,0.3122461,0.9974849,-0.02559749,-0.01910651,-0.02999651,0.3122767,0.9975146,-0.02559913,-0.01910651,-0.02999651,0.5045035,0.9974085,-0.0236591,-0.01910651,-0.02999651,0.5486271,0.9974093,-0.02837291,-0.01910651,-0.02999651,0.2931563,0.9975037,-0.02456778,-0.01910651,-0.02999651,0,0.998685,-0.01908138,-0.01910651,-0.02999651,0.5432292,0.9973837,-0.02493234,-0.01910651,-0.02999651,0.4484647,0.9973822,-0.02390229,-0.01910651
2012-11,-0.004854369,0.1161196,0.9974644,-0.001050523,0.006233178,-0.004854369,0.1977845,0.9974191,-0.01422813,0.006233178,-0.004854369,0.2714352,0.9974401,0.004971395,0.006233178,-0.004854369,0.8299587,0.9974197,0.008341331,0.006233178,-0.004854369,0.07466403,0.9974029,0.005682998,0.006233178,-0.004854369,0.88081,0.9973961,0.002717368,0.006233178,-0.004854369,0.8789401,0.9974408,0.003026083,0.006233178,-0.004854369,0.5611493,0.9975035,0.009290852,0.006233178,-0.004854369,0.4490685,0.9975047,0.02103975,0.006233178,-0.004854369,0.9229993,0.9974024,-0.004067553,0.006233178,-0.004854369,0,0.9986454,0.006224821,0.006233178,-0.004854369,0.5439259,0.9974048,0.0006401289,0.006233178,-0.004854369,0.4491612,0.9973691,0.001689469,0.006233178
2012-12,-0.02433002,0.3902023,0.9974143,-0.01645866,0.01035239,-0.02433002,0.5075797,0.9974121,0.007833411,0.01035239,-0.02433002,0.4750338,0.9974698,-0.02228051,0.01035239,-0.02433002,0.5378613,0.9974238,-0.02536018,0.01035239,-0.02433002,0.05214848,0.9982478,-0.003980844,0.01035239,-0.02433002,0.5727744,0.9974466,0.001716736,0.01035239,-0.02433002,0.3330336,0.9974476,-0.005248088,0.01035239,-0.02433002,0.320438,0.9974465,0.01860088,0.01035239,-0.02433002,0.5618439,0.9974243,0.004752112,0.01035239,-0.02433002,0.9439301,0.9977969,-0.0105206,0.01035239,-0.02433002,0,0.9986748,0.0103386,0.01035239,-0.02433002,0.5412489,0.9973891,-0.008460566,0.01035239,-0.02433002,0.4465129,0.9973885,-0.005176539,0.01035239
2013-01,-0.004999691,0.5211314,0.9975336,0.01610624,0.05037889,-0.004999691,0.5289047,0.9975321,0.0191572,0.05037889,-0.004999691,0.8954883,0.9974786,0.002057453,0.05037889,-0.004999691,0.5271248,0.9975619,0.01938442,0.05037889,-0.004999691,0.6891294,0.997477,-0.007792861,0.05037889,-0.004999691,0.3728404,0.9974153,0.02137644,0.05037889,-0.004999691,0.4671558,0.9975112,0.02481172,0.05037889,-0.004999691,0.1003145,0.9974189,0.04321702,0.05037889,-0.004999691,0.4691437,0.9974875,0.02452781,0.05037889,-0.004999691,0.3072668,0.9975093,0.0529232,0.05037889,-0.004999691,0,0.9987261,0.05031246,0.05037889,-0.004999691,0.5426077,0.9974818,0.02018672,0.05037889,-0.004999691,0.447849,0.9982962,0.02547796,0.05037889
2013-02,-0.05111663,0.3563706,0.9974424,-0.01775788,0.01222445,-0.05111663,0.5005063,0.9974597,-0.01272712,0.01222445,-0.05111663,0.7017282,0.9974499,-0.04273047,0.01222445,-0.05111663,0.551464,0.9974451,-0.02968986,0.01222445,-0.05111663,0.9144079,0.9973684,-0.04574453,0.01222445,-0.05111663,0.7070453,0.9974041,-0.0348787,0.01222445,-0.05111663,0.4973483,0.9974482,-0.02726045,0.01222445,-0.05111663,0.3331692,0.9974164,0.000621052,0.01222445,-0.05111663,0.5399024,0.9974314,-0.01658792,0.01222445,-0.05111663,0.08287102,0.9974408,0.006728293,0.01222445,-0.05111663,0,0.9987572,0.0122091,0.01222445,-0.05111663,0.5438195,0.9974135,-0.02259593,0.01222445,-0.05111663,0.4490262,0.9973589,-0.01659166,0.01222445
2013-03,0.009741109,0.8009545,0.9974626,0.0203936,0.03776374,0.009741109,0.7140831,0.9974522,0.02970515,0.03776374,0.009741109,0.8085838,0.9975079,0.01890557,0.03776374,0.009741109,0.4622925,0.9974545,0.03323943,0.03776374,0.009741109,0.9341315,0.9973946,0.01164193,0.03776374,0.009741109,0.2802101,0.9974942,0.01938962,0.03776374,0.009741109,0.09361159,0.9974215,0.03372972,0.03776374,0.009741109,0.3227724,0.9974738,0.01653827,0.03776374,0.009741109,0.5331059,0.9974443,0.01402253,0.03776374,0.009741109,0.06333113,0.9974417,0.03571506,0.03776374,0.009741109,0,0.998789,0.0377169,0.03776374,0.009741109,0.5424348,0.9974056,0.02249333,0.03776374,0.009741109,0.4476731,0.9974108,0.02514775,0.03776374
2013-04,-0.07562318,0.7332162,0.997459,-0.07568365,0.01999361,-0.07562318,0.9144887,0.9974098,-0.06957156,0.01999361,-0.07562318,0.4774348,0.9974679,-0.05866033,0.01999361,-0.07562318,0.4957455,0.9975026,-0.08594437,0.01999361,-0.07562318,0.6882971,0.9974238,-0.0752522,0.01999361,-0.07562318,0.112985,0.9974711,0.01360116,0.01999361,-0.07562318,0.2942927,0.9974573,0.02003289,0.01999361,-0.07562318,0.6841907,0.9974117,-0.0522681,0.01999361,-0.07562318,0.4993402,0.9974656,0.03214729,0.01999361,-0.07562318,0.3075597,0.9974912,0.02063196,0.01999361,-0.07562318,0,0.9988069,0.01996971,0.01999361,-0.07562318,0.540356,0.9974146,-0.03106411,0.01999361,-0.07562318,0.4456184,0.9974189,-0.02200104,0.01999361
2013-05,-0.06198781,0.618103,0.9974019,-0.04535275,0.02229459,-0.06198781,0.5810092,0.9974251,-0.04131041,0.02229459,-0.06198781,0.5430262,0.9974949,-0.01390816,0.02229459,-0.06198781,0.525312,0.9975478,0.01630925,0.02229459,-0.06198781,0.5771566,0.9974783,-0.0096068,0.02229459,-0.06198781,0.4684912,0.9974314,-0.05715943,0.02229459,-0.06198781,0.3199036,0.9974372,-0.003887041,0.02229459,-0.06198781,0.4541628,0.99742,-0.02703194,0.02229459,-0.06198781,0.5569842,0.9974528,-0.04206115,0.02229459,-0.06198781,0.4194156,0.997477,-0.03142917,0.02229459,-0.06198781,0,0.9988589,0.02226846,0.02229459,-0.06198781,0.5421087,0.9974445,-0.02340144,0.02229459,-0.06198781,0.4473753,0.9974829,-0.01541558,0.02229459
2013-06,-0.1102897,0.2899444,0.9974267,-0.04743226,-0.01458967,-0.1102897,0.1559357,0.9973306,-0.02442158,-0.01458967,-0.1102897,0.4100591,0.997461,-0.0207547,-0.01458967,-0.1102897,0.4233939,0.9974317,-0.08964675,-0.01458967,-0.1102897,0.8190607,0.9975089,-0.06122226,-0.01458967,-0.1102897,0.5163563,0.997438,-0.06978596,-0.01458967,-0.1102897,0.8392706,0.9964853,-0.1006716,-0.01458967,-0.1102897,0.5845683,0.9974946,-0.1045518,-0.01458967,-0.1102897,0.6478487,0.9974296,-0.08046752,-0.01458967,-0.1102897,0.1766347,0.9974243,-0.06576013,-0.01458967,-0.1102897,0,0.9988483,-0.01457295,-0.01458967,-0.1102897,0.542036,0.9979072,-0.06731089,-0.01458967,-0.1102897,0.4468186,0.9974077,-0.05809883,-0.01458967
2013-07,0.07394041,0.4839795,0.9975455,0.04374293,0.05405912,0.07394041,0.3537656,0.9974228,0.06128262,0.05405912,0.07394041,0.6947104,0.9975338,0.05570141,0.05405912,0.07394041,0.3718366,0.9974601,0.06227984,0.05405912,0.07394041,0.3556073,0.9974327,0.06140282,0.05405912,0.07394041,0.6371801,0.9974401,0.06721113,0.05405912,0.07394041,0.6448904,0.9975195,0.06623506,0.05405912,0.07394041,0.3029273,0.99751,0.07114069,0.05405912,0.07394041,0.4905941,0.9974381,0.08706469,0.05405912,0.07394041,0.6430907,0.997503,0.06611433,0.05405912,0.07394041,0,0.9988808,0.05399623,0.05405912,0.07394041,0.5440334,0.9974354,0.06486418,0.05405912,0.07394041,0.4492536,0.9974026,0.0629766,0.05405912
2013-08,0.05204751,0.4507435,0.9973952,-0.004010415,-0.02970473,0.05204751,0.6047956,0.9973492,0.02200016,-0.02970473,0.05204751,0.4683236,0.9974302,-0.002073449,-0.02970473,0.05204751,0.5273656,0.9973965,0.003930757,-0.02970473,0.05204751,0.6057666,0.9973084,0.02231954,-0.02970473,0.05204751,0.5477975,0.9974355,0.02506692,-0.02970473,0.05204751,0.393582,0.997469,-0.001040073,-0.02970473,0.05204751,0.5309059,0.9974456,0.02318827,-0.02970473,0.05204751,0.4720812,0.9974395,0.01690085,-0.02970473,0.05204751,0.3927656,0.9975003,-0.001335673,-0.02970473,0.05204751,0,0.9988881,-0.02967195,-0.02970473,0.05204751,0.5444525,0.99739,0.01447993,-0.02970473,0.05204751,0.4497269,0.9974378,0.006733977,-0.02970473
2013-09,-0.04791264,0.1193359,0.9974044,0.02211185,0.0322095,-0.04791264,0.1241786,0.9973927,0.01893788,0.0322095,-0.04791264,0.1449173,0.9974357,0.01233208,0.0322095,-0.04791264,0.6539198,0.9974341,-0.02878842,0.0322095,-0.04791264,0.1346019,0.997388,0.01868818,0.0322095,-0.04791264,0.8773772,0.9973732,-0.0378425,0.0322095,-0.04791264,0.8722704,0.9974197,-0.03497604,0.0322095,-0.04791264,0.8500815,0.9974007,-0.02842754,0.0322095,-0.04791264,0.3417459,0.9974246,0.01315958,0.0322095,-0.04791264,0.861528,0.9974262,-0.0346842,0.0322095,-0.04791264,0,0.9988983,0.03217287,0.0322095,-0.04791264,0.542171,0.9974122,-0.01140519,0.0322095,-0.04791264,0.4474618,0.9974435,-0.003814652,0.0322095
2013-10,-0.003354919,0.353554,0.9974747,0.03831092,0.04538965,-0.003354919,0.5076367,0.9975007,0.03310483,0.04538965,-0.003354919,0.4119486,0.9975049,0.02924735,0.04538965,-0.003354919,0.6933513,0.9974447,0.009717171,0.04538965,-0.003354919,0.5076203,0.9974976,0.03310297,0.04538965,-0.003354919,0.6423347,0.9974291,0.003338117,0.04538965,-0.003354919,0.4876207,0.9974469,0.008258298,0.04538965,-0.003354919,0.5836364,0.9974303,0.01214763,0.04538965,-0.003354919,0.3013016,0.997431,0.03204843,0.04538965,-0.003354919,0.4876284,0.9974355,0.008254873,0.04538965,-0.003354919,0,0.99892,0.04533963,0.04538965,-0.003354919,0.5412172,0.9974439,0.0187639,0.04538965,-0.003354919,0.4464419,0.9974212,0.02338775,0.04538965
2013-11,-0.05526851,0.6580687,0.9973897,-0.02294952,0.02959085,-0.05526851,0.7807568,0.9973617,-0.03424613,0.02959085,-0.05526851,0.6436471,0.9974393,-0.0247151,0.02959085,-0.05526851,0.644664,0.9974141,-0.02410278,0.02959085,-0.05526851,0.7949128,0.997289,-0.03971085,0.02959085,-0.05526851,0.3348845,0.9973993,-0.003799538,0.02959085,-0.05526851,0.2132359,0.9974451,0.007711203,0.02959085,-0.05526851,0.3493777,0.9974048,-0.001893125,0.02959085,-0.05526851,0.3484204,0.9974128,-0.002588089,0.02959085,-0.05526851,0.1994952,0.9974393,0.01352795,0.02959085,-0.05526851,0,0.9989611,0.02955966,0.02959085,-0.05526851,0.5411749,0.9974048,-0.01709323,0.02959085,-0.05526851,0.4464066,0.9973899,-0.009048491,0.02959085
2013-12,-0.03737156,0.636105,0.9974465,0.0138866,0.02626878,-0.03737156,0.7818817,0.9973855,-0.02347824,0.02626878,-0.03737156,0.7194859,0.9974395,-0.02132981,0.02626878,-0.03737156,0.7356188,0.9974231,-0.02194349,0.02626878,-0.03737156,0.7360755,0.9973938,-0.02546712,0.02626878,-0.03737156,0.3615241,0.9974272,-0.02577526,0.02626878,-0.03737156,0.2147737,0.9974392,0.01205256,0.02626878,-0.03737156,0.2777694,0.9974236,0.00979901,0.02626878,-0.03737156,0.261593,0.9974145,0.01047294,0.02626878,-0.03737156,0.2611496,0.9974676,0.01366807,0.02626878,-0.03737156,0,0.998977,0.02624188,0.02626878,-0.03737156,0.5431957,0.9974013,-0.008523004,0.02626878,-0.03737156,0.4484434,0.9974115,-0.002492384,0.02626878
2014-01,0.03374365,0.7771343,0.9974531,0.02619549,-0.03514377,0.03374365,0.7889146,0.9973927,0.02871179,-0.03514377,0.03374365,0.5042617,0.9975087,0.01791186,-0.03514377,0.03374365,0.7565631,0.9974285,0.01667081,-0.03514377,0.03374365,0.8044687,0.9974087,0.03277299,-0.03514377,0.03374365,0.2213421,0.9973708,-0.02805724,-0.03514377,0.03374365,0.209438,0.9974188,-0.03043696,-0.03514377,0.03374365,0.4957286,0.9974707,-0.01989759,-0.03514377,0.03374365,0.2426149,0.9974142,-0.0183851,-0.03514377,0.03374365,0.1935975,0.9974145,-0.03427748,-0.03514377,0.03374365,0,0.9989894,-0.03510871,-0.03514377,0.03374365,0.5450935,0.9974093,0.002206829,-0.03514377,0.03374365,0.4503417,0.9973987,-0.004321379,-0.03514377
2014-02,0.06270297,0.3091413,0.9974082,0.04163476,0.04557189,0.06270297,0.307255,0.9974332,0.04127973,0.04557189,0.06270297,0.398756,0.9974734,0.04328632,0.04557189,0.06270297,0.3322436,0.9974459,0.04343485,0.04557189,0.06270297,0.3034206,0.9974258,0.04110158,0.04557189,0.06270297,0.6892188,0.9974084,0.06638173,0.04557189,0.06270297,0.6915463,0.9974372,0.06674227,0.04557189,0.06270297,0.6003567,0.997482,0.06423904,0.04557189,0.06270297,0.6661815,0.9974738,0.06416225,0.04557189,0.06270297,0.6950866,0.997465,0.06689217,0.04557189,0.06270297,0,0.998984,0.04552477,0.04557189,0.06270297,0.5449186,0.9979525,0.05487022,0.04557189,0.06270297,0.450155,0.9979139,0.05324497,0.04557189
2014-03,-0.03142141,0.4703443,0.9974446,0.01368938,0.00843023,-0.03142141,0.4919429,0.9974244,0.01860667,0.00843023,-0.03142141,0.7468035,0.9974217,-0.01921474,0.00843023,-0.03142141,0.6224998,0.9974248,-0.009420782,0.00843023,-0.03142141,0.4474814,0.9973213,0.02032534,0.00843023,-0.03142141,0.5244803,0.9974293,-0.03550545,0.00843023,-0.03142141,0.502395,0.9974256,-0.04020711,0.00843023,-0.03142141,0.2471578,0.9973971,-0.003009142,0.00843023,-0.03142141,0.3713239,0.9974574,-0.01293733,0.00843023,-0.03142141,0.5482278,0.9974703,-0.04195161,0.00843023,-0.03142141,0,0.9990133,0.008421893,0.00843023,-0.03142141,0.5416078,0.9973971,-0.01275107,0.00843023,-0.03142141,0.4468763,0.9974076,-0.008976481,0.00843023
2014-04,0.004934876,0.3161344,0.9974122,0.0105609,0.007431565,0.004934876,0.5572275,0.9974488,0.007845573,0.007431565,0.004934876,0.5994842,0.9974393,-0.001338886,0.007431565,0.004934876,0.194191,0.9973927,0.006681363,0.007431565,0.004934876,0.3507022,0.9974345,0.03478475,0.007431565,0.004934876,0.6818573,0.9974224,0.001516596,0.007431565,0.004934876,0.4384802,0.9974137,0.004824781,0.007431565,0.004934876,0.3962061,0.9974674,0.01412875,0.007431565,0.004934876,0.8021747,0.9974136,0.006115289,0.007431565,0.004934876,0.6451571,0.9974414,-0.02168851,0.007431565,0.004934876,0,0.999015,0.007424277,0.007431565,0.004934876,0.5428858,0.9974052,0.006509641,0.007431565,0.004934876,0.4481338,0.9974322,0.006743977,0.007431565
2014-05,-0.03051038,0.650286,0.9974052,-0.0293671,0.02228944,-0.03051038,0.6664285,0.9973799,-0.02828038,0.02228944,-0.03051038,0.710824,0.9974355,-0.01248804,0.02228944,-0.03051038,0.5439311,0.9974222,-0.02117514,0.02228944,-0.03051038,0.5346688,0.9973905,-0.01983933,0.02228944,-0.03051038,0.3424982,0.9974213,0.02138164,0.02228944,-0.03051038,0.3263729,0.997463,0.020192,0.02228944,-0.03051038,0.2823805,0.9974207,0.003948172,0.02228944,-0.03051038,0.4498916,0.9974459,0.01279726,0.02228944,-0.03051038,0.4568385,0.99744,0.01180923,0.02228944,-0.03051038,0,0.9990293,0.02226774,0.02228944,-0.03051038,0.5412009,0.9974235,-0.006549956,0.02228944,-0.03051038,0.4464227,0.997404,-0.001545516,0.02228944
2014-06,0.06319023,0.7267372,0.997397,0.05341151,0.02092531,0.06319023,0.7495554,0.9974494,0.05326599,0.02092531,0.06319023,0.5034785,0.9974865,0.04313965,0.02092531,0.06319023,0.6103695,0.9974456,0.04399738,0.02092531,0.06319023,0.7481942,0.9973842,0.05339678,0.02092531,0.06319023,0.270743,0.9974075,0.03028204,0.02092531,0.06319023,0.2479646,0.9974586,0.03047267,0.02092531,0.06319023,0.4939907,0.9974484,0.04021186,0.02092531,0.06319023,0.3871151,0.9974259,0.03942576,0.02092531,0.06319023,0.2485821,0.9974697,0.03040899,0.02092531,0.06319023,0,0.9990594,0.02090539,0.02092531,0.06319023,0.543593,0.9974324,0.04376019,0.02092531,0.06319023,0.4488095,0.9974277,0.03975377,0.02092531
2014-07,-0.03631678,0.7969793,0.9974057,-0.03295527,-0.01343756,-0.03631678,0.7992675,0.9974357,-0.03284999,-0.01343756,-0.03631678,0.5965466,0.9974587,-0.02511002,-0.01343756,-0.03631678,0.5983165,0.9974301,-0.03048741,-0.01343756,-0.03631678,0.7978388,0.9973482,-0.03290439,-0.01343756,-0.03631678,0.2003153,0.9974554,-0.01677006,-0.01343756,-0.03631678,0.1980232,0.9974384,-0.01687087,-0.01343756,-0.03631678,0.4015736,0.9974519,-0.02480778,-0.01343756,-0.03631678,0.3997102,0.997427,-0.01946866,-0.01343756,-0.03631678,0.1994082,0.9974458,-0.01681386,-0.01343756,-0.03631678,0,0.9990746,-0.01342503,-0.01343756,-0.03631678,0.5435029,0.9974274,-0.02591369,-0.01343756,-0.03631678,0.4487591,0.9974145,-0.02374416,-0.01343756
2014-08,0.003809061,0.4545933,0.997468,0.02617411,0.03946346,0.003809061,0.3743623,0.9974411,0.02806638,0.03946346,0.003809061,0.3804936,0.9974882,0.02079279,0.03946346,0.003809061,0.3788823,0.9974938,0.02403625,0.03946346,0.003809061,0.2453988,0.9974127,0.03981417,0.03946346,0.003809061,0.4707512,0.9974615,0.01479859,0.03946346,0.003809061,0.579569,0.9974795,0.008732986,0.03946346,0.003809061,0.6303578,0.9974322,0.02063143,0.03946346,0.003809061,0.6173292,0.9974321,0.01869901,0.03946346,0.003809061,0.751781,0.9974593,0.003293157,0.03946346,0.003809061,0,0.9990682,0.03942615,0.03946346,0.003809061,0.5436617,0.9974211,0.0200442,0.03946346,0.003809061,0.448923,0.997424,0.02342335,0.03946346
2014-09,-0.06176328,0.6515819,0.9974078,-0.044329,-0.01379129,-0.06176328,0.626456,0.9973668,-0.04780732,-0.01379129,-0.06176328,0.7838991,0.9974298,-0.04401696,-0.01379129,-0.06176328,0.5744973,0.9974429,-0.02974039,-0.01379129,-0.06176328,0.7415333,0.9974109,-0.03265263,-0.01379129,-0.06176328,0.345713,0.9974322,-0.03146144,-0.01379129,-0.06176328,0.3291439,0.9974654,-0.02748248,-0.01379129,-0.06176328,0.2129534,0.9974213,-0.0319702,-0.01379129,-0.06176328,0.4224815,0.9974244,-0.0463552,-0.01379129,-0.06176328,0.255181,0.9974685,-0.04346453,-0.01379129,-0.06176328,0,0.9990872,-0.01377875,-0.01379129,-0.06176328,0.5429245,0.9974009,-0.03987739,-0.01379129,-0.06176328,0.448179,0.9974151,-0.03533189,-0.01379129
2014-10,-0.03054815,0.5764297,0.9974806,0.002185748,0.02355091,-0.03054815,0.4068773,0.9974234,-0.04477624,0.02355091,-0.03054815,0.5588681,0.9975515,0.04096915,0.02355091,-0.03054815,0.6161811,0.9975395,0.01379639,0.02355091,-0.03054815,0.1672382,0.9974337,0.01111383,0.02355091,-0.03054815,0.4341535,0.9974492,-0.004774107,0.02355091,-0.03054815,0.5905808,0.9974886,0.03997086,0.02355091,-0.03054815,0.4391061,0.9974343,-0.04522389,0.02355091,-0.03054815,0.3810565,0.9974491,-0.01924354,0.02355091,-0.03054815,0.8297222,0.9974699,-0.01676984,0.02355091,-0.03054815,0,0.9990601,0.02352919,0.02355091,-0.03054815,0.5435575,0.9974095,-0.004645955,0.02355091,-0.03054815,0.4488044,0.9974028,0.000483725,0.02355091
2014-11,-0.004881946,0.874466,0.9974065,-0.002071143,0.02747198,-0.004881946,0.6879876,0.997377,0.003470831,0.02747198,-0.004881946,0.8450199,0.9974516,0.0001476659,0.02747198,-0.004881946,0.8193738,0.9974341,-0.001429841,0.02747198,-0.004881946,0.6532201,0.9973788,0.006015294,0.02747198,-0.004881946,0.1205784,0.997472,0.02468621,0.02747198,-0.004881946,0.3069061,0.9974691,0.01863255,0.02747198,-0.004881946,0.1498759,0.9974388,0.02221224,0.02747198,-0.004881946,0.1746707,0.997415,0.02395091,0.02747198,-0.004881946,0.3413227,0.9974431,0.01627265,0.02747198,-0.004881946,0,0.9991108,0.02744723,0.02747198,-0.004881946,0.5411158,0.9974397,0.009914241,0.02747198,-0.004881946,0.446369,0.997416,0.01297941,0.02747198
2014-12,0.01311212,0.5902984,0.9974522,0.04846598,-0.00270801,0.01311212,0.5880767,0.9974506,0.04890593,-0.00270801,0.01311212,0.5896695,0.9974729,0.04828057,-0.00270801,0.01311212,0.528645,0.9974596,0.0434069,-0.00270801,0.01311212,0.5896258,0.9974006,0.04827745,-0.00270801,0.01311212,0.4071121,0.9974158,-0.03646451,-0.00270801,0.01311212,0.4094356,0.9974328,-0.03686211,-0.00270801,0.01311212,0.4073988,0.9974213,-0.03628127,-0.00270801,0.01311212,0.4705994,0.9974191,-0.03167314,-0.00270801,0.01311212,0.4073952,0.9974417,-0.0362828,-0.00270801,0.01311212,0,0.9991178,-0.002705635,-0.00270801,0.01311212,0.5446233,0.9975857,0.006182481,-0.00270801,0.01311212,0.4498682,0.9974147,0.004710821,-0.00270801
2015-01,0.0868991,0.3797488,0.9974149,0.01239852,-0.02934307,0.0868991,0.3757652,0.9973863,0.011865,-0.02934307,0.0868991,0.3679952,0.9974678,-0.007540629,-0.02934307,0.0868991,0.2904113,0.9974239,0.002001921,-0.02934307,0.0868991,0.33914,0.9973684,0.00955907,-0.02934307,0.0868991,0.6231328,0.9974614,0.04260471,-0.02934307,0.0868991,0.627151,0.997505,0.04317002,-0.02934307,0.0868991,0.7579609,0.9974705,0.0538125,-0.02934307,0.0868991,0.7123439,0.9974685,0.05349046,-0.02934307,0.0868991,0.6643199,0.9975041,0.04564322,-0.02934307,0.0868991,0,0.9991091,-0.02931726,-0.02934307,0.0868991,0.5475677,0.9976222,0.0330188,-0.02934307,0.0868991,0.4528081,0.9974087,0.02201294,-0.02934307
2015-02,-0.05905225,0.5191902,0.9974754,0.005816686,0.05609866,-0.05905225,0.5111741,0.9974464,0.005951112,0.05609866,-0.05905225,0.2686714,0.9974697,0.03859243,0.05609866,-0.05905225,0.6739933,0.9974176,-0.0213909,0.05609866,-0.05905225,0.2860987,0.9973804,0.03652969,0.05609866,-0.05905225,0.4740178,0.9974289,-0.01168732,0.05609866,-0.05905225,0.4817717,0.9974601,-0.01174951,0.05609866,-0.05905225,0.7253564,0.9974002,-0.04279017,0.05609866,-0.05905225,0.5080804,0.9973854,-0.01877444,0.05609866,-0.05905225,0.7071189,0.9974393,-0.04077788,0.05609866,-0.05905225,0,0.9991296,0.05604783,0.05609866,-0.05905225,0.5405017,0.997424,-0.007802261,0.05609866,-0.05905225,0.4457487,0.9974131,0.003110918,0.05609866
2015-03,-0.02152204,0.5514294,0.9974283,-0.01841822,-0.01566316,-0.02152204,0.5677386,0.997414,-0.01815486,-0.01566316,-0.02152204,0.6696308,0.9974679,-0.02471935,-0.01566316,-0.02152204,0.5568397,0.997434,-0.01805353,-0.01566316,-0.02152204,0.4292041,0.9974367,-0.0171486,-0.01566316,-0.02152204,0.4462511,0.9973855,-0.01869649,-0.01566316,-0.02152204,0.4290264,0.9974428,-0.01893941,-0.01566316,-0.02152204,0.4692151,0.9974385,-0.02502349,-0.01566316,-0.02152204,0.4407751,0.9974279,-0.01906935,-0.01566316,-0.02152204,0.5688453,0.9974063,-0.02008941,-0.01566316,-0.02152204,0,0.9991337,-0.01564973,-0.01566316,-0.02152204,0.5430649,0.9974275,-0.01874692,-0.01566316,-0.02152204,0.4483083,0.9973824,-0.01819182,-0.01566316
2015-04,-0.001671652,0.507217,0.9974036,0.005927447,0.0101245,-0.001671652,0.5082141,0.997396,0.006485589,0.0101245,-0.001671652,0.2762296,0.9974719,-0.003017002,0.0101245,-0.001671652,0.517235,0.9974441,0.007351574,0.0101245,-0.001671652,0.256586,0.9974061,0.007347678,0.0101245,-0.001671652,0.4882422,0.9974041,0.00335818,0.0101245,-0.001671652,0.4873121,0.9974168,0.002737568,0.0101245,-0.001671652,0.8148551,0.9974799,0.002380273,0.0101245,-0.001671652,0.4782763,0.997414,0.001904617,0.0101245,-0.001671652,0.7391806,0.9974518,0.001760854,0.0101245,-0.001671652,0,0.99914,0.01011567,0.0101245,-0.001671652,0.5425239,0.9973684,0.004135926,0.0101245,-0.001671652,0.447767,0.9973917,0.005254324,0.0101245
2015-05,0.005552128,0.6114388,0.9974033,0.009626683,0.01251678,0.005552128,0.6204405,0.9974319,0.008823693,0.01251678,0.005552128,0.580441,0.997497,0.02720373,0.01251678,0.005552128,0.5964379,0.9973934,0.01064897,0.01251678,0.005552128,0.77738,0.9974173,0.008087911,0.01251678,0.005552128,0.3870192,0.9974488,0.008705145,0.01251678,0.005552128,0.3780729,0.9974374,0.009521137,0.01251678,0.005552128,0.5564968,0.9974484,0.01658361,0.01251678,0.005552128,0.4022541,0.9977097,0.007671225,0.01251678,0.005552128,0.2218093,0.997443,0.009736571,0.01251678,0.005552128,0,0.9991482,0.01250598,0.01251678,0.005552128,0.5441178,0.9974177,0.008898772,0.01251678,0.005552128,0.4493536,0.9974248,0.009558557,0.01251678
2015-06,-0.01516214,0.4198872,0.9974651,-0.01874591,-0.02021945,-0.01516214,0.4302688,0.9973958,-0.01638168,-0.02021945,-0.01516214,0.3745945,0.9974775,-0.01852931,-0.02021945,-0.01516214,0.4040148,0.9974408,-0.01787216,-0.02021945,-0.01516214,0.2237191,0.9974307,-0.01447467,-0.02021945,-0.01516214,0.5767418,0.9974175,-0.01653414,-0.02021945,-0.01516214,0.5663097,0.9974709,-0.01889095,-0.02021945,-0.01516214,0.622137,0.9974498,-0.01696909,-0.02021945,-0.01516214,0.5927076,0.9974961,-0.01739951,-0.02021945,-0.01516214,0.773303,0.997448,-0.02104262,-0.02021945,-0.01516214,0,0.9991461,-0.02020222,-0.02021945,-0.01516214,0.5431482,0.9974195,-0.01731304,-0.02021945,-0.01516214,0.4483802,0.997433,-0.01779614,-0.02021945
2015-07,-0.06620984,0.4143121,0.9973953,-0.0155053,0.02258926,-0.06620984,0.3645729,0.9973999,-0.01456964,0.02258926,-0.06620984,0.4231292,0.997485,-0.005592186,0.02258926,-0.06620984,0.4143277,0.9973748,-0.0148903,0.02258926,-0.06620984,0.1753274,0.9973506,0.008989122,0.02258926,-0.06620984,0.5793429,0.997383,-0.02912833,0.02258926,-0.06620984,0.6293739,0.997446,-0.03018594,0.02258926,-0.06620984,0.5718474,0.9974433,-0.03967171,0.02258926,-0.06620984,0.5793711,0.9974138,-0.0297365,0.02258926,-0.06620984,0.82007,0.9974073,-0.05315299,0.02258926,-0.06620984,0,0.9991435,0.02256962,0.02258926,-0.06620984,0.5416873,0.9974052,-0.02629728,0.02258926,-0.06620984,0.4469154,0.9973891,-0.01788155,0.02258926
2015-08,0.03707233,0.6298387,0.997531,-0.0723313,-0.06095012,0.03707233,0.5751202,0.9975776,-0.07439944,-0.06095012,0.03707233,0.3161805,0.9975299,-0.06809264,-0.06095012,0.03707233,0.5857382,0.9975687,-0.08840063,-0.06095012,0.03707233,0.3503811,0.9974816,-0.04206626,-0.06095012,0.03707233,0.3713323,0.9974472,0.05469458,-0.06095012,0.03707233,0.4258466,0.997447,0.05689449,-0.06095012,0.03707233,0.6771444,0.9974095,0.05094123,-0.06095012,0.03707233,0.4127619,0.9974685,0.07200973,-0.06095012,0.03707233,0.6418617,0.9974784,0.01971064,-0.06095012,0.03707233,0,0.9991251,-0.06089828,-0.06095012,0.03707233,0.5420729,0.9974027,-0.004564956,-0.06095012,0.03707233,0.4473773,0.997444,-0.01387645,-0.06095012
2015-09,-0.01801139,0.1075981,0.9974392,-0.03112113,-0.02548165,-0.01801139,0.06027162,0.9973924,-0.0262228,-0.02548165,-0.01801139,0.2306405,0.9974254,-0.02692341,-0.02548165,-0.01801139,0.1769666,0.9974652,-0.02739839,-0.02548165,-0.01801139,0.1666465,0.9973847,-0.02605442,-0.02548165,-0.01801139,0.8913949,0.9975373,-0.01222975,-0.02548165,-0.01801139,0.9390138,0.9974796,-0.01723358,-0.02548165,-0.01801139,0.7673621,0.9974304,-0.0166206,-0.02548165,-0.01801139,0.7469375,0.9974444,-0.004738062,-0.02548165,-0.01801139,0.8316284,0.9974641,-0.01741564,-0.02548165,-0.01801139,0,0.9990831,-0.02545857,-0.02548165,-0.01801139,0.5464416,0.9973972,-0.02119608,-0.02548165,-0.01801139,0.4516929,0.9974057,-0.02190295,-0.02548165
2015-10,0.02283361,0,0.9974669,0.08483318,0.08505975,0.02283361,0,0.9974871,0.08483499,0.08505975,0.02283361,0.777528,0.9974493,0.03044538,0.08505975,0.02283361,0.5440664,0.9974854,0.04922898,0.08505975,0.02283361,0,0.9975141,0.0848374,0.08505975,0.02283361,0.9976548,0.9976548,0.02277812,0.08505975,0.02283361,0.9975544,0.9975544,0.02277575,0.08505975,0.02283361,0.2189578,0.9974903,0.07659088,0.08505975,0.02283361,0.3445744,0.9974928,0.05897474,0.08505975,0.02283361,0.9976001,0.9976001,0.02277683,0.08505975,0.02283361,0,0.9991162,0.0849807,0.08505975,0.02283361,0.5414004,0.9974428,0.05077664,0.08505975,0.02283361,0.4466732,0.997464,0.0566721,0.08505975
2015-11,-0.06752059,0.6940773,0.9974387,-0.01893015,0.003655076,-0.06752059,0.5204574,0.9973739,-0.009769296,0.003655076,-0.06752059,0.9052519,0.9974203,-0.06301403,0.003655076,-0.06752059,0.8390477,0.9974219,-0.05698628,0.003655076,-0.06752059,0.6920684,0.9974415,-0.01882145,0.003655076,-0.06752059,0.301079,0.9974953,-0.04626564,0.003655076,-0.06752059,0.4746041,0.9975099,-0.055094,0.003655076,-0.06752059,0.0903284,0.997428,-0.0007094038,0.003655076,-0.06752059,0.1567849,0.9974999,-0.007359465,0.003655076,-0.06752059,0.3030596,0.997517,-0.04636871,0.003655076,-0.06752059,0,0.999145,0.003651945,0.003655076,-0.06752059,0.5396781,0.9974199,-0.03499144,0.003655076,-0.06752059,0.4449441,0.9974228,-0.02824191,0.003655076
2015-12,-0.004513344,0.629278,0.9974645,0.01157083,-0.01714742,-0.004513344,0.6274668,0.9975092,0.01173955,-0.01714742,-0.004513344,0.7614533,0.997514,0.008254845,-0.01714742,-0.004513344,0.4999094,0.9973637,-0.02426322,-0.01714742,-0.004513344,0.8552716,0.9974876,0.005032913,-0.01714742,-0.004513344,0.4642257,0.9974109,-0.03671283,-0.01714742,-0.004513344,0.3680396,0.9974275,-0.03312238,-0.01714742,-0.004513344,0.2354708,0.9974104,-0.02988068,-0.01714742,-0.004513344,0.3593858,0.9974392,-0.03127203,-0.01714742,-0.004513344,0.1406386,0.9974091,-0.02655728,-0.01714742,-0.004513344,0,0.9991364,-0.01713279,-0.01714742,-0.004513344,0.5425637,0.9974298,-0.01006729,-0.01714742,-0.004513344,0.447808,0.9974215,-0.01126154,-0.01714742
2016-01,0.05420856,0.5764683,0.997456,0.03325505,-0.04914415,0.05420856,0.6328621,0.9974823,0.03738155,-0.04914415,0.05420856,0.5194663,0.9975453,0.02397299,-0.04914415,0.05420856,0.8863865,0.9974004,0.03886858,-0.04914415,0.05420856,0.3792936,0.9975058,0.04030294,-0.04914415,0.05420856,0.4620515,0.9974038,-0.006027211,-0.04914415,0.05420856,0.258005,0.9974248,-0.02922962,-0.04914415,0.05420856,0.4837682,0.9973976,-0.02049487,-0.04914415,0.05420856,0.3625127,0.9974639,0.005344523,-0.04914415,0.05420856,0.6207614,0.9974079,-0.03637573,-0.04914415,0.05420856,0,0.9990782,-0.04910147,-0.04914415,0.05420856,0.5474443,0.9973898,0.006423012,-0.04914415,0.05420856,0.4526958,0.9973765,-0.003366873,-0.04914415
2016-02,0.1091997,0.4772859,0.9975356,0.003068473,-0.00159901,0.1091997,0.3153056,0.997535,0.01184805,-0.00159901,0.1091997,0.3010164,0.9975185,0.003765692,-0.00159901,0.1091997,0.5047972,0.9976266,0.02371457,-0.00159901,0.1091997,0.08177214,0.9974336,0.008114427,-0.00159901,0.1091997,0.5241017,0.9973974,0.105275,-0.00159901,0.1091997,0.6573701,0.9974286,0.08642861,-0.00159901,0.1091997,0.5244946,0.9975489,0.02472187,-0.00159901,0.1091997,0.4937672,0.9975058,0.08003695,-0.00159901,0.1091997,0.9176738,0.9974809,0.0990702,-0.00159901,0.1091997,0,0.9990708,-0.001597549,-0.00159901,0.1091997,0.5471165,0.9974245,0.05850971,-0.00159901,0.1091997,0.4523387,0.9974521,0.0480067,-0.00159901
2016-03,-0.008766015,0.6446976,0.9973811,0.01694183,0.06746943,-0.008766015,0.4752381,0.9974182,0.02790633,0.06746943,-0.008766015,0.3659868,0.997445,0.0412845,0.06746943,-0.008766015,0.4479668,0.9974867,0.03067436,0.06746943,-0.008766015,0.5124556,0.9974079,0.02494873,0.06746943,-0.008766015,0.358158,0.997442,0.04012897,0.06746943,-0.008766015,0.5206333,0.9974943,0.02905407,0.06746943,-0.008766015,0.352371,0.9974384,0.03342167,0.06746943,-0.008766015,0.5477641,0.9975722,0.02587631,0.06746943,-0.008766015,0.4844066,0.9974939,0.03200934,0.06746943,-0.008766015,0,0.999124,0.06740772,0.06746943,-0.008766015,0.5420006,0.9974738,0.02526618,0.06746943,-0.008766015,0.4472559,0.9974689,0.03248997,0.06746943
2016-04,0.05144558,0.8719671,0.9974391,0.04496506,0.003599922,0.05144558,0.9325001,0.9974587,0.0493393,0.003599922,0.05144558,0.4125366,0.9974241,0.00561472,0.003599922,0.05144558,0.5795932,0.9975095,0.04913938,0.003599922,0.05144558,0.9374681,0.9973984,0.04844724,0.003599922,0.05144558,0.1252944,0.9974953,0.009899023,0.003599922,0.05144558,0.06608713,0.9974159,0.005691978,0.003599922,0.05144558,0.407858,0.9975687,0.05127154,0.003599922,0.05144558,0.4190289,0.9974507,0.006120391,0.003599922,0.05144558,0.05964305,0.9974982,0.006447816,0.003599922,0.05144558,0,0.9991502,0.003596837,0.003599922,0.05144558,0.5434409,0.9973939,0.02989061,0.003599922,0.05144558,0.4487133,0.9974502,0.0253581,0.003599922
2016-05,-0.06154468,0.950844,0.9973052,-0.05823064,0.01832283,-0.06154468,0.9460759,0.9973802,-0.05739169,0.01832283,-0.06154468,0.5546121,0.9974231,-0.02653592,0.01832283,-0.06154468,0.8710924,0.9973834,-0.04645651,0.01832283,-0.06154468,0.9488614,0.9973814,-0.05795625,0.01832283,-0.06154468,0.04466165,0.9974755,0.01513831,0.01832283,-0.06154468,0.04938798,0.9974656,0.01428147,0.01832283,-0.06154468,0.307615,0.9974462,0.001842451,0.01832283,-0.06154468,0.123495,0.9974172,0.002768139,0.01832283,-0.06154468,0.04737274,0.9974505,0.01469913,0.01832283,-0.06154468,0,0.9991469,0.01830719,0.01832283,-0.06154468,0.5409792,0.9973713,-0.02544404,0.01832283,-0.06154468,0.4462423,0.9974116,-0.01787215,0.01832283
2016-06,0.09031368,0.9479989,0.9974164,0.08578042,0.002578822,0.09031368,0.9479923,0.9974446,0.08577813,0.002578822,0.09031368,0.7823682,0.9974353,0.06862066,0.002578822,0.09031368,0.7301289,0.9974194,0.05547406,0.002578822,0.09031368,0.9480282,0.9974369,0.08578656,0.002578822,0.09031368,0.05027842,0.997415,0.007018806,0.002578822,0.09031368,0.05028182,0.9974204,0.007020847,0.002578822,0.09031368,0.2165399,0.9974576,0.02330489,0.002578822,0.09031368,0.1325678,0.9974326,0.01273267,0.002578822,0.09031368,0.05029478,0.9974541,0.007021456,0.002578822,0.09031368,0,0.9991566,0.00257666,0.002578822,0.09031368,0.5443097,0.9974188,0.05040709,0.002578822,0.09031368,0.4495809,0.9974449,0.04209328,0.002578822
2016-07,0.01944357,0.9591632,0.9974388,0.01944036,0.03636711,0.01944357,0.959619,0.9974688,0.01857615,0.03636711,0.01944357,0.9552125,0.9974703,0.02119328,0.03636711,0.01944357,0.9653353,0.9973891,0.0198763,0.03636711,0.01944357,0.9464667,0.9974923,0.02030277,0.03636711,0.01944357,0.03648918,0.9974545,0.03637409,0.03636711,0.01944357,0.03693193,0.9974772,0.03706284,0.03636711,0.01944357,0.04051938,0.9974721,0.03446158,0.03636711,0.01944357,0.03073242,0.9974463,0.03575267,0.03636711,0.01944357,0.04875266,0.9975237,0.035495,0.03636711,0.01944357,0,0.9991819,0.03633669,0.03636711,0.01944357,0.5417669,0.9974082,0.02715319,0.03636711,0.01944357,0.4470382,0.9974623,0.02875846,0.03636711
2016-08,-0.03256319,0.9741151,0.9974296,-0.03158421,0.001335482,-0.03256319,0.9737278,0.9974612,-0.03156879,0.001335482,-0.03256319,0.9584304,0.9974091,-0.03146967,0.001335482,-0.03256319,0.9757234,0.9974051,-0.03170094,0.001335482,-0.03256319,0.9846737,0.9975145,-0.03160504,0.001335482,-0.03256319,0.0243608,0.9974218,0.0003611602,0.001335482,-0.03256319,0.0239554,0.9974613,0.0003767022,0.001335482,-0.03256319,0.03900649,0.9973886,0.0002742931,0.001335482,-0.03256319,0.02163767,0.9974498,0.0005128028,0.001335482,-0.03256319,0.01317577,0.9974277,0.0004113489,0.001335482,-0.03256319,0,0.9991956,0.001334405,0.001335482,-0.03256319,0.54453,0.9974488,-0.01719898,0.001335482,-0.03256319,0.4497774,0.9974272,-0.01398633,0.001335482
2016-09,0.00689213,0.9974014,0.9974014,0.006873975,-0.0001805167,0.00689213,0.9879797,0.9974119,0.006260737,-0.0001805167,0.00689213,0.9974814,0.9974814,0.006874534,-0.0001805167,0.00689213,0.9973941,0.9973941,0.006873924,-0.0001805167,0.00689213,0.9974948,0.9974948,0.006874628,-0.0001805167,0.00689213,0,0.9973841,-0.0001800469,-0.0001805167,0.00689213,0.009530908,0.9974614,0.0004173377,-0.0001805167,0.00689213,0,0.9974438,-0.0001800576,-0.0001805167,0.00689213,0,0.9974213,-0.0001800536,-0.0001805167,0.00689213,0,0.9973886,-0.0001800477,-0.0001805167,0.00689213,0,0.9991898,-0.0001803712,-0.0001805167,0.00689213,0.5425774,0.9974418,0.003803845,-0.0001805167,0.00689213,0.4478235,0.9974349,0.003135213,-0.0001805167
2016-10,-0.02944922,0.5940484,0.9974222,-0.04500677,-0.01733703,-0.02944922,0.5940546,0.9974028,-0.04696724,-0.01733703,-0.02944922,0.7838695,0.997383,-0.04360769,-0.01733703,-0.02944922,0.6177288,0.9973639,-0.04233946,-0.01733703,-0.02944922,0.7956666,0.9973866,-0.04339943,-0.01733703,-0.02944922,0.4041738,0.9974252,-0.001496077,-0.01733703,-0.02944922,0.4041794,0.9974831,0.0006643745,-0.01733703,-0.02944922,0.2139611,0.9974482,-0.002852255,-0.01733703,-0.02944922,0.3803388,0.9974308,-0.004369057,-0.01733703,-0.02944922,0.2020394,0.9974254,-0.00307189,-0.01733703,-0.02944922,0,0.9991862,-0.01732306,-0.01733703,-0.02944922,0.5428091,0.9974234,-0.02360967,-0.01733703,-0.02944922,0.4480632,0.9974009,-0.02246207,-0.01733703
2016-11,-0.08356569,0.4236382,0.9974571,-0.009050479,0.03683839,-0.08356569,0.4716897,0.9978789,-0.01344407,0.03683839,-0.08356569,0.3197442,0.9974371,-0.0118278,0.03683839,-0.08356569,0.6371145,0.9974636,-0.009207562,0.03683839,-0.08356569,0.4696624,0.997414,-0.01912921,0.03683839,-0.08356569,0.4768755,0.9974359,-0.00799528,0.03683839,-0.08356569,0.6673481,0.9979178,-0.04284919,0.03683839,-0.08356569,0.7709333,0.9974372,-0.05341957,0.03683839,-0.08356569,0.4993182,0.9973895,-0.04659862,0.03683839,-0.08356569,0.5256773,0.9974709,-0.02986027,0.03683839,-0.08356569,0,0.9991936,0.03680817,0.03683839,-0.08356569,0.5422173,0.9974204,-0.02958555,0.03683839,-0.08356569,0.4474755,0.9974401,-0.01817079,0.03683839
2016-12,-0.01914989,0.7264939,0.9973968,-0.006771388,0.02027635,-0.01914989,0.782231,0.9974076,-0.007738807,0.02027635,-0.01914989,0.5935698,0.997418,-0.005879841,0.02027635,-0.01914989,0.7099255,0.9974061,-0.008587187,0.02027635,-0.01914989,0.6031371,0.997423,0.008469761,0.02027635,-0.01914989,0.2676529,0.9973963,0.007729511,0.02027635,-0.01914989,0.212261,0.9974768,0.0087135,0.02027635,-0.01914989,0.3722237,0.9974418,0.007972342,0.02027635,-0.01914989,0.2843734,0.9974323,0.009633144,0.02027635,-0.01914989,0.3913345,0.9974506,-0.007623157,0.02027635,-0.01914989,0,0.9992251,0.02026031,0.02027635,-0.01914989,0.541579,0.9973656,-0.001187573,0.02027635,-0.01914989,0.4468417,0.9974131,0.00254847,0.02027635
2017-01,0.05419214,0.8269496,0.9974,0.03784811,0.01789469,0.05419214,0.5497976,0.9974539,0.04626246,0.01789469,0.05419214,0.5996483,0.9974198,0.0343158,0.01789469,0.05419214,0.3546271,0.997453,0.0314343,0.01789469,0.05419214,0.6777417,0.9973845,0.03391763,0.01789469,0.05419214,0.1716137,0.9974214,0.03391298,0.01789469,0.05419214,0.3922185,0.9974701,0.03068688,0.01789469,0.05419214,0.3971774,0.9974533,0.03735398,0.01789469,0.05419214,0.2449237,0.9974604,0.03772055,0.01789469,0.05419214,0.3206907,0.9974359,0.037619,0.01789469,0.05419214,0,0.9992359,0.01788081,0.01789469,0.05419214,0.5432879,0.9974182,0.03770848,0.01789469,0.05419214,0.4485432,0.9974361,0.03426841,0.01789469
2017-02,0.03184768,0.7569058,0.9974132,0.03286302,0.03929152,0.03184768,0.8067314,0.9974391,0.03461177,0.03929152,0.03184768,0.6796676,0.997431,0.03273748,0.03929152,0.03184768,0.7569117,0.9974511,0.03286534,0.03929152,0.03184768,0.9036932,0.9974384,0.03484298,0.03929152,0.03184768,0.2424199,0.997437,0.03826614,0.03929152,0.03184768,0.1914218,0.9974602,0.0364378,0.03929152,0.03184768,0.319492,0.9974316,0.03837911,0.03929152,0.03184768,0.2424086,0.9974468,0.0382672,0.03929152,0.03184768,0.09413219,0.9974754,0.03608267,0.03929152,0.03184768,0,0.999254,0.03926159,0.03929152,0.03184768,0.5447333,0.9974238,0.03527476,0.03929152,0.03184768,0.4499789,0.9974253,0.03597957,0.03929152
2017-03,-0.004277447,0.4211081,0.997443,-0.01917254,0.001279473,-0.004277447,0.5639757,0.9974243,-0.01130057,0.001279473,-0.004277447,0.4295465,0.9974407,-0.01197917,0.001279473,-0.004277447,0.6829099,0.9974748,0.02268176,0.001279473,-0.004277447,0.8016027,0.9983313,0.01932276,0.001279473,-0.004277447,0.575528,0.9974143,0.01702848,0.001279473,-0.004277447,0.4321416,0.9974421,0.009113268,0.001279473,-0.004277447,0.5657049,0.9974006,0.009991864,0.001279473,-0.004277447,0.3125564,0.9974182,-0.02500203,0.001279473,-0.004277447,0.1944312,0.9975088,-0.02198548,0.001279473,-0.004277447,0,0.9992687,0.001278535,0.001279473,-0.004277447,0.5425438,0.99739,-0.001214083,0.001279473,-0.004277447,0.4477801,0.9973906,-0.0006879798,0.001279473
2017-04,0.01726752,0.4615544,0.9974133,-0.002377564,0.00992619,0.01726752,0.4131138,0.9974425,-0.006614607,0.00992619,0.01726752,0.1898584,0.9974329,0.01782845,0.00992619,0.01726752,0.3661373,0.9974299,0.01516747,0.00992619,0.01726752,0.1526516,0.9974042,0.005659349,0.00992619,0.01726752,0.6547295,0.9974303,0.02786635,0.00992619,0.01726752,0.7018394,0.9974042,0.03211557,0.00992619,0.01726752,0.8093454,0.9974494,0.009601369,0.00992619,0.01726752,0.6328371,0.9974089,0.01219827,0.00992619,0.01726752,0.8446042,0.9974158,0.02176548,0.00992619,0.01726752,0,0.9992669,0.009918923,0.00992619,0.01726752,0.5445623,0.9974303,0.01425069,0.00992619,0.01726752,0.4498074,0.9974257,0.01355679,0.00992619
2017-05,-0.00124203,0.3548051,0.9974244,0.009324923,0.0141129,-0.00124203,0.4529723,0.9973569,-0.001949514,0.0141129,-0.00124203,0.5766952,0.9974467,0.01149422,0.0141129,-0.00124203,0.3348559,0.9974566,0.01487273,0.0141129,-0.00124203,0.5880949,0.9973915,0.01007585,0.0141129,-0.00124203,0.6214237,0.9974422,-0.004325707,0.0141129,-0.00124203,0.5228554,0.9974709,0.006932133,0.0141129,-0.00124203,0.545856,0.9974442,0.007260646,0.0141129,-0.00124203,0.5978416,0.9974594,-0.007785955,0.0141129,-0.00124203,0.4076726,0.9974366,0.002742193,0.0141129,-0.00124203,0,0.999279,0.01410267,0.0141129,-0.00124203,0.5428949,0.9974085,0.005916299,0.0141129,-0.00124203,0.4481531,0.997375,0.007370876,0.0141129
2017-06,-0.0215553,0.6106381,0.9974039,-0.01799738,0.006362447,-0.0215553,0.4708392,0.9973495,-0.01761644,0.006362447,-0.0215553,0.8159135,0.9974535,-0.01966171,0.006362447,-0.0215553,0.3807999,0.9974884,-0.008139816,0.006362447,-0.0215553,0.7572218,0.9973682,-0.02301292,0.006362447,-0.0215553,0.3867171,0.9975033,0.002462351,0.006362447,-0.0215553,0.549775,0.9974683,0.001108869,0.006362447,-0.0215553,0.1820201,0.9974326,0.004327084,0.006362447,-0.0215553,0.616505,0.9973685,-0.007377765,0.006362447,-0.0215553,0.2403636,0.9974888,0.007650334,0.006362447,-0.0215553,0,0.999292,0.006357899,0.006362447,-0.0215553,0.5431378,0.9974167,-0.008863677,0.006362447,-0.0215553,0.4483986,0.9974414,-0.006218099,0.006362447
2017-07,0.02313167,0.5542319,0.9974206,0.03510902,0.02055418,0.02313167,0.5377981,0.9974447,0.03180046,0.02055418,0.02313167,0.612664,0.9974608,0.02660431,0.02055418,0.02313167,0.576691,0.9974099,0.03547529,0.02055418,0.02313167,0.7974257,0.9974744,0.03849297,0.02055418,0.02313167,0.443493,0.9974369,0.00841437,0.02055418,0.02313167,0.4599986,0.9974526,0.01144494,0.02055418,0.02313167,0.3852123,0.9974581,0.01683635,0.02055418,0.02313167,0.421055,0.9974022,0.0080467,0.02055418,0.02313167,0.2008811,0.9974548,0.005231427,0.02055418,0.02313167,0,0.9992983,0.02053958,0.02055418,0.02313167,0.5441772,0.9984039,0.022036,0.02055418,0.02313167,0.4494194,0.9984237,0.02179182,0.02055418
2017-08,0.04198758,0.5184967,0.9974263,0.03101255,0.002917697,0.04198758,0.4994861,0.9974107,0.01796634,0.002917697,0.04198758,0.5751337,0.9974837,0.03603314,0.002917697,0.04198758,0.5767971,0.9974131,0.02911285,0.002917697,0.04198758,0.4901631,0.9974403,0.02153426,0.002917697,0.04198758,0.481212,0.9974689,0.01338229,0.002917697,0.04198758,0.500368,0.9974787,0.02645254,0.002917697,0.04198758,0.4233367,0.9974252,0.008412113,0.002917697,0.04198758,0.4224367,0.9974523,0.01548766,0.002917697,0.04198758,0.5083882,0.997463,0.02271672,0.002917697,0.04198758,0,0.9993006,0.002915666,0.002917697,0.04198758,0.5446817,0.9974487,0.02406897,0.002917697,0.04198758,0.4499273,0.9974464,0.02036739,0.002917697
2017-09,-0.03369893,0.8344997,0.9974799,-0.03113314,0.02012898,-0.03369893,0.5540204,0.9974305,-0.01379333,0.02012898,-0.03369893,0.5886043,0.997462,-0.02483459,0.02012898,-0.03369893,0.2069063,0.9973887,0.01058128,0.02012898,-0.03369893,0.5778259,0.997415,-0.02324705,0.02012898,-0.03369893,0.1621977,0.9974821,0.01755544,0.02012898,-0.03369893,0.4423172,0.9974686,-0.0005047934,0.02012898,-0.03369893,0.4070621,0.9974693,0.01094793,0.02012898,-0.03369893,0.7904404,0.997399,-0.02442423,0.02012898,-0.03369893,0.4182462,0.9974707,0.009298784,0.02012898,-0.03369893,0,0.9993115,0.02011501,0.02012898,-0.03369893,0.5428852,0.9973638,-0.009367556,0.02012898,-0.03369893,0.4481343,0.9973994,-0.004265887,0.02012898
2017-10,-0.007484784,0.7172222,0.9974353,-0.01240033,0.02356406,-0.007484784,0.8805092,0.9974276,-0.003115081,0.02356406,-0.007484784,0.6346889,0.9974627,-0.006437709,0.02356406,-0.007484784,0.5356014,0.9973915,-0.004832484,0.02356406,-0.007484784,0.8996115,0.9977907,-0.00452261,0.02356406,-0.007484784,0.280169,0.9974244,0.02835374,0.02356406,-0.007484784,0.1160352,0.9974671,0.01901635,0.02356406,-0.007484784,0.3608291,0.9974512,0.02225586,0.02356406,-0.007484784,0.4603787,0.9974309,0.02064948,0.02356406,-0.007484784,0.09666743,0.9974745,0.02054865,0.02356406,-0.007484784,0,0.9993296,0.02354803,0.02356406,-0.007484784,0.5427295,0.9973965,0.006671234,0.02356406,-0.007484784,0.447999,0.997439,0.009613774,0.02356406
2017-11,0.003563437,0.9399283,0.9973921,0.00433849,0.03056582,0.003563437,0.8869021,0.9974123,0.002046762,0.03056582,0.003563437,0.9471116,0.9974565,0.004614821,0.03056582,0.003563437,0.5778438,0.9973777,0.002325117,0.03056582,0.003563437,0.9507784,0.9973841,0.004536141,0.03056582,0.003563437,0.05738014,0.9974279,0.02973,0.03056582,0.003563437,0.1107862,0.9974669,0.03197108,0.03056582,0.003563437,0.05030978,0.9974133,0.02945817,0.03056582,0.003563437,0.4192559,0.9974688,0.03138816,0.03056582,0.003563437,0.04637729,0.9974278,0.02953407,0.03056582,0.003563437,0,0.9993398,0.0305455,0.03056582,0.003563437,0.5427251,0.9974159,0.01589976,0.03056582,0.003563437,0.4480001,0.997468,0.0184601,0.03056582
2017-12,0.02105698,0.9571069,0.9973405,0.02071983,0.01216243,0.02105698,0.8845268,0.9973642,0.01400626,0.01216243,0.02105698,0.9521111,0.9974305,0.02033261,0.01216243,0.02105698,0.7168011,0.9974036,0.01793457,0.01216243,0.02105698,0.9571325,0.9974528,0.02072313,0.01216243,0.02105698,0.03945769,0.9974486,0.0125534,0.01216243,0.02105698,0.1125258,0.9974782,0.01926092,0.01216243,0.02105698,0.04440586,0.9974275,0.01291541,0.01216243,0.02105698,0.2808979,0.9974283,0.01532799,0.01216243,0.02105698,0.03948204,0.9974863,0.01255473,0.01216243,0.02105698,0,0.9993591,0.01215459,0.01216243,0.02105698,0.5428914,0.9973841,0.01712689,0.01216243,0.02105698,0.4481688,0.9974166,0.01628483,0.01216243
2018-01,0.03234937,0.9022047,0.9973994,0.03490422,0.05635914,0.03234937,0.8966461,0.9973823,0.03392976,0.05635914,0.03234937,0.7052373,0.9974384,0.03089375,0.05635914,0.03234937,0.8771002,0.9974221,0.03537759,0.05635914,0.03234937,0.9021964,0.9973894,0.03490341,0.05635914,0.03234937,0.09470124,0.9974365,0.05357643,0.05635914,0.03234937,0.1005662,0.9974579,0.05455816,0.05635914,0.03234937,0.2910463,0.9974788,0.05719263,0.05635914,0.03234937,0.1199405,0.9974566,0.05311411,0.05635914,0.03234937,0.09470848,0.9974477,0.05357928,0.05635914,0.03234937,0,0.9993872,0.05632323,0.05635914,0.03234937,0.5428551,0.9974423,0.04322152,0.05635914,0.03234937,0.4481003,0.9974273,0.04549552,0.05635914
2018-02,-0.02075989,0.4444993,0.9974069,-0.004456133,-0.03636041,-0.02075989,0.4302616,0.9973552,-0.00295058,-0.03636041,-0.02075989,0.5046251,0.9974517,-0.03914799,-0.03636041,-0.02075989,0.672358,0.9974342,-0.01762291,-0.03636041,-0.02075989,0.4204145,0.9974334,-0.00331153,-0.03636041,-0.02075989,0.5547943,0.9974408,-0.05195324,-0.03636041,-0.02075989,0.5689211,0.9974411,-0.0534083,-0.03636041,-0.02075989,0.5687133,0.9974709,-0.02165596,-0.03636041,-0.02075989,0.3794416,0.9974101,-0.03772252,-0.03636041,-0.02075989,0.5790019,0.9974198,-0.05305268,-0.03636041,-0.02075989,0,0.9993717,-0.03633848,-0.03636041,-0.02075989,0.5450314,0.9974207,-0.02753733,-0.03636041,-0.02075989,0.4502763,0.9973961,-0.02902061,-0.03636041
2018-03,0.00632,0.1236269,0.9973779,-0.0298195,-0.02739987,0.00632,0.2218963,0.997343,-0.05577128,-0.02739987,0.00632,0.6245831,0.9974414,-0.03530415,-0.02739987,0.00632,0.322167,0.9974076,-0.007758542,-0.02739987,0.00632,0.0158316,0.9974856,-0.02563958,-0.02739987,0.00632,0.8741019,0.9974425,0.009578966,-0.02739987,0.00632,0.9030565,0.9974831,0.01316547,-0.02739987,0.00632,0.4079807,0.997427,-0.04161649,-0.02739987,0.00632,0.749607,0.9974106,-0.004394605,-0.02739987,0.00632,0.9819833,0.9974874,0.004567693,-0.02739987,0.00632,0,0.9993719,-0.02738272,-0.02739987,0.00632,0.5454269,0.9973964,-0.008238353,-0.02739987,0.00632,0.4506961,0.997414,-0.01143703,-0.02739987
2018-04,-0.009539709,0.003725033,0.9974976,0.005950997,0.005168155,-0.009539709,0,0.9973725,0.005154493,0.005168155,-0.009539709,0.3423964,0.9974889,-0.007085859,0.005168155,-0.009539709,0.3938065,0.9974622,-0.006228087,0.005168155,-0.009539709,0,0.9974743,0.005155022,0.005168155,-0.009539709,0.9936074,0.9974808,-0.01034478,0.005168155,-0.009539709,0.9975031,0.9975031,-0.009515731,0.005168155,-0.009539709,0.8543981,0.9974341,-0.01288718,0.005168155,-0.009539709,0.73108,0.9974921,0.001878923,0.005168155,-0.009539709,0.9975144,0.9975144,-0.00951584,0.005168155,-0.009539709,0,0.9993603,0.005164829,0.005168155,-0.009539709,0.5431644,0.9973877,-0.002828261,0.005168155,-0.009539709,0.4484185,0.9974039,-0.001433623,0.005168155
2018-05,-0.01195923,0,0.9975481,0.02424832,0.0243091,-0.01195923,0,0.9974208,0.02424517,0.0243091,-0.01195923,0.520389,0.9974147,0.01610806,0.0243091,-0.01195923,0.09926404,0.9974755,0.01560605,0.0243091,-0.01195923,0,0.9975207,0.02424764,0.0243091,-0.01195923,0.9974202,0.9974202,-0.01192862,0.0243091,-0.01195923,0.997442,0.997442,-0.01192888,0.0243091,-0.01195923,0.9511104,0.9974083,-0.01027933,0.0243091,-0.01195923,0.897264,0.9975103,-0.003658605,0.0243091,-0.01195923,0.9974536,0.9974536,-0.01192902,0.0243091,-0.01195923,0,0.9993721,0.02429353,0.0243091,-0.01195923,0.5434903,0.9973837,0.004474642,0.0243091,-0.01195923,0.4487403,0.9974043,0.007912183,0.0243091
2018-06,-0.03614947,0,0.9976014,0.005751234,0.005765307,-0.03614947,0,0.9974768,0.005750503,0.005765307,-0.03614947,0.7610843,0.9974378,-0.03032663,0.005765307,-0.03614947,0,0.9975341,0.00575084,0.005765307,-0.03614947,0,0.9975746,0.005751077,0.005765307,-0.03614947,0.9973759,0.9973759,-0.03605584,0.005765307,-0.03614947,0.9973981,0.9973981,-0.03605663,0.005765307,-0.03614947,0.9510767,0.9973987,-0.03385531,0.005765307,-0.03614947,0.9974481,0.9974481,-0.03605841,0.005765307,-0.03614947,0.9974099,0.9974099,-0.03605705,0.005765307,-0.03614947,0,0.9993858,0.005761703,0.005765307,-0.03614947,0.5422659,0.9976868,-0.01720422,0.005765307,-0.03614947,0.4475264,0.997733,-0.01323141,0.005765307
2018-07,-0.02241888,0.4801484,0.9975506,0.01865397,0.03704659,-0.02241888,0.4918262,0.9975493,0.01721996,0.03704659,-0.02241888,0.2476319,0.9975406,0.02919074,0.03704659,-0.02241888,0.7301273,0.9974069,-0.01303965,0.03704659,-0.02241888,0.695783,0.9973827,-0.007370719,0.03704659,-0.02241888,0.5160888,0.997347,-0.004998048,0.03704659,-0.02241888,0.504047,0.9973908,-0.003562958,0.03704659,-0.02241888,0.7491816,0.9974847,-0.01519123,0.03704659,-0.02241888,0.2637167,0.9974217,0.02708601,0.03704659,-0.02241888,0.2996754,0.9974395,0.02115767,0.03704659,-0.02241888,0,0.9993942,0.03702357,0.03704659,-0.02241888,0.5405934,0.997234,0.004337618,0.03704659,-0.02241888,0.4458571,0.9972157,0.009972747,0.03704659
2018-08,-0.02138115,0.9169286,0.9981214,-0.01708406,0.03191981,-0.02138115,0.9169153,0.9981525,-0.01708284,0.03191981,-0.02138115,0.8041633,0.9973659,-0.0108239,0.03191981,-0.02138115,0.5380229,0.9974529,0.0001049521,0.03191981,-0.02138115,0.9168864,0.9981852,-0.01707832,0.03191981,-0.02138115,0.07827425,0.9974491,0.02756392,0.03191981,-0.02138115,0.07829029,0.997468,0.02756396,0.03191981,-0.02138115,0.1944031,0.9974094,0.02076135,0.03191981,-0.02138115,0.2665296,0.9973899,0.01810127,0.03191981,-0.02138115,0.07830092,0.9974224,0.02756203,0.03191981,-0.02138115,0,0.9994089,0.03190068,0.03191981,-0.02138115,0.541999,0.9973746,0.002638986,0.03191981,-0.02138115,0.447248,0.9974479,0.00769147,0.03191981
2018-09,-0.006607347,0.8082847,0.9974241,-0.004129124,0.005969625,-0.006607347,0.9932653,0.997589,-0.006241951,0.005969625,-0.006607347,0.776029,0.9974077,-0.001953756,0.005969625,-0.006607347,0.4466441,0.9973954,-0.003857845,0.005969625,-0.006607347,0.9764008,0.9973831,-0.006861654,0.005969625,-0.006607347,0.1153514,0.9974276,0.004486152,0.005969625,-0.006607347,0.00407328,0.9974806,0.005593009,0.005969625,-0.006607347,0.2216119,0.997398,0.00111313,0.005969625,-0.006607347,0.3132974,0.9974006,0.002617626,0.005969625,-0.006607347,0.02099847,0.9974942,0.006217331,0.005969625,-0.006607347,0,0.9994195,0.005966158,0.005969625,-0.006607347,0.5442285,0.9983741,-0.0008611076,0.005969625,-0.006607347,0.4494596,0.9983717,0.0003308116,0.005969625
2018-10,0.02119546,0.4421143,0.9974162,-0.05476069,-0.06910429,0.02119546,0.5943555,0.9974735,-0.003760319,-0.06910429,0.02119546,0.3809658,0.9974093,-0.0684904,-0.06910429,0.02119546,0.3705831,0.9974095,-0.06496683,-0.06910429,0.02119546,0.5138732,0.9974205,0.0118375,-0.06910429,0.02119546,0.4681554,0.9974634,-0.02461217,-0.06910429,0.02119546,0.4035775,0.9975182,-0.04612274,-0.06910429,0.02119546,0.4373254,0.9973855,-0.04141648,-0.06910429,0.02119546,0.2630375,0.9974286,-0.04575383,-0.06910429,0.02119546,0.484456,0.9975576,-0.06061634,-0.06910429,0.02119546,0,0.9993974,-0.06906439,-0.06910429,0.02119546,0.5478762,0.9973975,-0.01993643,-0.06910429,0.02119546,0.4531359,0.9974053,-0.02849161,-0.06910429
2018-11,0.003386887,0.3977165,0.9978177,0.04412018,0.01854931,0.003386887,0.4240047,0.9974353,-0.01444523,0.01854931,0.003386887,0.4070368,0.9978157,0.04526916,0.01854931,0.003386887,0.9151179,0.9973992,-0.004124602,0.01854931,0.003386887,0.06985333,0.9973585,0.01751687,0.01854931,0.003386887,0.600652,0.9974886,-0.02158245,0.01854931,0.003386887,0.5750394,0.9975183,0.03700665,0.01854931,0.003386887,0.5909937,0.997473,-0.02270724,0.01854931,0.003386887,0.5351447,0.997515,0.03049155,0.01854931,0.003386887,0.9278042,0.9975638,0.004509168,0.01854931,0.003386887,0,0.9993827,0.01853781,0.01854931,0.003386887,0.5434678,0.9974325,0.01078559,0.01854931,0.003386887,0.4487084,0.997431,0.01222505,0.01854931
2018-12,0.04942011,0.1334204,0.9971916,-0.08636843,-0.08804695,0.04942011,0.03710166,0.9973459,-0.08272624,-0.08804695,0.04942011,0.1461884,0.9972771,-0.08264186,-0.08804695,0.04942011,0.5777863,0.9974515,0.02769815,-0.08804695,0.04942011,0.05643357,0.9973176,-0.07650719,-0.08804695,0.04942011,0.8107344,0.9974535,0.05669927,-0.08804695,0.04942011,0.9610875,0.997488,0.04384229,-0.08804695,0.04942011,0.8024918,0.9974353,0.05236654,-0.08804695,0.04942011,0.5777759,0.9974367,0.02770025,-0.08804695,0.04942011,0.9436223,0.9974634,0.03754708,-0.08804695,0.04942011,0,0.9993494,-0.08799334,-0.08804695,0.04942011,0.5471043,0.9973962,-0.01364855,-0.08804695,0.04942011,0.4523701,0.9973935,-0.02668073,-0.08804695
2019-01,0.02886598,0,0.9975575,0.07986297,0.08006562,0.02886598,0,0.9974758,0.07985618,0.08006562,0.02886598,0.4187066,0.9974546,0.06113244,0.08006562,0.02886598,0.6274776,0.9974373,0.04818217,0.08006562,0.02886598,0,0.9976289,0.07986889,0.08006562,0.02886598,0.9974561,0.9974561,0.02879205,0.08006562,0.02886598,0.9975953,0.9975953,0.0287961,0.08006562,0.02886598,0.6514573,0.9974252,0.0453473,0.08006562,0.02886598,0.5296523,0.9974996,0.05711076,0.08006562,0.02886598,0.9975371,0.9975371,0.02879441,0.08006562,0.02886598,0,0.9993557,0.08001216,0.08006562,0.02886598,0.5417779,0.9974181,0.05200704,0.08006562,0.02886598,0.4470027,0.997411,0.05686201,0.08006562
2019-02,-0.006092184,0.2100219,0.9976437,0.01510111,0.03241581,-0.006092184,0.01566982,0.9975192,0.03248224,0.03241581,-0.006092184,0.5554625,0.9974525,0.01116876,0.03241581,-0.006092184,0.4226546,0.9974371,0.01862758,0.03241581,-0.006092184,0,0.9977642,0.03234205,0.03241581,-0.006092184,0.9975081,0.9975081,-0.006077019,0.03241581,-0.006092184,0.9817076,0.9975135,-0.006251384,0.03241581,-0.006092184,0.562803,0.997484,0.009337407,0.03241581,-0.006092184,0.5203147,0.9974507,0.01707789,0.03241581,-0.006092184,0.9975875,0.9975875,-0.006077502,0.03241581,-0.006092184,0,0.9993926,0.03239577,0.03241581,-0.006092184,0.5424499,0.9974462,0.01128073,0.03241581,-0.006092184,0.4476942,0.9974338,0.01492935,0.03241581
2019-03,-0.01596903,0.4197734,0.9975031,0.01629343,0.01810093,-0.01596903,0.8207758,0.9973924,0.01507289,0.01810093,-0.01596903,0.5945529,0.9973874,-0.01071023,0.01810093,-0.01596903,0.7413776,0.9974669,-0.04694864,0.01810093,-0.01596903,0.820684,0.9974415,0.01496965,0.01810093,-0.01596903,0.3874876,0.9975063,0.001991635,0.01810093,-0.01596903,0.1756956,0.9974662,-0.01308142,0.01810093,-0.01596903,0.4188594,0.9974933,-0.001178137,0.01810093,-0.01596903,0.7413823,0.9974675,-0.04694804,0.01810093,-0.01596903,0.1765865,0.997456,-0.01293427,0.01810093,-0.01596903,0,0.9994049,0.01809009,0.01810093,-0.01596903,0.5428968,0.9974124,-7.965036e-05,0.01810093,-0.01596903,0.4481498,0.9973765,0.003147841,0.01810093
2019-04,-0.0066388,0.4882073,0.9974805,0.02401766,0.04085245,-0.0066388,0.9163468,0.9973493,-0.002821453,0.04085245,-0.0066388,0.7158107,0.9974601,0.005915624,0.04085245,-0.0066388,0.9588746,0.9974053,-0.006518113,0.04085245,-0.0066388,0.9163902,0.9973366,-0.002880487,0.04085245,-0.0066388,0.1459588,0.9974082,0.03420375,0.04085245,-0.0066388,0.07944057,0.9974455,0.03687621,0.04085245,-0.0066388,0.2645162,0.9974192,0.02919726,0.04085245,-0.0066388,0.9589031,0.9974573,-0.006517704,0.04085245,-0.0066388,0.0794989,0.9974183,0.03693279,0.04085245,-0.0066388,0,0.9994255,0.04082842,0.04085245,-0.0066388,0.5410198,0.9974381,0.01482656,0.04085245,-0.0066388,0.4462754,0.9974214,0.019325,0.04085245
2019-05,0.01757426,0.790968,0.9973908,0.008879337,-0.06377117,0.01757426,0.9621334,0.9974109,0.01859367,-0.06377117,0.01757426,0.6439469,0.9973816,0.0009101241,-0.06377117,0.01757426,0.6785357,0.9973892,-0.03206668,-0.06377117,0.01757426,0.9404234,0.9973604,0.01505632,-0.06377117,0.01757426,0.133559,0.9974358,-0.05973435,-0.06377117,0.01757426,0.03451127,0.9974647,-0.06462545,-0.06377117,0.01757426,0.353785,0.997462,-0.04751245,-0.06377117,0.01757426,0.623263,0.9975441,-0.02733045,-0.06377117,0.01757426,0.05725435,0.9974502,-0.06111237,-0.06377117,0.01757426,0,0.9994192,-0.06373514,-0.06377117,0.01757426,0.5441841,0.9974304,-0.01961133,-0.06377117,0.01757426,0.4494053,0.9974064,-0.02732043,-0.06377117
2019-06,0.08002919,0.7826842,0.9974681,0.116152,0.06958514,0.08002919,0.9975993,0.9975993,0.07982997,0.06958514,0.08002919,0.6466465,0.9974635,0.05062063,0.06958514,0.08002919,0.5689925,0.997494,0.05418525,0.06958514,0.08002919,0.9975666,0.9975666,0.07982727,0.06958514,0.08002919,0.2141499,0.9976061,0.03436285,0.06958514,0.08002919,0,0.9975477,0.06940642,0.06958514,0.08002919,0.413242,0.9974281,0.1014187,0.06958514,0.08002919,0.5659725,0.9974414,0.05439654,0.06958514,0.08002919,0,0.9974909,0.06940228,0.06958514,0.08002919,0,0.9994238,0.06954314,0.06958514,0.08002919,0.5448763,0.9974161,0.07545067,0.06958514,0.08002919,0.4501029,0.9973855,0.07445532,0.06958514
2019-07,7.507508e-05,0.9975864,0.9975864,7.48935e-05,0.01511945,7.507508e-05,0.9940781,0.997664,-0.0002625054,0.01511945,7.507508e-05,0.7027057,0.9974878,-0.009290552,0.01511945,7.507508e-05,0.6702484,0.9974178,-0.005390661,0.01511945,7.507508e-05,0.9976681,0.9976681,7.489965e-05,0.01511945,7.507508e-05,0,0.9976678,0.0150835,0.01511945,7.507508e-05,0.003651017,0.9976205,0.01542716,0.01511945,7.507508e-05,0.3463423,0.9975113,0.02902229,0.01511945,7.507508e-05,0.5668816,0.9974498,0.01514784,0.01511945,7.507508e-05,0,0.9975899,0.0150823,0.01511945,7.507508e-05,0,0.9994465,0.01511092,0.01511945,7.507508e-05,0.5442897,0.9974532,0.007001971,0.01511945,7.507508e-05,0.4494995,0.9973797,0.008427225,0.01511945
2019-08,0.07912319,0.8397923,0.9976714,0.1003447,-0.01674344,0.07912319,0.5971494,0.9974247,0.05960952,-0.01674344,0.07912319,0.9975948,0.9975948,0.07892139,-0.01674344,0.07912319,0.5103865,0.9974782,0.01678679,-0.01674344,0.07912319,0.9977967,0.9977967,0.07893832,-0.01674344,0.07912319,0.157708,0.9975839,-0.03598974,-0.01674344,0.07912319,0.4031216,0.9974593,0.001464231,-0.01674344,0.07912319,0,0.9974373,-0.01670163,-0.01674344,0.07912319,0.5548323,0.9974578,0.02358749,-0.01674344,0.07912319,0,0.9975155,-0.0167029,-0.01674344,0.07912319,0,0.9994294,-0.01673413,-0.01674344,0.07912319,0.5467733,0.9974211,0.03535337,-0.01674344,0.07912319,0.4520089,0.9974086,0.02627172,-0.01674344
2019-09,-0.03394783,0.7029164,0.9973755,-0.008309119,0.01945671,-0.03394783,0.4974094,0.9974029,0.00679206,0.01945671,-0.03394783,0.9425539,0.9974876,-0.03280257,0.01945671,-0.03394783,0.7843875,0.9974195,-0.02571392,0.01945671,-0.03394783,0.4083967,0.9974599,0.007050241,0.01945671,-0.03394783,0.2111854,0.9974135,0.01189484,0.01945671,-0.03394783,0.4973803,0.9974329,-0.02165039,0.01945671,-0.03394783,0.05473802,0.9974709,0.01331215,0.01945671,-0.03394783,0.2108622,0.9974802,0.01110537,0.01945671,-0.03394783,0.5869103,0.9974599,-0.02199446,0.01945671,-0.03394783,0,0.9994456,0.01944571,0.01945671,-0.03394783,0.5408374,0.9974051,-0.009640441,0.01945671,-0.03394783,0.4460974,0.9974428,-0.004580152,0.01945671
2019-10,0.02563549,0.7905237,0.9974068,0.01706919,0.02210466,0.02563549,0.6242212,0.9973553,0.01640007,0.02210466,0.02563549,0.7803674,0.9974455,0.02838074,0.02210466,0.02563549,0.5433364,0.9976687,0.01759285,0.02210466,0.02563549,0.7078733,0.9974292,0.03589914,0.02210466,0.02563549,0.2215312,0.9974117,0.03234973,0.02210466,0.02563549,0.2659798,0.9974733,0.03894095,0.02210466,0.02563549,0.3397268,0.9974498,0.03526529,0.02210466,0.02563549,0.3308178,0.9976976,0.03024951,0.02210466,0.02563549,0.2897839,0.9974135,0.01164653,0.02210466,0.02563549,0,0.9994454,0.0220924,0.02210466,0.02563549,0.5441244,0.9974008,0.02405753,0.02210466,0.02563549,0.4493867,0.9974199,0.02372229,0.02210466
2019-11,-0.03208594,0.729233,0.9973948,-0.01765449,0.0361982,-0.03208594,0.8031579,0.9973232,-0.02194907,0.0361982,-0.03208594,0.7275155,0.9974383,-0.01938202,0.0361982,-0.03208594,0.6405977,0.9976027,-0.00404274,0.0361982,-0.03208594,0.8861794,0.9974117,-0.02460918,0.0361982,-0.03208594,0.2664091,0.9974403,0.0209109,0.0361982,-0.03208594,0.2126876,0.9974641,0.02523924,0.0361982,-0.03208594,0.2686752,0.9973859,0.02263517,0.0361982,-0.03208594,0.6406224,0.9976008,-0.004044352,0.0361982,-0.03208594,0.1081461,0.997406,0.02851874,0.0361982,-0.03208594,0,0.9994686,0.03617856,0.0361982,-0.03208594,0.5416548,0.9974027,-0.001436598,0.0361982,-0.03208594,0.4469234,0.9974626,0.005034118,0.0361982
2019-12,0.03655883,0.8981171,0.9974549,0.03704118,0.02905546,0.03655883,0.8987878,0.9974066,0.03738195,0.02905546,0.03655883,0.8114067,0.9974139,0.03606878,0.02905546,0.03655883,0.8189227,0.9974097,0.03810236,0.02905546,0.03655883,0.9167177,0.997477,0.03652647,0.02905546,0.03655883,0.1000665,0.9974014,0.02841129,0.02905546,0.03655883,0.1064983,0.9974164,0.02741906,0.02905546,0.03655883,0.1882128,0.9974375,0.02923425,0.02905546,0.03655883,0.4057046,0.9974915,0.022278,0.02905546,0.03655883,0.08163233,0.9974045,0.0289302,0.02905546,0.03655883,0,0.9994816,0.02904025,0.02905546,0.03655883,0.5445745,0.9978223,0.0331177,0.02905546,0.03655883,0.4498214,0.9978096,0.03240647,0.02905546
2020-01,0.0449965,0.7460526,0.9974681,0.04120259,-0.0004039023,0.0449965,0.7425467,0.9974261,0.03918655,-0.0004039023,0.0449965,0.7684613,0.9974592,0.03868502,-0.0004039023,0.0449965,0.7631483,0.9974336,0.03796933,-0.0004039023,0.0449965,0.7766846,0.9974758,0.03959051,-0.0004039023,0.0449965,0.2501009,0.9973782,0.003319272,-0.0004039023,0.0449965,0.2533,0.9973882,0.005354427,-0.0004039023,0.0449965,0.2278756,0.9973756,0.005715619,-0.0004039023,0.0449965,0.2330017,0.9973317,0.006506648,-0.0004039023,0.0449965,0.2199471,0.9974115,0.004772309,-0.0004039023,0.0449965,0,0.9987259,-0.00034518,-0.0004039023,0.0449965,0.5419487,0.9974273,0.02477694,-0.0004039023,0.0449965,0.4471909,0.9974301,0.02046889,-0.0004039023
2020-02,-0.006361749,0.3903998,0.9974869,0.01413651,-0.07916576,-0.006361749,0.2370367,0.9974636,-0.003210728,-0.07916576,-0.006361749,0.3708571,0.9974134,-0.01776077,-0.07916576,-0.006361749,0.2497628,0.9974353,-0.001830715,-0.07916576,-0.006361749,0.3903743,0.9974727,0.01414072,-0.07916576,-0.006361749,0.6066645,0.9973885,-0.09653011,-0.07916576,-0.006361749,0.7598687,0.997409,-0.08102999,-0.07916576,-0.006361749,0.6259787,0.997376,-0.06631135,-0.07916576,-0.006361749,0.7473878,0.9974088,-0.08225153,-0.07916576,-0.006361749,0.6066778,0.9974066,-0.09652314,-0.07916576,-0.006361749,0,0.997471,-0.07896145,-0.07916576,-0.006361749,0.541696,0.9973877,-0.03891181,-0.07916576,-0.006361749,0.4469375,0.9973917,-0.04581407,-0.07916576
2020-03,-0.002224019,0.265142,0.9976378,-0.09778171,-0.1248729,-0.002224019,0.1945154,0.9978369,-0.1137215,-0.1248729,-0.002224019,0.2251839,0.9974467,-0.05681851,-0.1248729,-0.002224019,0.1390744,0.9972875,-0.1119585,-0.1248729,-0.002224019,0.1037751,0.997591,-0.1096067,-0.1248729,-0.002224019,0.8319279,0.9974941,-0.032252,-0.1248729,-0.002224019,0.9008858,0.9974136,-0.01574101,-0.1248729,-0.002224019,0.7184327,0.9973992,-0.09830704,-0.1248729,-0.002224019,0.8571285,0.9973747,-0.01309758,-0.1248729,-0.002224019,0.8926458,0.9974563,-0.01749763,-0.1248729,-0.002224019,0,0.9968615,-0.124523,-0.1248729,-0.002224019,0.5425779,0.9973445,-0.05634413,-0.1248729,-0.002224019,0.4478809,0.9973648,-0.06799189,-0.1248729
2020-04,0.0726106,0,0.9979128,0.1267026,0.1269835,0.0726106,0,0.9985024,0.126782,0.1269835,0.0726106,0,0.9979214,0.1267038,0.1269835,0.0726106,0.07142211,0.9975073,0.130734,0.1269835,0.0726106,0,0.9979608,0.1267091,0.1269835,0.0726106,0.9977657,0.9977657,0.07243729,0.1269835,0.0726106,0.9976246,0.9976246,0.07242634,0.1269835,0.0726106,0.9977858,0.9977858,0.07243884,0.1269835,0.0726106,0.9273985,0.9974928,0.06843144,0.1269835,0.0726106,0.997704,0.997704,0.0724325,0.1269835,0.0726106,0,0.99698,0.1265771,0.1269835,0.0726106,0.5438357,0.9974253,0.0970261,0.1269835,0.0726106,0.4490696,0.9974011,0.1021723,0.1269835
2020-05,0.02588161,0,0.998039,0.04755173,0.04764528,0.02588161,0,0.998593,0.04757816,0.04764528,0.02588161,0,0.998047,0.04755212,0.04764528,0.02588161,0.06249852,0.9974286,0.0499128,0.04764528,0.02588161,0,0.998084,0.04755388,0.04764528,0.02588161,0.9978109,0.9978109,0.02582401,0.04764528,0.02588161,0.9976726,0.9976726,0.02582037,0.04764528,0.02588161,0.9978305,0.9978305,0.02582452,0.04764528,0.02588161,0.9342842,0.9974288,0.02343147,0.04764528,0.02588161,0.9977504,0.9977504,0.02582242,0.04764528,0.02588161,0,0.9971624,0.04750992,0.04764528,0.02588161,0.5424661,0.9973904,0.03580194,0.04764528,0.02588161,0.4477347,0.9974431,0.03786607,0.04764528
2020-06,0.02737708,0,0.9981618,0.01770204,0.01773528,0.02737708,0,0.9986811,0.01771143,0.01773528,0.02737708,0,0.9981693,0.01770218,0.01773528,0.02737708,0.08114816,0.997412,0.005585218,0.01773528,0.02737708,0,0.998204,0.01770281,0.01773528,0.02737708,0.997832,0.997832,0.02731768,0.01773528,0.02737708,0.997695,0.997695,0.02731393,0.01773528,0.02737708,0.9978514,0.9978514,0.02731821,0.01773528,0.02737708,0.9407922,0.9974715,0.03053249,0.01773528,0.02737708,0.9977721,0.9977721,0.02731604,0.01773528,0.02737708,0,0.9973399,0.01768718,0.01773528,0.02737708,0.54261,0.9974203,0.02476382,0.01773528,0.02737708,0.4479012,0.9974251,0.02384383,0.01773528
2020-07,0.1079046,0.3784645,0.9979114,0.1276893,0.0588922,0.1079046,0.3784533,0.9982281,0.1277122,0.0588922,0.1079046,0.5650214,0.9975604,0.1103121,0.0588922,0.1079046,0.776427,0.997521,0.1068016,0.0588922,0.1079046,0.3605733,0.9979462,0.1221728,0.0588922,0.1079046,0.6198782,0.9977038,0.03996286,0.0588922,0.1079046,0.6198058,0.9976557,0.03996362,0.0588922,0.1079046,0.4344568,0.997495,0.05677063,0.0588922,0.1079046,0.2948377,0.9974184,0.04619955,0.0588922,0.1079046,0.6382429,0.9976719,0.04535441,0.0588922,0.1079046,0,0.9974244,0.05873526,0.0588922,0.1079046,0.5447826,0.9974184,0.08586287,0.0588922,0.1079046,0.4500427,0.997488,0.08121987,0.0588922
2020-08,-0.003235722,0.9068756,0.99791,0.003237831,0.06979664,-0.003235722,0.9280101,0.9973854,0.001625328,0.06979664,-0.003235722,0.828746,0.9974166,0.003628909,0.06979664,-0.003235722,0.5140617,0.9974313,0.0157994,0.06979664,-0.003235722,0.906878,0.997902,0.003237527,0.06979664,-0.003235722,0.08851123,0.9974804,0.06294851,0.06979664,-0.003235722,0.06740234,0.9974912,0.06460196,0.06979664,-0.003235722,0.1675963,0.997447,0.06241716,0.06979664,-0.003235722,0.2633015,0.9974096,0.05781802,0.06979664,-0.003235722,0.08851077,0.9974999,0.06295006,0.06979664,-0.003235722,0,0.9975649,0.06962096,0.06979664,-0.003235722,0.540614,0.9974169,0.02959942,0.06979664,-0.003235722,0.4458863,0.9974446,0.03652236,0.06979664
2020-09,-0.04171401,0.9305559,0.9971755,-0.04166234,-0.03744299,-0.04171401,0.9581477,0.9974109,-0.04382822,-0.03744299,-0.04171401,0.4586307,0.9973176,-0.01626967,-0.03744299,-0.04171401,0.81694,0.9975884,-0.05046216,-0.03744299,-0.04171401,0.4962413,0.9969482,-0.01246738,-0.03744299,-0.04171401,0.06720516,0.9973855,-0.03724457,-0.03744299,-0.04171401,0.0405114,0.997425,-0.03502568,-0.03744299,-0.04171401,0.4129618,0.9978336,-0.071816,-0.03744299,-0.04171401,0.1204099,0.9974389,-0.03314137,-0.03744299,-0.04171401,0.5014225,0.9973869,-0.06596275,-0.03744299,-0.04171401,0,0.9975611,-0.03735487,-0.03744299,-0.04171401,0.5429344,0.9974286,-0.03934106,-0.03744299,-0.04171401,0.4481946,0.9974512,-0.03893912,-0.03744299
2020-10,-0.005194219,0.9892273,0.9974652,-0.005540655,-0.02493356,-0.005194219,0.9836152,0.997403,-0.00344461,-0.02493356,-0.005194219,0.4868002,0.9972365,-0.02326998,-0.02493356,-0.005194219,0.672659,0.9976256,-0.02583712,-0.02493356,-0.005194219,0.9812728,0.9974802,-0.005885657,-0.02493356,-0.005194219,0.008063808,0.9974242,-0.02453982,-0.02493356,-0.005194219,0.01338956,0.9974685,-0.02655002,-0.02493356,-0.005194219,0.3199015,0.9974199,-0.01923699,-0.02493356,-0.005194219,0.3894993,0.9974265,-0.02406149,-0.02493356,-0.005194219,0.01642452,0.9974506,-0.02419961,-0.02493356,-0.005194219,0,0.9976008,-0.02487261,-0.02493356,-0.005194219,0.5437444,0.997401,-0.01393041,-0.02493356,-0.005194219,0.4489915,0.9973929,-0.01580374,-0.02493356
2020-11,-0.05408627,0.9974402,0.9974402,-0.0539482,0.1087769,-0.05408627,0.754998,0.9974796,0.03442269,0.1087769,-0.05408627,0.8771677,0.9974214,-0.04429026,0.1087769,-0.05408627,0.7405465,0.9973625,-0.04105025,0.1087769,-0.05408627,0.9974337,0.9974337,-0.05394785,0.1087769,-0.05408627,0,0.9975028,0.1084838,0.1087769,-0.05408627,0.2412844,0.9974325,0.01473896,0.1087769,-0.05408627,0.1211119,0.997416,0.09839059,0.1087769,-0.05408627,0.2308969,0.9974773,0.09601432,0.1087769,-0.05408627,0,0.9975213,0.108486,0.1087769,-0.05408627,0,0.9976761,0.1085042,0.1087769,-0.05408627,0.5418883,0.9974411,0.01869954,0.1087769,-0.05408627,0.447138,0.9974213,0.03413276,0.1087769
2020-12,0.0701386,0.9297044,0.9974088,0.06746033,0.03704836,0.0701386,0.9194018,0.997417,0.07194564,0.03704836,0.0701386,0.8081138,0.9974738,0.05114082,0.03704836,0.0701386,0.6899239,0.9974015,0.07002983,0.03704836,0.0701386,0.9521605,0.9973929,0.0720052,0.03704836,0.0701386,0.06737675,0.9975038,0.0394549,0.03704836,0.0701386,0.07790775,0.9974616,0.0349062,0.03704836,0.0701386,0.1270948,0.9974231,0.0466138,0.03704836,0.0701386,0.3090648,0.997445,0.03677876,0.03704836,0.0701386,0.04451221,0.997572,0.03495044,0.03704836,0.0701386,0,0.9977803,0.03696457,0.03704836,0.0701386,0.5447329,0.9974123,0.05497325,0.03704836,0.0701386,0.4499586,0.9973826,0.0518349,0.03704836
2021-01,-0.03223817,0.8769199,0.9974126,-0.02847078,-0.01019044,-0.03223817,0.8632285,0.9973608,-0.02551615,-0.01019044,-0.03223817,0.6911173,0.9974409,-0.02550564,-0.01019044,-0.03223817,0.6624093,0.997438,-0.02908829,-0.01019044,-0.03223817,0.9109784,0.9973976,-0.03669441,-0.01019044,-0.03223817,0.1199074,0.997398,-0.01344466,-0.01019044,-0.03223817,0.1335335,0.9974491,-0.0162792,-0.01019044,-0.03223817,0.1062806,0.9973864,-0.01679415,-0.01019044,-0.03223817,0.2518661,0.997411,-0.01315319,-0.01019044,-0.03223817,0.08672018,0.9974041,-0.005461461,-0.01019044,-0.03223817,0,0.9978446,-0.01016821,-0.01019044,-0.03223817,0.5431474,0.9974621,-0.02163867,-0.01019044,-0.03223817,0.4483804,0.9974116,-0.01954847,-0.01019044
2021-02,-0.0625688,0.5318087,0.9974852,0.004961719,0.02780555,-0.0625688,0.6665805,0.9974246,-0.01427248,0.02780555,-0.0625688,0.5239492,0.997438,-0.005414463,0.02780555,-0.0625688,0.6918644,0.9973611,-0.02779857,0.02780555,-0.0625688,0.5270714,0.9974596,0.006362105,0.02780555,-0.0625688,0.4613704,0.9974293,-0.04058821,0.02780555,-0.0625688,0.4628236,0.9973921,-0.0394553,0.02780555,-0.0625688,0.5952829,0.9974084,-0.04664249,0.02780555,-0.0625688,0.300205,0.9974218,-0.008127689,0.02780555,-0.0625688,0.4660775,0.9974503,-0.04192554,0.02780555,-0.0625688,0,0.997892,0.02774428,0.02780555,-0.0625688,0.5407475,0.9974384,-0.02177734,0.02780555,-0.0625688,0.4460153,0.9973962,-0.01321308,0.02780555
2021-03,-0.01143316,0.6232585,0.9974004,0.00861067,0.04539867,-0.01143316,0.6210723,0.997379,0.008636345,0.04539867,-0.01143316,0.4586122,0.9973924,0.01744879,0.04539867,-0.01143316,0.5676246,0.9974042,0.01117943,0.04539867,-0.01143316,0.428111,0.9973566,0.01045778,0.04539867,-0.01143316,0.3725809,0.9974086,0.02458466,0.04539867,-0.01143316,0.374767,0.9974182,0.02455486,0.04539867,-0.01143316,0.5436195,0.9973923,0.01476492,0.04539867,-0.01143316,0.4314742,0.997452,0.021351,0.04539867,-0.01143316,0.5677843,0.9974469,0.02257105,0.04539867,-0.01143316,0,0.9979087,0.04530134,0.04539867,-0.01143316,0.5425833,0.9974614,0.01414633,0.04539867,-0.01143316,0.447829,0.9974319,0.01953088,0.04539867
2021-04,0.03563391,0.8416909,0.9973852,0.03901973,0.05291045,0.03563391,0.8431601,0.9973721,0.03865604,0.05291045,0.03563391,0.7108698,0.9974628,0.04129456,0.05291045,0.03563391,0.642414,0.9974363,0.03803563,0.05291045,0.03563391,0.8278999,0.9973855,0.03999555,0.05291045,0.03563391,0.1557904,0.9973731,0.04929637,0.05291045,0.03563391,0.1543996,0.9974201,0.04967458,0.05291045,0.03563391,0.3127874,0.997387,0.04538477,0.05291045,0.03563391,0.3498299,0.9974285,0.04934403,0.05291045,0.03563391,0.1695751,0.9974506,0.0483226,0.05291045,0.03563391,0,0.9980261,0.05280194,0.05291045,0.03563391,0.5445751,0.9977943,0.04339825,0.05291045,0.03563391,0.4494593,0.9974363,0.04504713,0.05291045
2021-05,0.07678377,0.5115104,0.9974192,0.04798789,0.00656602,0.07678377,0.4305417,0.997419,0.04022137,0.00656602,0.07678377,0.5566403,0.997443,0.05054913,0.00656602,0.07678377,0.5399524,0.9973629,0.05033405,0.00656602,0.07678377,0.5523316,0.9974285,0.04922419,0.00656602,0.07678377,0.4606125,0.9973839,0.03161001,0.00656602,0.07678377,0.5671996,0.9974206,0.04149283,0.00656602,0.07678377,0.4449408,0.9974211,0.03139304,0.00656602,0.07678377,0.4621757,0.9973955,0.0317666,0.00656602,0.07678377,0.4496163,0.9974328,0.03274694,0.00656602,0.07678377,0,0.9980449,0.006553228,0.00656602,0.07678377,0.5464129,0.9974327,0.04428637,0.00656602,0.07678377,0.451646,0.9973816,0.0376244,0.00656602
2021-06,-0.07147662,0.393733,0.9974176,-0.01769618,0.02242714,-0.07147662,0.3248031,0.9973694,-0.0103748,0.02242714,-0.07147662,0.4155324,0.9974538,-0.02040937,0.02242714,-0.07147662,0.3270873,0.9973647,-0.01063805,0.02242714,-0.07147662,0.3254241,0.9974433,-0.01105874,0.02242714,-0.07147662,0.6004941,0.9973828,-0.03313569,0.02242714,-0.07147662,0.592353,0.9974212,-0.03231843,0.02242714,-0.07147662,0.537936,0.9973747,-0.02650228,0.02242714,-0.07147662,0.5946253,0.9974283,-0.03257541,0.02242714,-0.07147662,0.6690881,0.9974105,-0.03964626,0.02242714,-0.07147662,0,0.9980786,0.02238374,0.02242714,-0.07147662,0.5415669,0.997429,-0.02952178,0.02242714,-0.07147662,0.4468192,0.9974161,-0.0206234,0.02242714
2021-07,0.02529735,0.3814081,0.9974086,0.02341396,0.02441247,0.02529735,0.4345663,0.9973477,0.01611005,0.02441247,0.02529735,0.4440855,0.9974309,0.02679341,0.02441247,0.02529735,0.4513023,0.9973939,0.01343189,0.02441247,0.02529735,0.4227587,0.9974182,0.01555696,0.02441247,0.02529735,0.4355527,0.9974096,0.02681428,0.02441247,0.02529735,0.4298591,0.9974665,0.02645796,0.02441247,0.02529735,0.4298321,0.9974152,0.02645944,0.02441247,0.02529735,0.4132988,0.9974057,0.02913285,0.02441247,0.02529735,0.4379543,0.9974485,0.02715945,0.02441247,0.02529735,0,0.9981352,0.02436625,0.02441247,0.02529735,0.5422542,0.9973747,0.02505999,0.02441247,0.02529735,0.447496,0.9973863,0.02497729,0.02441247
2021-08,-0.0007655164,0.4094668,0.9973914,0.01725356,0.02975987,-0.0007655164,0.4026671,0.9973719,0.01678676,0.02975987,-0.0007655164,0.4638515,0.997379,0.004057308,0.02975987,-0.0007655164,0.5905926,0.9974059,0.008925264,0.02975987,-0.0007655164,0.5246627,0.9974129,0.0196027,0.02975987,-0.0007655164,0.4285011,0.9973766,0.01672616,0.02975987,-0.0007655164,0.5214722,0.9974293,0.02351168,0.02975987,-0.0007655164,0.5327915,0.9974435,0.02513435,0.02975987,-0.0007655164,0.3784394,0.9974145,0.02234293,0.02975987,-0.0007655164,0.4131436,0.9974327,0.02028958,0.02975987,-0.0007655164,0,0.9981744,0.02970487,0.02975987,-0.0007655164,0.5433391,0.9973823,0.01322154,0.02975987,-0.0007655164,0.4485845,0.9974123,0.01611512,0.02975987
2021-09,-0.03223525,0.498077,0.9974199,-0.04627392,-0.04660521,-0.03223525,0.4861888,0.9973811,-0.04453629,-0.04660521,-0.03223525,0.5222942,0.9973763,-0.04686015,-0.04660521,-0.03223525,0.5788433,0.9973938,-0.03706461,-0.04660521,-0.03223525,0.6639967,0.9973896,-0.0365491,-0.04660521,-0.03223525,0.4980955,0.9974152,-0.03212823,-0.04660521,-0.03223525,0.5099508,0.9974314,-0.0338907,-0.04660521,-0.03223525,0.4738731,0.9974222,-0.031468,-0.04660521,-0.03223525,0.4173613,0.9974075,-0.04124215,-0.04660521,-0.03223525,0.3324376,0.9974094,-0.04181703,-0.04660521,-0.03223525,0,0.9981795,-0.04652157,-0.04660521,-0.03223525,0.5428299,0.9973821,-0.03852879,-0.04660521,-0.03223525,0.448073,0.9973564,-0.03988912,-0.04660521
2021-10,0.01479722,0.6038859,0.9973671,0.03938628,0.07016358,0.01479722,0.6138039,0.9973343,0.03884142,0.07016358,0.01479722,0.7083631,0.9974314,0.03431198,0.07016358,0.01479722,0.5612672,0.9973414,0.03939396,0.07016358,0.01479722,0.458352,0.9974274,0.04797906,0.07016358,0.01479722,0.3930086,0.9974837,0.04441213,0.07016358,0.01479722,0.3839315,0.9974808,0.04492859,0.07016358,0.01479722,0.2884943,0.9975388,0.04945831,0.07016358,0.01479722,0.4368519,0.9974229,0.04453366,0.07016358,0.01479722,0.5400566,0.9974129,0.03591158,0.07016358,0.01479722,0,0.9981768,0.07003152,0.07016358,0.01479722,0.5434435,0.9974283,0.03954588,0.07016358,0.01479722,0.448689,0.9974595,0.04479466,0.07016358
2021-11,-0.00690069,0.5904891,0.9974412,-0.007679517,-0.008034839,-0.00690069,0.5290998,0.9973356,-0.00643469,-0.008034839,-0.00690069,0.6447247,0.9974053,0.001789018,-0.008034839,-0.00690069,0.6042491,0.997412,-0.003605845,-0.008034839,-0.00690069,0.540618,0.997403,-0.0003701717,-0.008034839,-0.00690069,0.4071496,0.9974239,-0.006902568,-0.008034839,-0.00690069,0.4683115,0.9974641,-0.008136461,-0.008034839,-0.00690069,0.3530946,0.9973954,-0.01641521,-0.008034839,-0.00690069,0.3933852,0.9974361,-0.01106331,-0.008034839,-0.00690069,0.4570327,0.9974074,-0.01428729,-0.008034839,-0.00690069,0,0.998266,-0.008020706,-0.008034839,-0.00690069,0.5435418,0.9974309,-0.007223053,-0.008034839,-0.00690069,0.448767,0.9974122,-0.007332575,-0.008034839
2021-12,0.03299094,0.5112513,0.9974128,0.03550737,0.04624877,0.03299094,0.4426618,0.9974376,0.03651888,0.04624877,0.03299094,0.5830223,0.9974107,0.04299412,0.04624877,0.03299094,0.5841014,0.9974236,0.04334333,0.04624877,0.03299094,0.466537,0.9973984,0.04722058,0.04624877,0.03299094,0.4840573,0.9974077,0.04427294,0.04624877,0.03299094,0.5541494,0.9973864,0.04294198,0.04624877,0.03299094,0.4107719,0.9974782,0.03668169,0.04624877,0.03299094,0.4463093,0.997445,0.04254416,0.04624877,0.03299094,0.5282151,0.9974755,0.03240966,0.04624877,0.03299094,0,0.9982666,0.04616675,0.04624877,0.03299094,0.5423302,0.9974153,0.03930978,0.04624877,0.03299094,0.447577,0.997404,0.04056427,0.04624877
2022-01,-0.01678755,0.5835544,0.997407,-0.02522139,-0.05274128,-0.01678755,0.5654932,0.9973972,-0.01097633,-0.05274128,-0.01678755,0.5662905,0.9974166,-0.03781383,-0.05274128,-0.01678755,0.4832164,0.9973757,-0.04795981,-0.05274128,-0.01678755,0.4518253,0.9974279,-0.02527011,-0.05274128,-0.01678755,0.4509013,0.997432,-0.04851459,-0.05274128,-0.01678755,0.4338447,0.9974385,-0.05625417,-0.05274128,-0.01678755,0.4675169,0.9974122,-0.03648834,-0.05274128,-0.01678755,0.5510321,0.9974043,-0.02586239,-0.05274128,-0.01678755,0.5475472,0.9974351,-0.0428995,-0.05274128,-0.01678755,0,0.9982368,-0.05265188,-0.05274128,-0.01678755,0.5446883,0.9973769,-0.0321514,-0.05274128,-0.01678755,0.4499385,0.9974086,-0.03556084,-0.05274128
2022-02,0.06121721,0.2918037,0.9974622,0.009274229,-0.02951701,0.06121721,0.2100301,0.9974109,-0.004555115,-0.02951701,0.06121721,0.1985828,0.997459,-0.01034555,-0.02951701,0.06121721,0.4219565,0.9973774,0.01033102,-0.02951701,0.06121721,0.06995748,0.9973385,-0.02703883,-0.02951701,0.06121721,0.7065421,0.997426,0.02109371,-0.02951701,0.06121721,0.7875237,0.9974871,0.03494914,-0.02951701,0.06121721,0.6227701,0.9974463,0.01149689,-0.02951701,0.06121721,0.576316,0.9974095,0.02011744,-0.02951701,0.06121721,0.9257392,0.9975271,0.05832707,-0.02951701,0.06121721,0,0.998183,-0.0294642,-0.02951701,0.06121721,0.5440872,0.9974216,0.01932032,-0.02951701,0.06121721,0.4493283,0.9974575,0.01072236,-0.02951701
2022-03,0.01272564,0,0.9975462,0.03749797,0.03759042,0.01272564,0,0.9974293,0.03749357,0.03759042,0.01272564,0.1710067,0.9975082,0.04753568,0.03759042,0.01272564,0.4484479,0.9974299,0.01496561,0.03759042,0.01272564,0,0.9973102,0.03748908,0.03759042,0.01272564,0.9975782,0.9975782,0.0126942,0.03759042,0.01272564,0.997573,0.997573,0.01269413,0.03759042,0.01272564,0.8284356,0.9974542,0.002882421,0.03759042,0.01272564,0.6565485,0.9974798,0.0215376,0.03759042,0.01272564,0.99766,0.99766,0.01269526,0.03759042,0.01272564,0,0.9981606,0.03752112,0.03759042,0.01272564,0.5435967,0.9974264,0.02487016,0.03759042,0.01272564,0.4488514,0.9974178,0.02722239,0.03759042
2022-04,-0.02070302,0,0.9975643,-0.08756097,-0.08776902,-0.02070302,0,0.9974483,-0.08755106,-0.08776902,-0.02070302,0.5065002,0.9974636,-0.03517463,-0.08776902,-0.02070302,0.4521474,0.9973973,-0.06774354,-0.08776902,-0.02070302,0,0.99733,-0.08754096,-0.08776902,-0.02070302,0.9975611,0.9975611,-0.02065251,-0.08776902,-0.02070302,0.9975559,0.9975559,-0.0206524,-0.08776902,-0.02070302,0.4914989,0.9973778,-0.07383427,-0.08776902,-0.02070302,0.5957757,0.9974278,-0.0462449,-0.08776902,-0.02070302,0.9976435,0.9976435,-0.02065421,-0.08776902,-0.02070302,0,0.9981742,-0.08761306,-0.08776902,-0.02070302,0.5431765,0.9973777,-0.05135407,-0.08776902,-0.02070302,0.4484136,0.9973757,-0.05771197,-0.08776902
2022-05,-0.03261545,0.03329924,0.9974207,0.001918789,0.002257282,-0.03261545,0,0.997218,0.002251138,0.002257282,-0.03261545,0.4447473,0.9974798,0.004444798,0.002257282,-0.03261545,0.2682992,0.9974299,0.00576304,0.002257282,-0.03261545,0.03328378,0.9972765,0.001925143,0.002257282,-0.03261545,0.9642369,0.9974459,-0.03192522,0.002257282,-0.03261545,0.9974418,0.9974418,-0.03253403,0.002257282,-0.03261545,0.5539493,0.9974134,-0.03386615,0.002257282,-0.03261545,0.7318868,0.9974337,-0.03537284,0.002257282,-0.03261545,0.9642857,0.9974852,-0.03193079,0.002257282,-0.03261545,0,0.9980092,0.002252885,0.002257282,-0.03261545,0.5442801,0.9973971,-0.01617178,0.002257282,-0.03261545,0.4495345,0.997396,-0.01286362,0.002257282
2022-06,-0.01565969,0,0.9973124,-0.08225099,-0.08246075,-0.01565969,0,0.9971309,-0.08223683,-0.08246075,-0.01565969,0.05079232,0.9974087,-0.06649666,-0.08246075,-0.01565969,0.4968045,0.997396,-0.01610526,-0.08246075,-0.01565969,0,0.9973404,-0.08225318,-0.08246075,-0.01565969,0.9974439,0.9974439,-0.01561961,-0.08246075,-0.01565969,0.9974231,0.9974231,-0.01561929,-0.08246075,-0.01565969,0.9485371,0.9974842,-0.03134731,-0.08246075,-0.01565969,0.4492937,0.9974168,-0.08689722,-0.08246075,-0.01565969,0.9974825,0.9974825,-0.01562022,-0.08246075,-0.01565969,0,0.9979469,-0.08230052,-0.08246075,-0.01565969,0.5453184,0.997384,-0.04543325,-0.08246075,-0.01565969,0.4505667,0.9974248,-0.05176609,-0.08246075
2022-07,-0.02588151,0.2493411,0.9973662,0.07468385,0.09208748,-0.02588151,0,0.9971234,0.091815,0.09208748,-0.02588151,0.5209162,0.997397,0.04687961,0.09208748,-0.02588151,0.6816532,0.9974145,0.02672276,0.09208748,-0.02588151,0,0.9973335,0.0918349,0.09208748,-0.02588151,0.5485195,0.9975213,0.008035751,0.09208748,-0.02588151,0.9972683,0.9972683,-0.02581367,0.09208748,-0.02588151,0.6575687,0.9974787,0.0005532898,0.09208748,-0.02588151,0.6597346,0.9975043,0.01500163,0.09208748,-0.02588151,0.9973313,0.9973313,-0.02581523,0.09208748,-0.02588151,0,0.9979415,0.09189249,0.09208748,-0.02588151,0.5406057,0.9974108,0.02659095,0.09208748,-0.02588151,0.4458739,0.9974444,0.03777121,0.09208748
2022-08,-0.02943327,0.5232985,0.9974521,-0.02420901,-0.04080196,-0.02943327,0.4914151,0.9973146,-0.011875,-0.04080196,-0.02943327,0.3037406,0.9974335,-0.003481911,-0.04080196,-0.02943327,0.3522621,0.9974132,-0.006320955,-0.04080196,-0.02943327,0.7061164,0.9974186,-0.03468293,-0.04080196,-0.02943327,0.4305439,0.9975095,-0.05687611,-0.04080196,-0.02943327,0.5061514,0.9975048,-0.05789517,-0.04080196,-0.02943327,0.9109172,0.9974071,-0.02826998,-0.04080196,-0.02943327,0.5101671,0.9975141,-0.05883388,-0.04080196,-0.02943327,0.5083181,0.9975366,-0.05811937,-0.04080196,-0.02943327,0,0.998078,-0.04072284,-0.04080196,-0.02943327,0.5424133,0.9974436,-0.03437133,-0.04080196,-0.02943327,0.4476634,0.9974744,-0.03545033,-0.04080196
2022-09,-0.02888177,0.6464922,0.9974224,-0.05852691,-0.09244497,-0.02888177,0.8363029,0.9981103,-0.04978458,-0.09244497,-0.02888177,0.4847478,0.9974821,-0.04710987,-0.09244497,-0.02888177,0.4717502,0.9974493,-0.05786327,-0.09244497,-0.02888177,0.9313351,0.9985517,-0.03413871,-0.09244497,-0.02888177,0.3529427,0.9974523,-0.06350523,-0.09244497,-0.02888177,0.3158143,0.9975174,-0.05409959,-0.09244497,-0.02888177,0.3916443,0.9974319,-0.05893633,-0.09244497,-0.02888177,0.3463502,0.9974793,-0.06012905,-0.09244497,-0.02888177,0.06886861,0.997487,-0.08706532,-0.09244497,-0.02888177,0,0.9979321,-0.09225809,-0.09244497,-0.02888177,0.5448889,0.9973956,-0.05779445,-0.09244497,-0.02888177,0.4501376,0.9974128,-0.06382248,-0.09244497
2022-10,-0.01784444,0.2357022,0.9974717,0.07028286,0.08127555,-0.01784444,0.1560902,0.9974151,0.06654045,0.08127555,-0.01784444,0.4132828,0.9975087,0.04097326,0.08127555,-0.01784444,0.4878444,0.9974914,0.06468099,0.08127555,-0.01784444,0.1016212,0.9974349,0.06964056,0.08127555,-0.01784444,0.6680078,0.99757,0.02729574,0.08127555,-0.01784444,0.8401003,0.9974792,-0.004393137,0.08127555,-0.01784444,0.7486189,0.997472,0.01537749,0.08127555,-0.01784444,0.2693161,0.9974348,0.03820792,0.08127555,-0.01784444,0.894948,0.9974834,-0.007404819,0.08127555,-0.01784444,0,0.9978496,0.08109455,0.08127555,-0.01784444,0.5414388,0.9974359,0.02634989,0.08127555,-0.01784444,0.4466862,0.9974179,0.03573947,0.08127555
2022-11,0.0849187,0.4583937,0.9973913,0.04539917,0.05559152,0.0849187,0.2724249,0.9974108,0.04484262,0.05559152,0.0849187,0.3096094,0.9975677,0.09360751,0.05559152,0.0849187,0.4584147,0.9974576,0.04212035,0.05559152,0.0849187,0.2775529,0.9974273,0.04309456,0.05559152,0.0849187,0.4869191,0.9974458,0.09672852,0.05559152,0.0849187,0.7255932,0.9974445,0.09551045,0.05559152,0.0849187,0.9100194,0.9974343,0.08030425,0.05559152,0.0849187,0.103091,0.9974611,0.05150901,0.05559152,0.0849187,0.7202718,0.9974206,0.09750159,0.05559152,0.0849187,0,0.9979592,0.055477,0.05559152,0.0849187,0.5452491,0.9974632,0.07163915,0.05559152,0.0849187,0.4505043,0.9974799,0.06886364,0.05559152
2022-12,0.02930647,0.6232303,0.9974471,3.447898e-05,-0.05762725,0.02930647,0.8989242,0.9973853,0.01977505,-0.05762725,0.02930647,0.656281,0.9974768,-0.002886832,-0.05762725,0.02930647,0.4490018,0.9974502,-0.02951233,-0.05762725,0.02930647,0.9020412,0.9974232,0.0205406,-0.05762725,0.02930647,0.4284729,0.9974142,-0.0218801,-0.05762725,0.02930647,0.09998895,0.9974311,-0.04863993,-0.05762725,0.02930647,0.3237804,0.9974342,-0.02692207,-0.05762725,0.02930647,0.5515732,0.9974176,-0.0006417955,-0.05762725,0.02930647,0.09741469,0.9974007,-0.04929702,-0.05762725,0.02930647,0,0.9979711,-0.05751478,-0.05762725,0.02930647,0.5460029,0.9977152,-0.01097151,-0.05762725,0.02930647,0.4512256,0.9976782,-0.01920571,-0.05762725
2023-01,0.05759255,0.7354895,0.9974174,0.05613674,0.06288733,0.05759255,0.730823,0.9974101,0.06803015,0.06288733,0.05759255,0.7873402,0.9974989,0.05519566,0.06288733,0.05759255,0.4861471,0.9974352,0.0591235,0.06288733,0.05759255,0.9384157,0.9974497,0.05734246,0.06288733,0.05759255,0.4452271,0.9974635,0.0550392,0.06288733,0.05759255,0.2669802,0.9974029,0.05187156,0.06288733,0.05759255,0.1130183,0.9974388,0.06549007,0.06288733,0.05759255,0.7135834,0.9974154,0.06121627,0.06288733,0.05759255,0.05959979,0.997439,0.06282629,0.06288733,0.05759255,0,0.9979865,0.0627571,0.06288733,0.05759255,0.5447874,0.9974942,0.05991259,0.06288733,0.05759255,0.4500473,0.9975715,0.06041866,0.06288733
2023-02,-0.05367594,0.9654811,0.9973628,-0.05163145,-0.02514269,-0.05367594,0.922584,0.9974167,-0.05164539,-0.02514269,-0.05367594,0.8883236,0.9974311,-0.05217627,-0.02514269,-0.05367594,0.1314994,0.9973449,-0.02075712,-0.02514269,-0.05367594,0.9523607,0.9973977,-0.05208912,-0.02514269,-0.05367594,0.03102498,0.9973889,-0.02695617,-0.02514269,-0.05367594,0.208612,0.9974368,-0.02972428,-0.02514269,-0.05367594,0.1081936,0.9973868,-0.02647906,-0.02514269,-0.05367594,0.5463055,0.9974317,-0.02201319,-0.02514269,-0.05367594,0.04411175,0.9974339,-0.0264565,-0.02514269,-0.05367594,0,0.9980565,-0.0250937,-0.02514269,-0.05367594,0.5411093,0.9973967,-0.04044282,-0.02514269,-0.05367594,0.4463494,0.9974092,-0.03773907,-0.02514269
2023-03,0.07916127,0.9393326,0.9974641,0.05870966,0.03707827,0.07916127,0.9783289,0.9974971,0.075092,0.03707827,0.07916127,0.2893169,0.9974558,0.04549822,0.03707827,0.07916127,0.3311259,0.9974151,0.03730498,0.03707827,0.07916127,0.9693989,0.9974508,0.07512602,0.03707827,0.07916127,0.1760471,0.9974514,0.1058417,0.03707827,0.07916127,0.01985194,0.9975272,0.04109665,0.03707827,0.07916127,0.4922579,0.9974338,0.05575885,0.03707827,0.07916127,0.6607191,0.9974337,0.07840857,0.03707827,0.07916127,0.0282932,0.9974313,0.04094089,0.03707827,0.07916127,0,0.9980002,0.03700416,0.03707827,0.07916127,0.5440515,0.9974051,0.0607876,0.03707827,0.07916127,0.4492985,0.9974198,0.05679958,0.03707827
2023-04,0.008623513,0.9974982,0.9974982,0.008601624,0.01597499,0.008623513,0.9975918,0.9975918,0.008602443,0.01597499,0.008623513,0.3994768,0.9974591,0.01823051,0.01597499,0.008623513,0.3945425,0.9974029,0.01721011,0.01597499,0.008623513,0.9975092,0.9975092,0.008601721,0.01597499,0.008623513,0,0.9975198,0.01593525,0.01597499,0.008623513,0,0.9976765,0.01593776,0.01597499,0.008623513,0.4330953,0.997399,0.02079301,0.01597499,0.008623513,0.3945757,0.9974758,0.01721118,0.01597499,0.008623513,0,0.9975404,0.01593558,0.01597499,0.008623513,0,0.9980781,0.0159442,0.01597499,0.008623513,0.5446078,0.9973975,0.01196525,0.01597499,0.008623513,0.4498535,0.997441,0.01266281,0.01597499
2023-05,-0.01341991,0.9725959,0.9974701,-0.0132751,0.004616161,-0.01341991,0.8643569,0.9975578,-0.01032987,0.004616161,-0.01341991,0.9298165,0.9974522,-0.01860682,0.004616161,-0.01341991,0.6730758,0.997428,-0.009033264,0.004616161,-0.01341991,0.9975004,0.9975004,-0.01338629,0.004616161,-0.01341991,0.0249678,0.9975102,0.00451605,0.004616161,-0.01341991,0.1333832,0.9976055,0.001513165,0.004616161,-0.01341991,0.06835625,0.9974277,0.00983202,0.004616161,-0.01341991,0.1652681,0.9974271,0.005484039,0.004616161,-0.01341991,0,0.9975594,0.004604954,0.004616161,-0.01341991,0,0.998093,0.004607404,0.004616161,-0.01341991,0.5437826,0.9974173,-0.00495366,0.004616161,-0.01341991,0.4490387,0.9973903,-0.003244564,0.004616161
2023-06,-0.02221369,0.9121027,0.997393,-0.01477562,0.06480075,-0.02221369,0.8746835,0.9973589,-0.005475475,0.06480075,-0.02221369,0.7236864,0.9974019,0.002450209,0.06480075,-0.02221369,0.76856,0.9973907,-0.01843327,0.06480075,-0.02221369,0.9687503,0.997421,-0.02058238,0.06480075,-0.02221369,0.08468484,0.9974454,0.05676114,0.06480075,-0.02221369,0.1222791,0.9973882,0.04683078,0.06480075,-0.02221369,0.2724404,0.9974298,0.03845685,0.06480075,-0.02221369,0.09121295,0.9974238,0.05705134,0.06480075,-0.02221369,0.02827451,0.9975421,0.06296181,0.06480075,-0.02221369,0,0.9981779,0.06467838,0.06480075,-0.02221369,0.5424139,0.9974578,0.01660329,0.06480075,-0.02221369,0.4476522,0.9974217,0.02484692,0.06480075
2023-07,0.02288663,0.9319176,0.9974487,0.02316323,0.03273326,0.02288663,0.9327141,0.9974543,0.02320942,0.03273326,0.02288663,0.8947576,0.9975118,0.02056872,0.03273326,0.02288663,0.9341519,0.9974532,0.02325222,0.03273326,0.02288663,0.9326862,0.9974493,0.02320651,0.03273326,0.02288663,0.06405145,0.997476,0.03229655,0.03273326,0.02288663,0.06388673,0.9974771,0.03227558,0.03273326,0.02288663,0.10168,0.9973862,0.0348051,0.03273326,0.02288663,0.06235665,0.9974522,0.03222581,0.03273326,0.02288663,0.06386262,0.9974784,0.03227316,0.03273326,0.02288663,0,0.9982475,0.0326752,0.03273326,0.02288663,0.5431706,0.9975057,0.02728209,0.03273326,0.02288663,0.4483619,0.997444,0.02821397,0.03273326
2023-08,-0.01277763,0.4986476,0.9973944,-0.01651659,-0.01625199,-0.01277763,0.5808735,0.9973817,-0.0138368,-0.01625199,-0.01277763,0.4943759,0.9974235,-0.01591343,-0.01625199,-0.01277763,0.7667371,0.9973335,-0.01297882,-0.01625199,-0.01277763,0.5005005,0.9974152,-0.01651154,-0.01625199,-0.01277763,0.4995041,0.9973879,-0.01253457,-0.01625199,-0.01277763,0.4082754,0.9974128,-0.01561101,-0.01625199,-0.01277763,0.2862095,0.9974074,-0.01376728,-0.01625199,-0.01277763,0.1682844,0.9974425,-0.01345419,-0.01625199,-0.01277763,0.4970312,0.9973815,-0.01254217,-0.01625199,-0.01277763,0,0.9982338,-0.01622408,-0.01625199,-0.01277763,0.544313,0.9975649,-0.01428585,-0.01625199,-0.01277763,0.4495387,0.9975989,-0.01461582,-0.01625199
2023-09,-0.04760582,0.4543725,0.9973658,-0.01981946,-0.04743414,-0.04760582,0.09614611,0.9973977,-0.04757734,-0.04743414,-0.04760582,0.3396542,0.9974227,-0.07369662,-0.04743414,-0.04760582,0.5711146,0.9974289,-0.05842789,-0.04743414,-0.04760582,0.09416812,0.9973883,-0.04724362,-0.04743414,-0.04760582,0.2738826,0.9974642,-0.02964851,-0.04743414,-0.04760582,0.9011128,0.997403,-0.0470727,-0.04743414,-0.04760582,0.3147275,0.9974154,-0.02832149,-0.04743414,-0.04760582,0.2998136,0.9974621,-0.0255281,-0.04743414,-0.04760582,0.9031388,0.9974065,-0.04741784,-0.04743414,-0.04760582,0,0.99822,-0.04735133,-0.04743414,-0.04760582,0.5439926,0.9977591,-0.04714367,-0.04743414,-0.04760582,0.4492263,0.9977299,-0.04712794,-0.04743414
2023-10,0.07372412,0.2360939,0.9974117,0.02382378,-0.02170862,0.07372412,0.1273563,0.9973686,0.005295787,-0.02170862,0.07372412,0.3032219,0.9974602,0.005143804,-0.02170862,0.07372412,0.3924696,0.9974323,0.01088677,-0.02170862,0.07372412,0.07074613,0.997347,-0.01499487,-0.02170862,0.07372412,0.7194861,0.9974583,0.03211662,-0.02170862,0.07372412,0.827419,0.9974399,0.03254024,-0.02170862,0.07372412,0.6976626,0.9974094,0.04596896,-0.02170862,0.07372412,0.6355043,0.9974395,0.02907244,-0.02170862,0.07372412,0.9285862,0.997426,0.06687419,-0.02170862,0.07372412,0,0.9981608,-0.02166883,-0.02170862,0.07372412,0.5453661,0.9974392,0.02990178,-0.02170862,0.07372412,0.4506107,0.99744,0.02086108,-0.02170862
2023-11,0.02531371,0.1591241,0.9974531,0.09255902,0.09134385,0.02531371,0.1295725,0.9974562,0.09825479,0.09134385,0.02531371,0.1915783,0.9974415,0.073871,0.09134385,0.02531371,0.2670484,0.9974617,0.0815402,0.09134385,0.02531371,0.08482893,0.9974208,0.09306864,0.09134385,0.02531371,0.8383635,0.9974352,0.02396602,0.09134385,0.02531371,0.8686902,0.9974665,0.01849772,0.09134385,0.02531371,0.8024045,0.9974285,0.04256149,0.09134385,0.02531371,0.6907611,0.9974421,0.040066,0.09134385,0.02531371,0.9131907,0.9974369,0.02340479,0.09134385,0.02531371,0,0.9982321,0.09117275,0.09134385,0.02531371,0.5414223,0.9973986,0.05531456,0.09134385,0.02531371,0.4466779,0.9974604,0.06157483,0.09134385
2023-12,0.01282119,0.8482538,0.9974604,0.01593601,0.04565547,0.01282119,0.8482276,0.9973702,0.0159334,0.04565547,0.01282119,0.53805,0.9974015,0.02689981,0.04565547,0.01282119,0.8490174,0.9973724,0.01619118,0.04565547,0.01282119,0.8846157,0.9974285,0.01253363,0.04565547,0.01282119,0.1480188,0.997463,0.04245164,0.04565547,0.01282119,0.1479982,0.9974685,0.04245113,0.04565547,0.01282119,0.4572872,0.9974364,0.03149881,0.04565547,0.01282119,0.1477796,0.9974609,0.04222067,0.04565547,0.01282119,0.1125452,0.9975026,0.0458608,0.04565547,0.01282119,0,0.998323,0.04557709,0.04565547,0.01282119,0.5427531,0.9973997,0.02777387,0.04565547,0.01282119,0.448,0.997454,0.03088717,0.04565547
2024-01,-0.01422817,0.8570671,0.9974406,-0.009122903,0.01592645,-0.01422817,0.8599743,0.9973907,-0.009290182,0.01592645,-0.01422817,0.5639223,0.9973819,-0.0007475868,0.01592645,-0.01422817,0.8069963,0.997363,-0.005372798,0.01592645,-0.01422817,0.919668,0.9975998,-0.012008,0.01592645,-0.01422817,0.1388736,0.9974181,0.01080528,0.01592645,-0.01422817,0.1360747,0.9974782,0.01097904,0.01592645,-0.01422817,0.4565854,0.9974163,0.002800488,0.01592645,-0.01422817,0.188553,0.9974126,0.006970348,0.01592645,-0.01422817,0.07606846,0.9976161,0.01365939,0.01592645,-0.01422817,0,0.9983685,0.0159003,0.01592645,-0.01422817,0.5420166,0.997392,-0.0004786881,0.01592645,-0.01422817,0.4472687,0.9974155,0.002380216,0.01592645
2024-02,0.004563545,0.6232155,0.9974568,0.01898855,0.05218688,0.004563545,0.6247315,0.9974596,0.01868177,0.05218688,0.004563545,0.4850521,0.9973774,0.014786,0.05218688,0.004563545,0.6552776,0.9973765,0.02816211,0.05218688,0.004563545,0.8992917,0.9976955,0.008914468,0.05218688,0.004563545,0.3738313,0.9974233,0.0371845,0.05218688,0.004563545,0.3723718,0.9974158,0.03747525,0.05218688,0.004563545,0.3074976,0.9974187,0.04556611,0.05218688,0.004563545,0.3420714,0.9974177,0.02784144,0.05218688,0.004563545,0.09732672,0.9977395,0.04767571,0.05218688,0.004563545,0,0.9984348,0.05210254,0.05218688,0.004563545,0.5432656,0.997437,0.02606521,0.05218688,0.004563545,0.4485125,0.9974131,0.03057658,0.05218688
2024-03,0.08668322,0.7477865,0.9974808,0.05933968,0.03270184,0.08668322,0.8337213,0.9974919,0.07418184,0.03270184,0.08668322,0.6171291,0.9974234,0.07479856,0.03270184,0.08668322,0.7882899,0.9974039,0.06762054,0.03270184,0.08668322,0.9460917,0.9974754,0.07724452,0.03270184,0.08668322,0.2520406,0.9974302,0.05941682,0.03270184,0.08668322,0.1633652,0.9974292,0.04434555,0.03270184,0.08668322,0.4265805,0.997451,0.05046942,0.03270184,0.08668322,0.2117755,0.9974106,0.05137401,0.03270184,0.08668322,0.0533482,0.997413,0.04171509,0.03270184,0.08668322,0,0.9984864,0.0326516,0.03270184,0.08668322,0.5446084,0.9974447,0.06198606,0.03270184,0.08668322,0.4498517,0.9974644,0.0568692,0.03270184
2024-04,0.029895,0.7359293,0.9975917,0.01632802,-0.04031965,0.029895,0.8637431,0.9975111,0.03302569,-0.04031965,0.029895,0.7337744,0.9974782,0.03881622,-0.04031965,0.029895,0.5861383,0.9974703,0.0280635,-0.04031965,0.029895,0.7497174,0.9975924,0.05823,-0.04031965,0.029895,0.394819,0.9974151,-0.04209327,-0.04031965,0.029895,0.3984518,0.9973901,-0.04239285,-0.04031965,0.029895,0.2912255,0.9974295,-0.05039037,-0.04031965,0.029895,0.414707,0.997387,-0.03819057,-0.04031965,0.029895,0.247245,0.9974286,-0.06605356,-0.04031965,0.029895,0,0.9984756,-0.04025967,-0.04031965,0.029895,0.5470932,0.9974415,-0.002157956,-0.04031965,0.029895,0.452322,0.9974254,-0.008812212,-0.04031965
2024-05,0.01618917,0.7522874,0.9974248,0.02278632,0.0505797,0.01618917,0.2878233,0.9973822,0.05677888,0.0505797,0.01618917,0.532393,0.9974248,0.0157627,0.0505797,0.01618917,0.4538841,0.9974061,0.01935169,0.0505797,0.01618917,0.3857639,0.9974043,0.02076352,0.0505797,0.01618917,0.5573131,0.9974666,0.0468406,0.0505797,0.01618917,0.5532616,0.997423,0.04626771,0.0505797,0.01618917,0.5695603,0.9974081,0.04597774,0.0505797,0.01618917,0.5418197,0.9973968,0.04711544,0.0505797,0.01618917,0.6106566,0.9974018,0.04563421,0.0505797,0.01618917,0,0.9985068,0.05050131,0.0505797,0.01618917,0.5420837,0.9974099,0.0317207,0.0505797,0.01618917,0.4473242,0.9974169,0.03498027,0.0505797
2024-06,-0.001346958,0.8876056,0.9973704,0.003023922,0.0352802,-0.001346958,0.8329808,0.9974622,0.002594865,0.0352802,-0.001346958,0.8380935,0.9973899,0.002816228,0.0352802,-0.001346958,0.6867232,0.997342,0.009463433,0.0352802,-0.001346958,0.8902272,0.9973977,0.002805365,0.0352802,-0.001346958,0.1085201,0.9974668,0.03072788,0.0352802,-0.001346958,0.118958,0.9974505,0.03053739,0.0352802,-0.001346958,0.1576773,0.9974153,0.03074716,0.0352802,-0.001346958,0.130252,0.9974326,0.0295827,0.0352802,-0.001346958,0.1059061,0.9974373,0.0309534,0.0352802,-0.001346958,0,0.9985589,0.03522814,0.0352802,-0.001346958,0.5417182,0.9979753,0.01520756,0.0352802,-0.001346958,0.4469528,0.9979898,0.01868117,0.0352802
2024-07,0.05367192,0.9111856,0.9974053,0.05004045,0.01210907,0.05367192,0.6252726,0.9974465,0.03561172,0.01210907,0.05367192,0.5703822,0.9974155,0.03170323,0.01210907,0.05367192,0.2923647,0.9973248,0.01649769,0.01210907,0.05367192,0.7700259,0.9974749,0.03788719,0.01210907,0.05367192,0.08776389,0.9974235,0.01550773,0.01210907,0.05367192,0.2534489,0.9973764,0.02962685,0.01210907,0.05367192,0.2738287,0.9973673,0.02879411,0.01210907,0.05367192,0.1046835,0.9974665,0.0161352,0.01210907,0.05367192,0.2295384,0.9974387,0.02733919,0.01210907,0.05367192,0,0.9985939,0.01209182,0.01210907,0.05367192,0.5451461,0.997493,0.03452155,0.01210907,0.05367192,0.450365,0.9974085,0.0305831,0.01210907
2024-08,0.02092253,0.2811287,0.9974326,0.05781,0.02336559,0.02092253,0.2152691,0.9974147,0.02691038,0.02336559,0.02092253,0.3107737,0.9974419,0.03816589,0.02336559,0.02092253,0.1085229,0.9973952,0.02117193,0.02336559,0.02092253,0.2122587,0.9974265,0.03255169,0.02336559,0.02092253,0.7146029,0.9974427,-0.0121244,0.02336559,0.02092253,0.7811157,0.9974193,0.01814568,0.02336559,0.02092253,0.6998064,0.9974335,0.02042211,0.02336559,0.02092253,0.5837116,0.9974329,-0.0009807943,0.02336559,0.02092253,0.7844424,0.9974211,0.01269302,0.02336559,0.02092253,0,0.9985783,0.02333268,0.02336559,0.02092253,0.5428395,0.9974645,0.02254381,0.02336559,0.02092253,0.4480852,0.9974463,0.02277073,0.02336559
2024-09,0.05088849,0.4640407,0.997431,0.04556374,0.02100375,0.05088849,0.4640501,0.9974463,0.04556626,0.02100375,0.05088849,0.4714826,0.9974655,0.0514709,0.02100375,0.05088849,0.4640361,0.9973608,0.04556584,0.02100375,0.05088849,0.4640408,0.9973977,0.04556242,0.02100375,0.05088849,0.5338968,0.9974947,0.02575608,0.02100375,0.05088849,0.5339116,0.9974859,0.02575245,0.02100375,0.05088849,0.5263776,0.9974722,0.0258137,0.02100375,0.05088849,0.5339107,0.9974654,0.02575469,0.02100375,0.05088849,0.5339081,0.9974905,0.02575542,0.02100375,0.05088849,0,0.9986168,0.02097485,0.02100375,0.05088849,0.5444254,0.9974763,0.03723535,0.02100375,0.05088849,0.4496589,0.9974573,0.0344017,0.02100375
2024-10,0.0429935,0.7548105,0.997779,0.02087956,-0.008923592,0.0429935,0.7548183,0.9973955,0.02088856,-0.008923592,0.0429935,0.5079602,0.9974779,0.01727247,-0.008923592,0.0429935,0.7548024,0.9973693,0.02088917,-0.008923592,0.0429935,0.7522002,0.9973909,0.02037578,-0.008923592,0.0429935,0.2439736,0.9975786,0.01253017,-0.008923592,0.0429935,0.2439867,0.99757,0.01253262,-0.008923592,0.0429935,0.2303929,0.9974335,0.01065887,-0.008923592,0.0429935,0.2439703,0.9975653,0.01253197,-0.008923592,0.0429935,0.246588,0.9975943,0.01303175,-0.008923592,0.0429935,0,0.998661,-0.008911564,-0.008923592,0.0429935,0.5448405,0.9974831,0.01919531,-0.008923592,0.0429935,0.4500853,0.9974929,0.01427536,-0.008923592
2024-11,-0.03124137,0.2704232,0.9973923,0.03082392,0.05963351,-0.03124137,0.2667005,0.9974576,0.0306594,0.05963351,-0.03124137,0.5487632,0.9974308,0.02634911,0.05963351,-0.03124137,0.4391561,0.9974362,0.02660597,0.05963351,-0.03124137,0.2472672,0.9974562,0.03644347,0.05963351,-0.03124137,0.7232539,0.9974613,-0.002445467,0.05963351,-0.03124137,0.7274925,0.9974344,-0.002289813,0.05963351,-0.03124137,0.5846391,0.9974254,0.008327358,0.05963351,-0.03124137,0.554776,0.9974178,0.001393593,0.05963351,-0.03124137,0.7469436,0.9974463,-0.008059382,0.05963351,-0.03124137,0,0.9986886,0.05955241,0.05963351,-0.03124137,0.5414919,0.9974132,0.01013492,0.05963351,-0.03124137,0.447061,0.9977306,0.01876119,0.05963351
2024-12,-0.01408852,0.5809405,0.9973801,-0.0186627,-0.02406091,-0.01408852,0.5174911,0.9973947,-0.01945642,-0.02406091,-0.01408852,0.5394295,0.9974018,-0.02460365,-0.02406091,-0.01408852,0.552628,0.9973205,-0.01986615,-0.02406091,-0.01408852,0.4918344,0.9974169,-0.0203879,-0.02406091,-0.01408852,0.4156594,0.9974407,-0.01956989,-0.02406091,-0.01408852,0.4795186,0.9974828,-0.01877874,-0.02406091,-0.01408852,0.4577366,0.9974219,-0.01355524,-0.02406091,-0.01408852,0.4443483,0.9974057,-0.01830108,-0.02406091,-0.01408852,0.5051265,0.997415,-0.01782332,-0.02406091,-0.01408852,0,0.9987132,-0.02403003,-0.02406091,-0.01408852,0.5437007,0.9973661,-0.01855395,-0.02406091,-0.01408852,0.4476962,0.9961535,-0.01948499,-0.02406091
2025-01,0.06785611,0.3706472,0.9974533,0.04145282,0.0268564,0.06785611,0.3586122,0.9974151,0.04282179,0.0268564,0.06785611,0.2942214,0.9974296,0.03805938,0.0268564,0.06785611,0.3513898,0.9974095,0.03633424,0.0268564,0.06785611,0.1819676,0.9974309,0.03292389,0.0268564,0.06785611,0.6279672,0.9974357,0.05328352,0.0268564,0.06785611,0.6399106,0.9974615,0.05189676,0.0268564,0.06785611,0.7041711,0.997446,0.05654297,0.0268564,0.06785611,0.6466697,0.9974837,0.05834045,0.0268564,0.06785611,0.8163656,0.9974277,0.06183222,0.0268564,0.06785611,0,0.9987043,0.02682108,0.0268564,0.06785611,0.5441949,0.9974179,0.04929922,0.0268564,0.06785611,0.4492639,0.9972678,0.04539403,0.0268564
2025-02,0.01821627,0.32751,0.9974408,0.005131972,-0.01269483,0.01821627,0.3274855,0.9974275,0.005128677,-0.01269483,0.01821627,0.2550068,0.9974727,0.009915545,-0.01269483,0.01821627,0.3301189,0.997397,0.006192538,-0.01269483,0.01821627,0.2613057,0.9974301,-0.0006668561,-0.01269483,0.01821627,0.6708604,0.9974283,0.0003376841,-0.01269483,0.01821627,0.6708531,0.9974295,0.0003386848,-0.01269483,0.01821627,0.7432474,0.997392,-0.004534894,-0.01269483,0.01821627,0.668212,0.9974185,-0.0007047312,-0.01269483,0.01821627,0.7369537,0.9974128,0.006086469,-0.01269483,0.01821627,0,0.9987209,-0.01267857,-0.01269483,0.01821627,0.543578,0.9974518,0.004210919,-0.01269483,0.01821627,0.4488132,0.9974161,0.001279644,-0.01269483
2025-03,0.09446576,0.3699542,0.9973947,0.003399941,-0.05572002,0.09446576,0.4293564,0.9974147,0.01828117,-0.05572002,0.09446576,0.3706091,0.9974024,0.003080022,-0.05572002,0.09446576,0.3675639,0.9973115,0.002752901,-0.05572002,0.09446576,0.3636076,0.9974138,-0.00236822,-0.05572002,0.09446576,0.6368568,0.9974042,0.0318984,-0.05572002,0.09446576,0.5775173,0.9974197,0.01674543,-0.05572002,0.09446576,0.6365679,0.9973979,0.03219416,-0.05572002,0.09446576,0.63923,0.9973905,0.03256267,-0.05572002,0.09446576,0.6428465,0.9973969,0.0377319,-0.05572002,0.09446576,0,0.9986453,-0.05564774,-0.05572002,0.09446576,0.5483235,0.9974268,0.0243692,-0.05572002,0.09446576,0.4535523,0.9974131,0.01013887,-0.05572002
2025-04,0.05424446,0,0.9973699,-0.008648359,-0.008670159,0.05424446,0,0.9973843,-0.008648479,-0.008670159,0.05424446,0.07702666,0.9975014,0.000944129,-0.008670159,0.05424446,0.08102588,0.9973839,-0.003909429,-0.008670159,0.05424446,0,0.9973874,-0.008648504,-0.008670159,0.05424446,0.9976082,0.9976082,0.05411132,-0.008670159,0.05424446,0.9976716,0.9976716,0.05411484,-0.008670159,0.05424446,0.9195959,0.9975207,0.0459903,-0.008670159,0.05424446,0.9161205,0.997465,0.05186913,-0.008670159,0.05424446,0.9976244,0.9976244,0.05411222,-0.008670159,0.05424446,0,0.998563,-0.008658249,-0.008670159,0.05424446,0.5409424,0.997463,0.02889659,-0.008670159,0.05424446,0.4462188,0.9974367,0.02292001,-0.008670159
2025-05,-0.0005596339,0,0.9975648,0.06268549,0.06284488,-0.0005596339,0,0.9975781,0.06268636,0.06284488,-0.0005596339,0.6105929,0.9974867,0.02431622,0.06284488,-0.0005596339,0.3739286,0.9974608,0.05447602,0.06284488,-0.0005596339,0,0.997581,0.06268655,0.06284488,-0.0005596339,0.997664,0.997664,-0.0005583308,0.06284488,-0.0005596339,0.9977259,0.9977259,-0.0005583653,0.06284488,-0.0005596339,0.7530785,0.9974118,0.01609219,0.06284488,-0.0005596339,0.7949434,0.9974541,-0.004442389,0.06284488,-0.0005596339,0.9976798,0.9976798,-0.0005583396,0.06284488,-0.0005596339,0,0.9986696,0.0627578,0.06284488,-0.0005596339,0.5434839,0.9974318,0.02827145,0.06284488,-0.0005596339,0.4487377,0.9974278,0.03428,0.06284488
2025-06,0.004051383,0.4812441,0.9974731,-0.00305871,0.05138652,0.004051383,0.4283507,0.9974817,-0.00898792,0.05138652,0.004051383,0.7186361,0.9974031,0.00773402,0.05138652,0.004051383,0.4553468,0.9973906,0.04654209,0.05138652,0.004051383,0.428343,0.9974788,-0.008988232,0.05138652,0.004051383,0.5162587,0.9975715,0.05895073,0.05138652,0.004051383,0.5681152,0.9975575,0.06515994,0.05138652,0.004051383,0.2807788,0.9974118,0.05959844,0.05138652,0.004051383,0.5751027,0.9974466,0.03656411,0.05138652,0.004051383,0.5681218,0.9976297,0.06516171,0.05138652,0.004051383,0,0.9987206,0.05131952,0.05138652,0.004051383,0.5407115,0.997419,0.02610837,0.05138652,0.004051383,0.445988,0.9974307,0.03059254,0.05138652
2025-07,-0.006134567,0.9477642,0.9974628,-0.004676179,0.02303148,-0.006134567,0.9477039,0.9974547,-0.004674613,0.02303148,-0.006134567,0.657056,0.9974268,-0.01110811,0.02303148,-0.006134567,0.3151912,0.9973952,0.01464574,0.02303148,-0.006134567,0.9477354,0.9974334,-0.004676015,0.02303148,-0.006134567,0.04997978,0.9975226,0.02150929,0.02303148,-0.006134567,0.04995829,0.997499,0.02150937,0.02303148,-0.006134567,0.2444507,0.9974399,0.01750994,0.02303148,-0.006134567,0.540121,0.9974632,0.009632183,0.02303148,-0.006134567,0.04996096,0.9974643,0.02150848,0.02303148,-0.006134567,0,0.9987776,0.02300292,0.02303148,-0.006134567,0.5433623,0.9974034,0.007154137,0.02303148,-0.006134567,0.4485984,0.9974265,0.009918235,0.02303148
2025-08,0.04987457,0.9449377,0.9974442,0.0485484,0.02051955,0.04987457,0.943077,0.9973977,0.04829562,0.02051955,0.04987457,0.8696327,0.9974011,0.04249842,0.02051955,0.04987457,0.3160315,0.9973473,0.0408782,0.02051955,0.04987457,0.9471308,0.9974492,0.04825227,0.02051955,0.04987457,0.0519167,0.9974278,0.021667,0.02051955,0.04987457,0.05389417,0.9974465,0.02192886,0.02051955,0.04987457,0.1809028,0.9974541,0.03483268,0.02051955,0.04987457,0.4063073,0.9974213,0.05357023,0.02051955,0.04987457,0.04934768,0.9975091,0.02190127,0.02051955,0.04987457,0,0.9988001,0.02049468,0.02051955,0.04987457,0.5437962,0.997441,0.0366668,0.02051955,0.04987457,0.449025,0.9973884,0.03388192,0.02051955
2025-09,0.1175842,0.9481978,0.9975118,0.1131622,0.03562055,0.1175842,0.9454945,0.9974472,0.1126542,0.03562055,0.1175842,0.8651069,0.9974916,0.09580792,0.03562055,0.1175842,0.2963027,0.9973639,0.06278725,0.03562055,0.1175842,0.9480437,0.9974224,0.1131323,0.03562055,0.1175842,0.0503903,0.9974671,0.03957984,0.03562055,0.1175842,0.05244635,0.9974305,0.0399953,0.03562055,0.1175842,0.1240161,0.9974984,0.05831658,0.03562055,0.1175842,0.378042,0.9974582,0.05925218,0.03562055,0.1175842,0.05025151,0.9974645,0.03955431,0.03562055,0.1175842,0,0.9988325,0.03557823,0.03562055,0.1175842,0.5447924,0.9974354,0.07971038,0.03562055,0.1175842,0.4500325,0.9974158,0.07194422,0.03562055
2025-10,0.03558669,0.9784754,0.9975023,0.03222111,0.0238374,0.03558669,0.9891634,0.9975616,0.03499732,0.0238374,0.03558669,0.4247717,0.9974867,0.06888165,0.0238374,0.03558669,0.4145535,0.9974251,0.02977468,0.0238374,0.03558669,0.9784444,0.9974485,0.0322215,0.0238374,0.03558669,0.01999123,0.9974941,0.02720046,0.0238374,0.03558669,0.008935734,0.9974639,0.02429746,0.0238374,0.03558669,0.4854278,0.9974373,-0.01233443,0.0238374,0.03558669,0.3590239,0.9974213,0.02654467,0.0238374,0.03558669,0.01999663,0.9974496,0.02719749,0.0238374,0.03558669,0,0.9988604,0.02381006,0.0238374,0.03558669,0.5433776,0.9973942,0.03180829,0.0238374,0.03558669,0.4486262,0.9974234,0.03068307,0.0238374
2025-11,0.05367815,0.9974689,0.9974689,0.05353995,0.001949975,0.05367815,0.9975573,0.9975573,0.05354478,0.001949975,0.05367815,0.9115297,0.9974343,0.04707355,0.001949975,0.05367815,0.8104252,0.9974496,0.03403871,0.001949975,0.05367815,0.9974289,0.9974289,0.05353777,0.001949975,0.05367815,0,0.9975374,0.001945242,0.001949975,0.05367815,0,0.9974671,0.001945107,0.001949975,0.05367815,0.08625003,0.997502,0.008143644,0.001949975,0.05367815,0.1279375,0.9974361,0.00974925,0.001949975,0.05367815,0,0.9974449,0.001945064,0.001949975,0.05367815,0,0.9988632,0.00194779,0.001949975,0.05367815,0.5451364,0.9973976,0.02982055,0.001949975,0.05367815,0.4503563,0.9973876,0.02492016,0.001949975
2025-12,0.02173353,0.9141889,0.9975482,0.02800576,0.0007980456,0.02173353,0.5133327,0.9975112,0.01198298,0.0007980456,0.02173353,0.8938827,0.9974609,0.0307011,0.0007980456,0.02173353,0.7449799,0.9975177,0.01036329,0.0007980456,0.02173353,0.9765878,0.9975492,0.02287953,0.0007980456,0.02173353,0.08348251,0.9975504,-0.005444205,0.0007980456,0.02173353,0.4380487,0.997498,0.01298994,0.0007980456,0.02173353,0.1222093,0.9974738,-0.009785297,0.0007980456,0.02173353,0.2534599,0.9974942,0.01176415,0.0007980456,0.02173353,0.02073989,0.9974842,-0.000451329,0.0007980456,0.02173353,0,0.9988832,0.0007971532,0.0007980456,0.02173353,0.54423,0.9974282,0.01240125,0.0007980456,0.02173353,0.449462,0.9974342,0.01041595,0.0007980456
2026-01,0.1227322,0.5261228,0.9975044,0.05951964,0.0147378,0.1227322,0.4294626,0.9974829,0.05567093,0.0147378,0.1227322,0.6184931,0.9974946,0.05853832,0.0147378,0.1227322,0.4076379,0.9975087,0.09307851,0.0147378,0.1227322,0.469857,0.9974419,0.05443457,0.0147378,0.1227322,0.4762707,0.9974818,0.07605835,0.0147378,0.1227322,0.519252,0.9975171,0.06943979,0.0147378,0.1227322,0.3831015,0.9974796,0.07724501,0.0147378,0.1227322,0.5921766,0.9975142,0.04229256,0.0147378,0.1227322,0.5327256,0.9974591,0.08186791,0.0147378,0.1227322,0,0.9988956,0.01472133,0.0147378,0.1227322,0.5464758,0.9974343,0.07325478,0.0147378,0.1227322,0.4516993,0.9974435,0.06301079,0.0147378
2026-02,0.08720081,0.5695894,0.9974761,0.04483172,-0.008641993,0.08720081,0.735626,0.9974279,0.06554048,-0.008641993,0.08720081,0.6100446,0.9974969,0.03341374,-0.008641993,0.08720081,0.5914616,0.9976077,0.1145292,-0.008641993,0.08720081,0.5982395,0.9974836,0.03930875,-0.008641993,0.08720081,0.4310196,0.9975192,0.03252335,-0.008641993,0.08720081,0.2652798,0.997443,0.01300251,-0.008641993,0.08720081,0.3926998,0.997474,0.04453255,-0.008641993,0.08720081,0.4066302,0.9976519,-0.03461528,-0.008641993,0.08720081,0.4029627,0.9974544,0.03842408,-0.008641993,0.08720081,0,0.998892,-0.008632477,-0.008641993,0.08720081,0.5459987,0.9974379,0.04358139,-0.008641993,0.08720081,0.451224,0.9974269,0.03449423,-0.008641993
2026-03,-0.1105116,0.6155309,0.9974492,-0.1091241,-0.04937965,-0.1105116,0.5875739,0.9974214,-0.07124365,-0.04937965,-0.1105116,0.4085455,0.9975216,-0.06789511,-0.04937965,-0.1105116,0.6897192,0.997397,-0.09967477,-0.04937965,-0.1105116,0.3173603,0.9973926,-0.09388098,-0.04937965,-0.1105116,0.379728,0.9974803,-0.04686707,-0.04937965,-0.1105116,0.4089019,0.9974741,-0.08586922,-0.04937965,-0.1105116,0.585201,0.9973839,-0.0893534,-0.04937965,-0.1105116,0.3061304,0.9974334,-0.05625288,-0.04937965,-0.1105116,0.6737132,0.9974192,-0.06238546,-0.04937965,-0.1105116,0,0.9988552,-0.0493248,-0.04937965,-0.1105116,0.5406604,0.9974054,-0.08069055,-0.04937965,-0.1105116,0.4459326,0.9973961,-0.074896,-0.04937965
2026-04,-0.01540821,0.4537809,0.9974177,0.03778917,0.1050527,-0.01540821,0.4537768,0.997411,0.03779401,0.1050527,-0.01540821,0.4218323,0.9974449,0.04038835,0.1050527,-0.01540821,0.2907749,0.99745,0.06174027,0.1050527,-0.01540821,0.4740434,0.99743,0.03545017,0.1050527,-0.01540821,0.5412714,0.9975073,0.04824649,0.1050527,-0.01540821,0.5412432,0.9974895,0.04824742,0.1050527,-0.01540821,0.5729361,0.997499,0.04559702,0.1050527,-0.01540821,0.7040039,0.997396,0.02452081,0.1050527,-0.01540821,0.5206484,0.9974713,0.05065211,0.1050527,-0.01540821,0,0.9988977,0.10493,0.1050527,-0.01540821,0.5402342,0.9974301,0.03794999,0.1050527,-0.01540821,0.4455077,0.9974608,0.04936382,0.1050527
2026-05,-0.01543691,0.9067756,0.9974318,-0.009382295,0.05262572,-0.01543691,0.9045585,0.997413,-0.009152355,0.05262572,-0.01543691,0.9099792,0.9974257,-0.009336246,0.05262572,-0.01543691,0.901032,0.9978746,-0.009193463,0.05262572,-0.01543691,0.9067631,0.9974374,-0.009381215,0.05262572,-0.01543691,0.08884717,0.9976551,0.04629856,0.05262572,-0.01543691,0.09161119,0.9974556,0.04602746,0.05262572,-0.01543691,0.08506901,0.9974375,0.0463224,0.05262572,-0.01543691,0.09504786,0.9974451,0.04608681,0.05262572,-0.01543691,0.08883556,0.9976465,0.04629914,0.05262572,-0.01543691,0,0.9989693,0.05257007,0.05262572,-0.01543691,0.5408155,0.997395,0.01532325,0.05262572,-0.01543691,0.4460818,0.9974458,0.02177388,0.05262572
2026-06,-0.1168489,0.5005764,0.9974266,-0.05153667,-0.01029315,-0.1168489,0.5044329,0.9973849,-0.05226943,-0.01029315,-0.1168489,0.8939108,0.9973758,-0.1002168,-0.01029315,-0.1168489,0.5006389,0.9974031,-0.05129568,-0.01029315,-0.1168489,0.8695139,0.9973907,-0.09300954,-0.01029315,-0.1168489,0.4939281,0.9972975,-0.07796857,-0.01029315,-0.1168489,0.4901706,0.9973751,-0.07729156,-0.01029315,-0.1168489,0.101674,0.9974181,-0.02803091,-0.01029315,-0.1168489,0.4939925,0.9973663,-0.07823502,-0.01029315,-0.1168489,0.124796,0.9971932,-0.0357689,-0.01029315,-0.1168489,0,0.9989785,-0.01028281,-0.01029315,-0.1168489,0.5408337,0.9973575,-0.06931082,-0.01029315,-0.1168489,0.446095,0.9973942,-0.05921234,-0.01029315
2026-07,0.008578099,0.238072,0.9974138,-0.00664854,0.0003481661,0.008578099,0.07507815,0.9974443,0.002801466,0.0003481661,0.008578099,0.3260843,0.99737,0.0075466,0.0003481661,0.008578099,0.08892616,0.9973674,0.001322758,0.0003481661,0.008578099,0.238052,0.9973961,-0.006647092,0.0003481661,0.008578099,0.7585541,0.997434,0.01540881,0.0003481661,0.008578099,0.9220142,0.9974228,0.006083409,0.0003481661,0.008578099,0.6717064,0.9976063,0.0007854553,0.0003481661,0.008578099,0.9087108,0.9974145,0.00758979,0.0003481661,0.008578099,0.7585594,0.9974754,0.01541154,0.0003481661,0.008578099,0,0.9989833,0.0003478127,0.0003481661,0.008578099,0.5440186,0.9974283,0.004835629,0.0003481661,0.008578099,0.4492784,0.9974517,0.004056698,0.0003481661
2026-08,0.09926253,0.9583275,0.9975555,0.09636699,0.02679946,0.09926253,0.9155934,0.997092,0.1037897,0.02679946,0.09926253,0.2629296,0.9974325,0.0973509,0.02679946,0.09926253,0.6541981,0.9975613,0.06095981,0.02679946,0.09926253,0.9583167,0.9976168,0.0963614,0.02679946,0.09926253,0.04052804,0.9976134,0.02983687,0.02679946,0.09926253,0.08383541,0.9975158,0.0227669,0.02679946,0.09926253,0.7371062,0.9975776,0.02911812,0.02679946,0.09926253,0.3448497,0.9974231,0.06467635,0.02679946,0.09926253,0.04052625,0.9976133,0.02983957,0.02679946,0.09926253,0,0.9990131,0.02677227,0.02679946,0.09926253,0.5459754,0.9974766,0.0671844,0.02679946,0.09926253,0.4512393,0.9974601,0.06031207,0.02679946
