{
  "n_seeds": 4,
  "seeds": [
    0,
    1,
    7,
    42
  ],
  "mean_ridge_sharpe": 1.1238,
  "mean_eq_sharpe": 0.7984,
  "mean_delta": 0.32541,
  "se_delta": 0.000475,
  "t_stat": 684.487,
  "n_positive": 4,
  "p_value": 0.0625,
  "mean_delta_bear": 0.8879,
  "verdict": "BEATS",
  "gate_delta": 0.1,
  "seed_results": [
    {
      "ridge_sharpe": 1.1233226973726285,
      "ridge_cum_ret": 2.0071660693209865,
      "ridge_max_dd": -0.1765649854620151,
      "ridge_vol": 0.13983948730406767,
      "inv_vol_sharpe": 0.22504891001648447,
      "inv_vol_cum_ret": 0.18125466596734086,
      "inv_vol_max_dd": -0.37186782456243195,
      "inv_vol_vol": 0.14700323300242954,
      "equal_weight_sharpe": 0.7983913859126183,
      "equal_weight_cum_ret": 1.4575863790336183,
      "equal_weight_max_dd": -0.3271048903895453,
      "equal_weight_vol": 0.16853132729337914,
      "ridge_sharpe_bull": 2.088186354210391,
      "ridge_sharpe_bear": 0.34346128490166355,
      "eq_sharpe_bull": 2.945381418400334,
      "eq_sharpe_bear": -0.5919214534474126,
      "delta_ridge_vs_eq": 0.3249313114600102,
      "delta_bear": 0.9353827383490763,
      "n_obs": 1884,
      "n_folds": 5,
      "seed": 0,
      "best_alpha": 100.0,
      "n_switches": 49,
      "regime_counts": {
        "0": 1300,
        "1": 584
      },
      "bull_pct": 0.6900212314225053,
      "elapsed_s": 11.2
    },
    {
      "ridge_sharpe": 1.1236355115715604,
      "ridge_cum_ret": 2.0102072035243563,
      "ridge_max_dd": -0.1765649854620151,
      "ridge_vol": 0.1399325030170895,
      "inv_vol_sharpe": 0.32329791354407106,
      "inv_vol_cum_ret": 0.31877400207172046,
      "inv_vol_max_dd": -0.37186782456243195,
      "inv_vol_vol": 0.14864658393037403,
      "equal_weight_sharpe": 0.7983913859126183,
      "equal_weight_cum_ret": 1.4575863790336183,
      "equal_weight_max_dd": -0.3271048903895453,
      "equal_weight_vol": 0.16853132729337914,
      "ridge_sharpe_bull": 2.125070298821294,
      "ridge_sharpe_bear": 0.24057661624846152,
      "eq_sharpe_bull": 2.664237611823489,
      "eq_sharpe_bear": -0.6035605706891103,
      "delta_ridge_vs_eq": 0.3252441256589421,
      "delta_bear": 0.8441371869375718,
      "n_obs": 1884,
      "n_folds": 5,
      "seed": 1,
      "best_alpha": 100.0,
      "n_switches": 45,
      "regime_counts": {
        "0": 1293,
        "1": 591
      },
      "bull_pct": 0.6863057324840764,
      "elapsed_s": 13.4
    },
    {
      "ridge_sharpe": 1.1230624261610904,
      "ridge_cum_ret": 2.006368236009543,
      "ridge_max_dd": -0.1765649854620151,
      "ridge_vol": 0.13984038574315538,
      "inv_vol_sharpe": 0.20062433927715342,
      "inv_vol_cum_ret": 0.1500078580339821,
      "inv_vol_max_dd": -0.37186782456243195,
      "inv_vol_vol": 0.14708490162675433,
      "equal_weight_sharpe": 0.7983913859126183,
      "equal_weight_cum_ret": 1.4575863790336183,
      "equal_weight_max_dd": -0.3271048903895453,
      "equal_weight_vol": 0.16853132729337914,
      "ridge_sharpe_bull": 2.103345259741388,
      "ridge_sharpe_bear": 0.2586114535711716,
      "eq_sharpe_bull": 2.705752886465467,
      "eq_sharpe_bear": -0.596838511387533,
      "delta_ridge_vs_eq": 0.32467104024847215,
      "delta_bear": 0.8554499649587046,
      "n_obs": 1884,
      "n_folds": 5,
      "seed": 7,
      "best_alpha": 100.0,
      "n_switches": 47,
      "regime_counts": {
        "0": 1304,
        "1": 580
      },
      "bull_pct": 0.692144373673036,
      "elapsed_s": 11.5
    },
    {
      "ridge_sharpe": 1.1251832040564451,
      "ridge_cum_ret": 2.0128627472283664,
      "ridge_max_dd": -0.1765649854620151,
      "ridge_vol": 0.1398325069345608,
      "inv_vol_sharpe": 0.23483345100072908,
      "inv_vol_cum_ret": 0.1940533681003438,
      "inv_vol_max_dd": -0.37186782456243195,
      "inv_vol_vol": 0.1470396867868059,
      "equal_weight_sharpe": 0.7983913859126183,
      "equal_weight_cum_ret": 1.4575863790336183,
      "equal_weight_max_dd": -0.3271048903895453,
      "equal_weight_vol": 0.16853132729337914,
      "ridge_sharpe_bull": 2.0934658254019647,
      "ridge_sharpe_bear": 0.2879072520207399,
      "eq_sharpe_bull": 2.7941911069433565,
      "eq_sharpe_bear": -0.6287804062022953,
      "delta_ridge_vs_eq": 0.32679181814382685,
      "delta_bear": 0.9166876582230352,
      "n_obs": 1884,
      "n_folds": 5,
      "seed": 42,
      "best_alpha": 10.0,
      "n_switches": 47,
      "regime_counts": {
        "0": 1297,
        "1": 587
      },
      "bull_pct": 0.6884288747346072,
      "elapsed_s": 10.0
    }
  ]
}