{
  "n_seeds": 4,
  "seeds": [
    0,
    1,
    7,
    42
  ],
  "mean_ridge_sharpe": 0.1284,
  "mean_inv_vol_sharpe": 0.1108,
  "mean_eq_sharpe": 0.1066,
  "mean_delta_ridge_vs_eq": 0.021713,
  "se_delta": 0.000645,
  "t_stat": 33.682,
  "n_positive": 4,
  "p_value": 0.0625,
  "verdict": "NO BEATS",
  "gate_delta": 0.1,
  "seed_results": [
    {
      "ridge_sharpe": 0.1292306605218523,
      "ridge_cum_ret": -0.4139775027758995,
      "ridge_max_dd": -0.8238395088753079,
      "ridge_vol": 0.5488668039374157,
      "inv_vol_sharpe": 0.10872578014534645,
      "inv_vol_cum_ret": -0.441665468761237,
      "inv_vol_max_dd": -0.8197856762474875,
      "inv_vol_vol": 0.5394353842334585,
      "inv_var_sharpe": 0.12383618513353235,
      "inv_var_cum_ret": -0.37487299195334733,
      "inv_var_max_dd": -0.8040762362232186,
      "inv_var_vol": 0.5177442397683691,
      "equal_weight_sharpe": 0.10664998591372557,
      "equal_weight_cum_ret": -0.4787737589380787,
      "equal_weight_max_dd": -0.8361085829372715,
      "equal_weight_vol": 0.5601626289435983,
      "delta_ridge_vs_eq": 0.02258067460812674,
      "delta_invvol_vs_eq": 0.002075794231620881,
      "delta_ridge_vs_invvol": 0.020504880376505857,
      "best_alpha": 0.01,
      "n_obs": 1676,
      "n_folds": 5,
      "seed": 0,
      "elapsed_s": 0.0
    },
    {
      "ridge_sharpe": 0.12970248527486386,
      "ridge_cum_ret": -0.41169609203638735,
      "ridge_max_dd": -0.8223834072444799,
      "ridge_vol": 0.5481295037962977,
      "inv_vol_sharpe": 0.11289982548504651,
      "inv_vol_cum_ret": -0.43123997073265796,
      "inv_vol_max_dd": -0.8181794188421473,
      "inv_vol_vol": 0.5381354574690769,
      "inv_var_sharpe": 0.1300126751437462,
      "inv_var_cum_ret": -0.3580130488239135,
      "inv_var_max_dd": -0.801133684216637,
      "inv_var_vol": 0.5155928586538044,
      "equal_weight_sharpe": 0.10664998591372557,
      "equal_weight_cum_ret": -0.4787737589380787,
      "equal_weight_max_dd": -0.8361085829372715,
      "equal_weight_vol": 0.5601626289435983,
      "delta_ridge_vs_eq": 0.02305249936113829,
      "delta_invvol_vs_eq": 0.006249839571320942,
      "delta_ridge_vs_invvol": 0.016802659789817348,
      "best_alpha": 0.01,
      "n_obs": 1676,
      "n_folds": 5,
      "seed": 1,
      "elapsed_s": 0.0
    },
    {
      "ridge_sharpe": 0.12724274930045915,
      "ridge_cum_ret": -0.41783006874340367,
      "ridge_max_dd": -0.8249503422963271,
      "ridge_vol": 0.5486121015927493,
      "inv_vol_sharpe": 0.1095621866098415,
      "inv_vol_cum_ret": -0.43878992290808827,
      "inv_vol_max_dd": -0.8211098278489969,
      "inv_vol_vol": 0.5385986786868775,
      "inv_var_sharpe": 0.12421059567557774,
      "inv_var_cum_ret": -0.3718875472228723,
      "inv_var_max_dd": -0.805730341170942,
      "inv_var_vol": 0.5162755567995502,
      "equal_weight_sharpe": 0.10664998591372557,
      "equal_weight_cum_ret": -0.4787737589380787,
      "equal_weight_max_dd": -0.8361085829372715,
      "equal_weight_vol": 0.5601626289435983,
      "delta_ridge_vs_eq": 0.020592763386733576,
      "delta_invvol_vs_eq": 0.0029122006961159325,
      "delta_ridge_vs_invvol": 0.017680562690617643,
      "best_alpha": 0.01,
      "n_obs": 1676,
      "n_folds": 5,
      "seed": 7,
      "elapsed_s": 0.0
    },
    {
      "ridge_sharpe": 0.12727458325462376,
      "ridge_cum_ret": -0.4177491076053621,
      "ridge_max_dd": -0.8243217910942386,
      "ridge_vol": 0.5486122894935982,
      "inv_vol_sharpe": 0.1122099425812564,
      "inv_vol_cum_ret": -0.43324698021490005,
      "inv_vol_max_dd": -0.8205247790764059,
      "inv_vol_vol": 0.538452069132608,
      "inv_var_sharpe": 0.12738152973870534,
      "inv_var_cum_ret": -0.3641959162318231,
      "inv_var_max_dd": -0.8044079715935211,
      "inv_var_vol": 0.5157691966375191,
      "equal_weight_sharpe": 0.10664998591372557,
      "equal_weight_cum_ret": -0.4787737589380787,
      "equal_weight_max_dd": -0.8361085829372715,
      "equal_weight_vol": 0.5601626289435983,
      "delta_ridge_vs_eq": 0.020624597340898193,
      "delta_invvol_vs_eq": 0.005559956667530827,
      "delta_ridge_vs_invvol": 0.015064640673367366,
      "best_alpha": 0.01,
      "n_obs": 1676,
      "n_folds": 5,
      "seed": 42,
      "elapsed_s": 0.0
    }
  ]
}